分类 (Category),中文描述 (Description),提示词 (Prompt)
NSFW,NSFW,NSFW
二次元,白毛,"red eyes
write hairs
girl
simle
open legs"
二次元,beauty mark,beauty mark
二次元,少女与异形,"masterpiece, best quality, sky, on the ocean, in the ocean, comic, ojousama, "
二次元,太空,"ahoge,blue_hair/blue_eyes,standing,hand on own face,space,light smile,upper body,from side,"
二次元,少女前线,girls' frontline
二次元,李素裳,"masterpiece, best quality,highly detailed,,"
二次元,114514l,"masterpiece, best quality,highly detailed,,top-down bottom-up,long_hair,black_hair/black_eyes,tongue out,no_bra,thong leotard,highres,mature female,,from above,full body,dynamic angle ,starry sky,ruins,extremely detailed CG unity 8k wallpaper,photo (medium) ,solo,knife and sword,long_hair,black hair,looking afar,standing,arm up,serious,eyes visible through hair,collared shirt,pants,pantyhose,leather shoes,elbow_gloves,hair flower,flat_chest,cinematiclighting,"
二次元,123,"between legs,miniskirt,pantyhose,blunt_bangs,"
二次元,明日方舟水月,"{best quality}, 1boyasterpiece}}, {highres}, original, extremely detailed 8K wallpaper, 1boy,Deep blue cap, holding transparent umbrella, Short blue hair,black tights,arknights,Off shoulder transparent raincoat,Pink eyes,comic,cute, shota, Black shorts,Black rain boots,Black belt,:>,Black gloves,Blue fingertip,{an extremely delicate and beautiful}"
二次元,2,"masterpiece, best quality,highly detailed,,top-down bottom-up,long_hair,black_hair/black_eyes,tongue out,no_bra,thong leotard,highres,mature female,,from above,full body,dynamic angle ,starry sky,ruins,extremely detailed CG unity 8k wallpaper,photo (medium) ,solo,knife and sword,long_hair,black hair,looking afar,standing,arm up,serious,eyes visible through hair,collared shirt,pants,pantyhose,leather shoes,elbow_gloves,hair flower,flat_chest,cinematiclighting,,"
二次元,测试,"cinematic angle,{{{masterpiece}}},{extremely detailed CG unity 8k wallpaper},best quality,Amazing,finely detail,solo,cinematic lighting,close-up,{{floating hair}},{{Sakura}},outdoors,sky,{{wind}},detailed background,beautiful detailed eyes,,bright pupils,{{full body}}, dynamic pose,dynamic angle,looking at viewer,detailed clothes,,full body,battlefield,ruins,comic,solo,which,short_hair,short_hair,green_hair/green_eyes,standing,sad,frown,wind coat,"
二次元,JK女孩,"pink hair, loli, school uniform, long hair, glasses, hair ribbon, white stocking, at school"
二次元,水手服正太,"serafuku,shorts,kneehighs,leather shoes,"
二次元,少女,Xiao Qingyi Single ponytail cheongsam black
二次元,无,"messy_hair,short_hair,short_ponytail,white_hair/blue_ey,looking at viewer,walk,pants,casual wear,black stocking,lace-up boots,tiny_chest,poster"
二次元,无,"masterpiece, best quality, solo, loli, kawaii, adorable girl, bishoujo, kemonomimi_mode, light smile, light blush, head tilt,blue eye，"
二次元,和风妹抖装×芙兰二小姐(东方project人物),"blonde hair,pink headset,pink cat ears,long hair,side ponytail,ahoge,hairclip,red eyes,cherry blossoms,little girl,child,purple ribbon,pink and blue kimono,pink kimono,white stockings,machine,leg ribbon,leg ribbon,pink sleeves,furisode,{{flandre scarlet}},leaning to the side, yellow eyes, maid,"
二次元,白毛红瞳黑丝,"white long hair,suit,pistol,black stockings,red eyes"
二次元,紫殊,"Green hair，Purple gem eyes，Butterfly, sweater, cute, illustration"
二次元,1,"long wavy curly hair,(an extremely delicate and beautiful),(((masterpiece))),((best quality)),1girl,((an extremely delicate and beautiful girl)),female focus on,((gorgeous hair_ornament)),{{beijing opera}},((Ink wash painting)),((ink splashing)),((chinese painting)),(((illustration))),((color splashing)),beautiful detail,beautiful detailed eyes,"
二次元,1,"masterpiece, best quality, artbook, girl, loli, long hair, heart in eye, heart-shaped pupils, pantyhose, asian, "
二次元,小改改,"tag：masterpiece, best quality, extremely detailed CG unity 8k wallpaper, 1girl, beautiful purple eyes, wavy silver hair, crying, water eyes, looking at viewers, delicate Gothic evening gown, detailed lace and decorative border, detailed lace glove, detailed jewelry necklace, jewelry earrings, hair flower, snow, fog, violet garden, magnificent palaces, mountains, forests, night, detailed colorful star sky, cinematic lighting, super detLarge depth of field, oil
"
二次元,橙子,"best quality,highly detailed,masterpiece,ultra-detailed,illustration,wallpaper,1girl,bare shoulders,long bangs,azure hair,bright_eyes,red eyes"
二次元,狐狸,"fox_ears,anklet,chest, more abdominal muscle,"
二次元,w,",genshin impact,cat_pose,ahoge,maid,lolita_fashion,comic"
二次元,戴眼镜的长发帅哥,"Wear eyes,Long haired handsome man"
二次元,蓝发少女,adult a girl Blue hair blue eyes 
二次元,小奈,Girl pink hair pink eyes cute 
二次元,adiuahodw,"gloves ,solo,short_hair,looking at viewer,standing,black_hair/black_eyes,arms behind back,expressionless,heterochromia,headphone,wind coat,boots,mature male,scarf,character design,"
二次元,御姐,"best quality,highly detailed,masterpiece,ultra-detailed,{photorealistic},"
二次元,漏内裤幼女,"insertionExtreme expansionstomach protrusion,azur lane,infant,kemono,"
二次元,学生,"garter straps garter belt,pleated skirt,school uniform,leather shoes,"
二次元,认真讨论的女记者,"girl,yellow cloth,glass,short hair,black hair"
二次元,魔法师魅魔,girl，cat ears，Succubus，boobs，wife，sorcerer
二次元,yuyuko,"Saigyouji yuyuko,very cool girl wearing cyberpunk intricate streetwear, beautiful, detailed portrait, intricate complexity, by krenz cushart, kyoto animation, greg rutkowski, wlop. 4 k, beautiful, cinematic dramatic atmosphere,"
二次元,少女,"Light blue hair, three or seven bangs, a girl, smile, sunshine, classical."
二次元,机甲少女,"girl,There is a red reactor on the chest, red clothes, red eyes, red hair and a ponytail."
二次元,新,"White hair, three nothing, girl, bandage,Cherry blossoms,selfiemirror,monochrome,Chinese style,twintails,red_hair/red_eyes,light smile,pleated skirt,flat_chest,"
二次元,谷子,"girl,tiger Ears,Yellow eyes,tiger tail,Brown hair,furry,tigeress,kemono,fur,Short hair,Chinese style clothing,Coffee hair,Golden eyes,loli,1 girl"
二次元,mie,"long_hair,long hair,right side temple hair,left side temple hair,white hair,white_hair/blonde_eyes,white_hair,looking at viewer,smile,Long skirt,wings,necklace,flat_chest,backlighting,"
二次元,白毛御姐,white_hair red_eyes long_hair chemise leggings caramelldansen
二次元,小可爱,"long_hair,long hair,right side temple hair,left side temple hair,white hair,white_hair/blonde_eyes,white_hair,looking at viewer,smile,Long skirt,wings,necklace,flat_chest,backlighting,,"
二次元,测试,"{{masterpiece}},{best quality},{solo},highres,extremely detailed CG wallpaper,extremely detailed figure,Amazing,one girl {inside the church and grasses} with very long black hair and hold a {luminous} flower in hands,night with bright colorful lights whith richly layered clouds and clouded moon in the detailed sky,{many} glowing black {feathers},extremely detailed eyes,finely detail,detailed face,a lot of glowing particles,{crying} and smile,{black wing},Depth of field,perspective,{sacred feeling}  "
二次元,红发战士,"Red hair,black skin,Warrior, one-handed sword, magical world, red eye"
二次元,第一,"very_long_hair,black hair,eye contact,crying,standing,reaching,surprised,aquagradient eyes,hoodie,street wear,socks,sneakers,mittens,ribbon,umbrella,thigh strap,cityscape,"
二次元,可爱的jk,"High school students，brown hair，fleece，lovely，girl，masterpiece, best quality,"
二次元,Warma,"white hair,red eyes,flat_chest,school uniform,twin_braids,smile"
二次元,桐谷和人,"Kirigaya Kazuto,black shirt, black cloak decorated with white lines, black short hair, black half finger gloves, black long sword in hand, light blue double-edged sword on the back, round face, black eyes"
二次元,苏州,"Anime, beautiful girl, junior high school girl, sense of detail, Suzhou, street, Jiangnan, light shadow, shoulder length short hair, student hat, white canvas bag, black skirt, knitted coat, street lamp, white knee socks, green canvas shoes, osmanthus tree, sunset, correct proportion, pedestrian, self driving, sense of light and shadow, roadside tree, running water, anime"
二次元,正太,"masterpiece, best quality,little boy,shota,angel,white hair,short_ponytail,short hair,crossed bangs,nose blush,beautiful detailed eyes,heterochromia blue red,heart-shaped pupils,barefoot,bare_legs,crop top,halo"
二次元,三角形,"lowres, bad anatomy, bad hands, text, error, missing fingers, extra digit, fewer digits, cropped, worst quality, low quality, normal quality, jpeg {{masterpiece}},1 girl,best quality,Stain blood on the body,Yandere,Yandere smiles,artifacts, signature, watermark, username, blurry, bad feet,"
二次元,csc,"looking at viewer,(from side:1.2),( head tilt:1.65),(leaning_back:1.25),full body,treehouse,bulletproof_vest,,torn clothes,white_hair,red_eyes,combat boots,Ushanka,red Soviet,"
二次元,哥特风少女,"masterpiece, best quality, dusk, sunset, on the beach, comic, absurdres, wallpaper, girl, loli, nun, absurdly long hair, white hair, low-tied long hair, high ponytail, hair behind ear, red hairband, embarrassed , white eyebrows, heart-shaped pupils, stretch, cape, gothic, barefoot, white thighhighs, white garter straps, lace-trimmed legwear, collar, "
二次元,源赖光妈妈,Minamoto no Raikou，Thights，fanbox，footjob，purple bodysuit，leg lift，
二次元,军装少女,"1girl,military uniform,white gloves,flat chest,long hair,white shirt"
二次元,SHIDE,"(((masterpiece))), (((best quality))), ((ultra-detailed)), (illustration), ((an extremely delicate and beautiful)),dynamic angle,floating, (beautiful detailed eyes), (detailed light),ultrahigh resolution,shy girl,（brown hair/hirblack eye）,a beautiful,（bathroom）,（(A towel around the body）),very delicate water,（mist）"
二次元,原神，胡桃,"The best, highest quality, masterpiece, JK uniform, black hat with a plum blossom, red plum blossom shaped pupils, small chest, sitting on the bed, perfect face"
二次元,虚灵神狼,"{Black hair}, golden vertical pupil, black and white jacket, ((A girl has four arms. ))), ((Esdeath)), ((masterpiece)), (((super meticulous)), ((illustration)), ((unkempt hair)), ((ornaments)), (1 girl), (solo), dynamic angle,Beautiful eyes, overexposure, ((bad smile)), blunt bangs on the side, hair"
二次元,帅气,Foggy grey hair，Blindfold hair，Blue grey eyes，suit，expressionless，Wolf tail hairstyle，
二次元,胡桃,"genshin imfact hutao，girl，brown hair with a little red, hat"
二次元,j,"white pantyhose,heavy breathing,short_hairkneeling&setting on floot,tank top,leather shoes,,"
二次元,风衣大姐,"backlighting,side_ponytail,soviet poster,wind coat,looking away,walk,"
二次元,日本女高中生,"Black hair, black eyes,sailor suit,eyeshade"
二次元,正太,"Little boy, short white hair, cat ears, red fox eyes, black round glasses collar, cool, cute, earrings, fox tail"
二次元,白发红瞳猫娘,"best quality, masterpiece, highere, original, extremely detailed 8k wallpaper, 1girl, black tights, cat ears, white hair, red eyes, maid, anextremely delicate and beautiful"
二次元,赛博人,"blonde_hair/yellow_eyes,messy_hair,standing,clenched hands,facing viewer,Loong, dragon background, loong background,colorful startrails,firearms,Samurai Sword,Tactical bulletproof vest,backpack,beret,bulge,doll joints,fingerless gloves,"
二次元,找亲人的少女,"1girl,Dark red cap,blind in one eye,Orange hair,poker face,dark rad windbreaker,brown silk stockings,flame boots and gloves,"
二次元,二次元萝莉,"best quality, masterpiece, highres, original, extremely detailed 8K wallpaper, 1girl, black tights, cat ears, white hair, red eyes, maid, an extremely delicate and beautiful，"
二次元,兴奋的萝莉,"head tilt,turning left,looking down,looking up,nude,loil,tears,bedroom,shy,wet,gold hair,long hair,cute"
二次元,月下水上白丝小女孩（正）,"extremely detailed CG unity 8k wallpaper，{best quality}, {{masterpiece}}, {highres}, original, {an extremely delicate and beautiful},{{{{1girl}}}},moonlight，{full moon}，surface of the water，inverted reflection in water，White dress，Flying petals，very_long_hair,flat_chest,hair ribbon,veil mouth veil,"
二次元,我去，初音未来！,"Hatsune Miku, blue-green ponytail, formula suit, performs on the stage."
二次元,彩虹,"best quality, masterpiece, highere, original, extremely detailed 8k wallpaper, 1girl, black tights, cat ears, white hair, red eyes, maid, anextremely delicate and beautiful,"
二次元,试一试,"arknights,masterpiece,best quality,official art,extremely detailed CG unity 8k wallpaper,{{{kaltsit (arknights)}}},light green white hair,empty eyes,expressionless,bare_shoulders, detached_sleeves, flat_chest,mature female, {backless dress},medium hair, light green eyes,cat ears,highres,,"
二次元,狐耳少年,"Girl,fox ears,Long white hair,A little red hair,Red eyes"
二次元,不屑的御姐,"chinese clothes,china dress,,best quality, masterpiece, highere, original, extremely detailed 8k wallpaper, 1girl, black tights, cat ears, white hair, red eyes, maid, anextremely delicate and beautiful,bikini,"
二次元,Z,"chinese clothes,china dress,,Black hair, black eyes,sailor suit,eyeshade,Black hair, black eyes,sailor suit,eyeshade,miniskirt,squatting,top-down_bottom-up,"
二次元,我不到啊,"Little boy, short white hair, cat ears, red fox eyes, black round glasses collar, cool, cute, earrings, fox tail,curly_hair,gradient hair,green hair,Vaporwave,vampire,handjob gesture,crossed legs,drunk,crazy eyes,wind coat,shorts,fingerless gloves,sneakers,wire,"
二次元,东云绘名(project_sekai),"{{{shinonome ena}}},{{{masterpiece}}}, best quality,extremely detailed CG unity 8k wallpaper,1girl,solo,brown eyes, brown hair, bob cut, hair ornament, side braid, swept bangs,hair ribbon, short hair, school uniform,black pantyhose,window,tsundere,project_sekai"
二次元,开心,"knees together feet aparbeautiful detailed,{{masterpiece}},best quality,ultra-detailed,extremely detailed CG,8k_wallpaper,watercolor (medium),gilt border,god rays,cinematic lighting,an extremely delicate and beautiful girl,[snowy starry night],[ruins],gothic architecture,long black blue hair,[white streaked hair],a patch over one eye,[beautiful detailed wathet blue left eye],[star-shaped pupil],dark skin,[wheat_color skin],evening dress,blue collars,elbow_gloves,smile,white birds upper body,t,"
二次元,你数数,"extremely detailed CG unity 8k wallpaper，{best quality}, {{masterpiece}}, {highres}, original, {an extremely delicate and beautiful},{{{{1girl}}}},moonlight，{full moon}，surface of the water，inverted reflection in water，White dress，Flying petals，very_long_hair,flat_chest,hair ribbon,veil mouth veil,,"
二次元,美少女," ((masterpiece),(best quality),(ultra - detailed),(illustration),(an extremely delicate and beautiful,(beautiful detailed bule eyes),(detailed light),(beautifully sky),(1girl),((harem outfit)(shinelight), (lighting particle),(illustration)【watercolor】(chinese style)1)(colorful)painted,highly"
二次元,月下水上白丝小女孩（负）（种子274538177）,"ahoge,messy_hair,black_hair/black_eyes,school uniform,papilla,"
二次元,萝莉,"(little girl),((Crazy and angry smile)), (slit pupils), (((masterpiece))), ((best quality)), (super delicate), (illustration), (floating hair), bat, red moon,(slim legs), {(big white cloth hat)}, (1 girl), ( bat wings), (light blue hair), red eyes, short hair, castle, beautiful and delicate eyes, (small chest), (Black and white tight lace skirt), blood ,"
二次元,露米娅（东方project角色）,"(rumia),short hair,cute,cityspace,sun,red_eyes,kawaii,cute face,masterpiece,best quality,official art,extremely detailed CG unity 8k wallpaper,ray tracing,{best quality}, {{masterpiece}}, {highres}, original, extremely detailed 8K wallpaper, {an extremely delicate and beautiful},,incredibly_absurdres,colorful,intricate detail,artbook,,incredibly_absurdres"
二次元,因幡帝（东方project角色）（高质量）,"(tewi_inaba),pink dress,black hair,short hair,cute,cityspace,sun,red_eyes,kawaii,cute face,masterpiece,best quality,official art,extremely detailed CG unity 8k wallpaper,ray tracing,{best quality}, {{masterpiece}}, {highres}, original, extremely detailed 8K wallpaper, {an extremely delicate and beautiful},,incredibly_absurdres,colorful,intricate detail,artbook,,incredibly_absurdres"
二次元,猫娘,"1girl, {{flower field}},summer_dress,{{masterpiece}},beautiful detailed eyes, long hair,{{beautiful face}},{{beautiful hands}},strong rim light,,depth of field,lens flare,{{{full body}}},{{wide shot}},tyndall effect,{{beautiful legs}},{{stand}}, photo (medium), {{dusk}},{nightfall},bokeh,,blonde hair,{{field}},starshine,{firefly},{{butterfly}}"
二次元,嘿嘿,"girl,cute,girl white hair,white eyes,lowres,floating in blue sky and clouds,one small blue flower ornaments,angel wings
"
二次元,YEEEEE,"pov,classroom,magazine scan,solo,Perfect female body,low ponytail,messy_hair,black_hair/black_eyes,facing viewer,standing,double peace hand,blush,soaked,school uniform,plaid skirt,kneehighs,leather shoes,flat_chest,"
二次元,姐姐,"masterpiece, best quality,extremely detailed CG unity 8k wallpaper,((gorgeous red long skirt)),Red shawl, red long sleeve,((((dress has golden phoenix pattern on it)))),black hair,Red eyes,((gentle)),(((nice headpiece))),(Gorgeous crown),((detail ornaments)),(flowers),gentle smile,the tiny gold bracelet,beautiful eyeliner,beautiful detailed girl,an extremely delicate and beautiful girl,beautiful detailed eyes,"
二次元,二次元女孩,"loli,tail(best quality), ((masterpiece)), ((ultra-detailed)),(highres), original,(illustration), ((detailed light)),(an extremely delicate and beautiful),(colorful)watercolor (medium) ,(((straight-on))),(cyberpunk),(stage),((cute face)),succubus,((detailed school_uniform)),frills,(skirt1.2),fingerless gloves , (Microphone,singing song,happy,)demon hron,demon wings,thigh strap,(headset),(heart tattoo),delicate fingers,sharp_fingernails,"
二次元,1,"(best quality), ((masterpiece)), ((ultra-detailed)),(highres), original,(illustration), ((detailed light)),(an extremely delicate and beautiful),(colorful)watercolor (medium) ,(((straight-on))),(cyberpunk),(stage),((cute face)),succubus,((detailed school_uniform)),frills,(skirt1.2),fingerless gloves , (Microphone,singing song,happy,)demon hron,demon wings,thigh strap,(headset),(heart tattoo),delicate fingers,sharp_fingernails,"
二次元,1,"masterpiece, best quality, dusk, on the beach, huge_filesize, wallpaper, girl, bishoujo, nun, very long hair, white hair, hair down, drill hair, twin braids, white hairband, nose blush , angry, eyelid pull , white colored eyelashes, heterochromia , heart in eye, hand on own chest, squatting, back-to-back, whitedress, robe, cape, crop top, black garter belt, lace-trimmed legwear, chains, ,"
二次元,厉害的,"game cg,oil painting (medium) ,{best quality}, {{masterpiece}}, {highres}, original, extremely detailed 8K wallpaper,depthoffield, cinematic angle, bloom effect, light particles,ray tracing,1girl, {an extreme and beautiful},young girl,{{{maid,bishoujo,very_long purple hair and red eyes ,beautiful detailed eyes,ahoge,}}}blunt_bangs,floating hair,Maid drly delicateess,maid headdress,facing viewer,sunlight,beautiful detailed sky,floating sakura,"
二次元,幻之魔女,"1girl,black and purple hair,hag,magic,big tits,adult lady like woman"
二次元,一位名叫夏的少女,"((masterpiece)),(((best quality))),illustration,1 girl,female,black hair,detailed eyes,red pupil,hanfu,long black sleeves,frills,extremely detailed CG unity 8k wallpaper,Loong,dragon background, loong background,game cg,"
二次元,"masterpiece,best quality,","masterpiece,best quality,album cover,mature girl,upper body,night,dark,lying on the bed,long messy and brown hair,((blush)),((closed eyes)),((open mouth)),((screaming)),(saliva),earrings,choker,bust,((sweat)),((short beige shirt with off shoulder)),(midriff),((lace trim)),,"
二次元,椒,"ray tracing,{best quality}, {{masterpiece}}, {highres}, original, extremely detailed 8K wallpaper, {an extremely delicate and beautiful},,incredibly_absurdres,colorful,intricate detail,artbook,,very_long_hair,red_hair,red eyes,seductive smile ,Cape hood"
二次元,warma,"white hair，red eyes，flat_chest,school uniform,twin_braids,smile,ahoge"
二次元,萝莉,"((masterpiece)),(((best quality))),illustration,1 girl,female,black hair,detailed eyes,red pupil,hanfu,long black sleeves,frills,extremely detailed CG unity 8k wallpaper,Loong,dragon background, loong background,game cg,,"
二次元,红色短裙girl（标准负面）,"Bare shoulders,Pale skin,Hair ribbon,hands on hips,big red eyes,looking at mirror,collarbone,Standing,(red_hair),Long hair,Bangs,Two side up,red dress,red sleeves,microskirt,vertical-striped legwear,over-kneehighs,high heel boots,necklace,Cinematic Lighting,wallpaper,style of genshin impact,border,artbook,cowboy shot,{a gril}"
二次元,晨跑者,"A girl with short black hair, glasses, sweat, Li Ning sports vest, super shorts, long legs, white socks, Li Ning white running shoes, sitting on the park bench, holding a Kaifeng mineral water bottle, smiling, black pupils, white skin, mid afternoon"
二次元,黑头发的可爱小男孩,"Squinting, squinting, black hair, cute, too black, short hair, boys sitting."
二次元,可莉,",loli，red，Red Hat，Elves Ears，Lucky，young，act cute，Humans，Human form，Red pupils，Long hair in pale blonde，Short legs，White socks，Red Berets，bad，1080p，Brown backpack，Red round cap，peaked cap，Brown four leaf grass pattern，{{{masterpiece}}},{extremely detailed CG unity 8k wallpaper},best quality,Amazing,finely detail,solo,cinematic lighting,close-up,{{floating hair}},outdoors,sky,{{wind}},detailed background,beautiful detailed eyes,,bright pupils,{{full body}}, dynamic pose,dynamic angle,looking at viewer,detailed clothes,"
二次元,aether \(genshin impact\),"aether \(genshin impact\),1boy, male focus,blonde hair,single earring, beautiful golden eyes,navel,midriff,braid,ahoge,hair_between_eyes,brown gloves,boots, pants,white scarf,evil smile, ,((((({best quality}, {{masterpiece}}, {highres}, original, extremely detailed 8K wallpaper, 1boys, {an extremely delicate and beautiful},,ray tracing,{best quality}, {{masterpiece}}, {highres}, original, extremely detailed 8K wallpaper, {an extremely delicate and beautiful},,incredibly_absurdres,colorful,intricate detail,artbook,,shota,slender waist,long hair,  bare shoulders,heterochromia,(Delicate muscle lines),linea alba,chinese clothes, chinese style architecture,neat figure,Chinese style,))))),((lab coat)),((((high ponytail)))),((black hair)),((aqua_eyes)),(({best quality},Amazing,beautiful detailed eyes,finely detail,Depth of field,extremely detailed CG,beautiful detailed eyes,1girl,finely detail,cameltoe,,five fingers，intricate detail，{an extremely delicate and beautiful girl},finely detail,Depth of field,{full body} "
二次元,霜星（大概）,"{{frostnova} (arknights)}, gray long hair,{gary and white long rabbit ears},in white, snowy ruins,hair over one eye,outstretched arm,white coat,dark gery jacket inside,black eyes,eyes visible through hair,tiny smell,old long white clothes,arknights,red ribbon,{{{masterpiece}}},{extremely detailed CG unity 8k wallpaper},best quality,Amazing,finely detail,solo,cinematic lighting,close-up,{{floating hair}},,detailed background,beautiful detailed eyes,,bright pupils,{{full body}}, ,looking at viewer,detailed clothes,, Epic feeling"
二次元,实验1,"{{frostnova} (arknights)}, gray long hair,{gary and white long rabbit ears},in white, snowy ruins,hair over one eye,outstretched arm,white coat,dark gery jacket inside,black eyes,eyes visible through hair,tiny smell,old long white clothes,arknights,red ribbon,{{{masterpiece}}},{extremely detailed CG unity 8k wallpaper},best quality,Amazing,finely detail,solo,cinematic lighting,close-up,{{floating hair}},,detailed background,beautiful detailed eyes,,bright pupils,{{full body}}, ,looking at viewer,detailed clothes,, Epic feeling,"
二次元,战士,"straight-on,selfiemirror,high saturation,battlefield,building_ruins,comic,{photorealistic}, {painting}, {realistic}, {sketch}, {oil painting},knife and sword,mature female,asymmetrical bangs,hair spread out,white hair,red_eyes,horn,looking away,fighting_stance,detail fingers,wince,beautiful golden eyes,military uniform,trench_coat,loli,platform boots,fingerless gloves,glaive,masterpiece,ray tracing,"
二次元,白猫少年,"straight-on,first-person view,upper body,blurry background,white background,anime screencap,shota,teenage,hair over one eye,ahoge,closed mouth,facing viewer,kemomimi,clear face,expressionless,slit pupils,white_hair,red_eyes,hoodie,scarf,Samurai Sword,(((ponytail))),extra fingers, fused fingers, bad proportions, missing arms, missing legs, extra arms, extra legs ,missing hands, malformed limbs, extra fingers, extra fingers, fused fingers, bad proportions, missing arms, missing legs, extra arms, extra legs ,missing hands, malformed limbs, extra fingers,,"
二次元,洛天依,"Luo_tianyi,Green eyes，(masterpiece),(best quality), highres, game_cg,Grey hair，solo"
二次元,晨跑,"A girl with short black hair, glasses, sweat, Li Ning sports vest, super shorts, long legs, white socks, Li Ning white running shoes, sitting on the park bench, holding a Kaifeng mineral water bottle, smiling, black pupils, white skin, mid afternoo"
二次元,吴国 下雨 内涵,"highly detailed,masterpiece,ultra-detailed,illustration,incredibly_absurdres,white eyebrows,white colored eyelashes,cute face,fox_ears,white hair,gorgeouslowres,bad anatomy,bad hands,text,error,missing fingers,extra digit,fewer digits,cropped,worst quality,low quality,normal quality,jpeg artifacts,signature,watermark,username,blurry,missing arms,long neck,Humpbacked"
二次元,明日方舟  迷迭香（大概）,"((masterpiece)), (((best quality))), ((ultra-detailed)), ((illustration)), ((disheveled hair)), ((frills)), (1 girl), (solo),masterpiece, best quality, masterpiece,best quality,official art,extremely detailed CG unity 8k wallpaper, day, artbook,loli, loli,long hair, silver hair, hair down,white colored eyelashes, longeyelashes,expressionless, white colored eyelashes,green pupil,beautiful detailed eyes, looking at viewer, cat girl,animal ear fluff，"
二次元,Murjana,"long_hair,hair between eyes,straight hair,bow-shaped hair,two side up,multicolored hair,shiny hair,pink_hair,sidelocks,brown_hair,from side,{best quality}, {{masterpiece}}, {highres}, original, extremely detailed 8K wallpaper, 1girl, {an extremely delicate and beautiful},,cinematic angle,library,official art,teenage,neat figure,mature female,pink_hair,brown_hair/brown_eyes,smile,sitting,arms behind back,raised eyebrow,convenience store uniforms,high heels,masterpiece,"
二次元,Stylized Scenes,"Stylized Scenes,building,cartoon,grass,water,tree.nature,Tenebrism,,game cg,masterpiece,cinematic angle,ray tracing,{best quality}, {{masterpiece}}, {highres}, original, extremely detailed 8K wallpaper, 1girl, {an extremely delicate and beautiful},,loli girl moon night light lake glass,{best quality}, {{masterpiece}}, {highres}, original, extremely detailed 8K wallpaper, {an extremely delicate and beautiful},,lake,nature,torii,east asian architecture,field,ocean,mountain,"
二次元,怒九,"white hair,heterochromia,bule eye,yellow eye,flat_chest,casual wear,clear face,expressionless,low ponytail,"
二次元,龙女,"Pale skin,heterochromia,Dragon tail,Dragon wings,High ponytail,hand on own chest,painted in the style of Cynical realism,octane render,game cg,artbook,huge_filesize ,upper body"
二次元,HAO,"looking at viewer,(from side:1.2),( head tilt:1.65),(leaning_back:1.25),twintails,aqua_hair,Skirt lift,half-closed eyes,thong leotard,plaid skirt,black stocking,underboob,"
二次元,1,"{{{elaina(majo no tabitabi)}}}},{{solo}},{{best quality}},{{masterpiece}},highres,extremely detailed wallpaper,delicate face,beautiful detailed street,beautiful detailed sky,Railing,city,cloud,shadow,{{white hair}},{loose long hair},{ahoge},{{white shirt under black robe}},{white Collared shirt},medium frilled skirt,{{royal blue skirt with white edge}},{blue eyes},beautiful detailed eyes,twist braid,{{bare shoulders}},{{Witch hat}},Pendant on Tip of hat,"
二次元,奕夏,"male,green_hair,white_eyes,black_windbreaker,pants,boots,cane,"
二次元,hhhc,"masterpiece,best quality,highres,(extremely delicate and deautiful girls),extremely detailed CG unity 8k wallpaper,depth of field,dramatic angle,beautiful detailed sky,blooming light,night time,soft lighting,smooth,(5girls:1.3),castle,(pumpkin lanterns),in autumn,(bats:1.2,dirty trick:1.25),Halloween,ram_(re:zero)+pink eyes+pink short hair over left one eye,rem_(re:zero)+blue eyes+blue short hair over right one eye, ram_([re:zero]:1.2)+purple eyes+purple hair+(black sundress with round neck,white T-shirt bottom:1.3),ram_([re:zero]:0.8)+purple eyes+blue hair+Miko clothing,ram_([re:zero]:0.6)+green eyes+blue hair+casual wear,cloned face,(beautiful detailed eyes),witch skin, shiny hair, (happy),vibrant,dynamic Poses,atmosphere,dramatic shadow,ray tracing,"
二次元,美女,"正面：
extremely detailed CG unity 8k wallpaper, (masterpiece), best quality, illustration, (1 girl), wet skin, expressionless, yellow eyes, (anger), horns, (silver armor), metal, complex pattern, corner, cape, indifference
反面：
 lowres, bad anatomy, bad hands, text,error, missing fngers,extra digt ,fewer digits,cropped, wort quality ,low quality,normal quality, jpeg artifacts,signature,watermark, username, blurry, bad feet，blush，helmet
参数：
 Steps: 50, Sampler: DDIM, CFG scale: 7"
二次元,白发女,"extremely detailed CG unity 8k wallpaper, (masterpiece), best quality, illustration, (1 girl), wet skin, expressionless, yellow eyes, (anger), horns, (silver armor), metal, complex pattern, corner, cape, indifference"
二次元,0.0,"{masterpiece}, 1girl, detail, orange hair, long hair, exquisite, black gown, dragon horns, red eyes, half-closed eyes, sketch face, expressionless, looking at viewer, white hood, red necklace, rough shadow, {{dappled sunlight}}, autumn leaves, from side
Negative prompt: lowers, bad anatomy, bad hands, text, error, missing fingers, fewer digits, cropped, worst quality, low quality, normal quality, jpeg artifact, signature, watermark, username, blurry
Steps: 100, Sampler: Euler a, CFG scale: 22, Seed: 2587381461, Size: 512x512, Model hash: 925997e9, Eta: 0.67, Clip skip: 2
Time taken: 5m 26.95s"
二次元,oc,girl，blue eyes，diamond shaped pupil，maize-yellow hair，cape side double ponytail，heart shaped dull hair，star，blue light，pink highlights in front of the ears，dark blue cloak，blue diamond
二次元,6,"game cg,half updo,white hair,(very long hair),foot length hair,long hair to the ground,white_hair/green_eyes,smile,sitting,knees together,pointy ears,(glowing eyes),(hair ornament),incredibly_absurdres,ray tracing,{best quality}, {{masterpiece}}, {highres}, original, extremely detailed 8K wallpaper, {an extremely delicate and beautiful},,incredibly_absurdres,colorful,intricate detail,artbook,,grassland,forest,(Long skirt),layered skirt,one-piece dress,sleeveless,armlet,hidden hands,from above,depthoffield,floral headwear,"
二次元,这个好耶,"extremely detailed CG unity 8k wallpaper, masterpiece，foot focus,simple background,full body,loli,petite,bishoujo,blunt_bangs,twintails,long_hair,saliva,fangs,white_hair/blue_ey,parted lips,tongue out,heavy breathing,looking through legs,kneeling&setting on floot,hugging own legs,knees together feet apart,slim legs,presenting foot,white_thighhighs,anklet,blush,half-closed eyes,serafuku,pleated skirt,white stocking,blue hair ribbon,flat_chest"
二次元,呀哈哈,"cinematic angle,portrait,dynamic angle ,simple background,cityscape,highres,photo (medium) ,short_hair,black_hair/black_eyes,looking at another,standing,"
二次元,魈（大概）,"(flipped hair),short hair,((hair intakes)),short hair with long locks,streaked hair,((black hair)),(turquoise),tsurime,beautiful golden eyes,shota,flat_chest,"
二次元,本帅2,"ray tracing,{best quality}, {{masterpiece}}, {highres}, original, extremely detailed 8K wallpaper, {an extremely delicate and beautiful},,incredibly_absurdres,colorful,intricate detail,artbook,,white_hair/white_eyes,anime screencap,neat figure,"
二次元,eee,"highres,{best quality}, {{masterpiece}}, {highres}, {an extremely delicate and beautiful}, original, extremely detailed wallpaper, one Fox Girl,{{{Nine fox tails}}},Small ear,Long hair, pink hair,pink dress,look at me,full body,,"
二次元,萝莉,"ass focus,ahoge,side_ponytail,very_long_hair,tongue,cat_ears,fangs,Silver hair,red_eyes,evil smileevil grin,troll face ,kneeling&setting on floot,shushing,anklet,skindentation	,barefoot,torn_thighhighs,slim legs,embarrassed,heterochromia,serafuku,collar,flat_chest,"
二次元,可莉,",loli，red，Red Hat，Elves Ears，Lucky，young，act cute，Humans，Human form，Red pupils，Long hair in pale blonde，Short legs，White socks，Red Berets，bad，1080p，Brown backpack，Red round cap，peaked cap，Brown four leaf grass pattern，{{{masterpiece}}},{extremely detailed CG unity 8k wallpaper},best quality,Amazing,finely detail,solo,cinematic lighting,close-up,{{floating hair}},outdoors,sky,{{wind}},detailed background,beautiful detailed eyes,,bright pupils,{{full body}}, dynamic pose,dynamic angle,looking at viewer,detailed clothes,no clothes"
二次元,开心,",loli，red，Red Hat，Elves Ears，Lucky，young，act cute，Humans，Human form，Red pupils，Long hair in pale blonde，Short legs，White socks，Red Berets，bad，1080p，Brown backpack，Red round cap，peaked cap，Brown four leaf grass pattern，{{{masterpiece}}},{extremely detailed CG unity 8k wallpaper},best quality,Amazing,finely detail,solo,cinematic lighting,close-up,{{floating hair}},outdoors,sky,{{wind}},detailed background,beautiful detailed eyes,,bright pupils,{{full body}}, dynamic pose,dynamic angle,looking at viewer,detailed clothes,no clothes,"
二次元,女孩,"1girl, solo, looking_at_viewer, smile, short_hair, open_mouth, bangs, blue_eyes, bare_shoulders, jewelry, upper_body, white_hair, earrings, multicolored_hair, choker, virtual_youtuber, tank top,water, off_shoulder, streaked_hair, tattoo, floating_hair,hairband,beautiful detailed sky,beautiful detailed water,Splashing water,sunlight,ray tracing,masterpiece,"
二次元,浴室少女,"(((masterpiece))), (((best quality))), ((ultra-detailed)), (illustration), ((an extremely delicate and beautiful)),dynamic angle,floating, (beautiful detailed eyes), (detailed light),ultrahigh resolution,shy girl,（brown hair/hirblack eye）,a beautiful,（bathroom）,（(A towel around the body）),very delicate water,（mist）,"
二次元,果敢的少年,"A resolute boy, a brilliant and delicate giant sword, lilac eyes, light blue long hair, a delicate and perfect face, a silver armor with golden patterns, a robust body, and a dusk sky,"
二次元,檩,"Double ponytail
Fox ears and tail
Black neck ring
Hooded sweatshirt
Black shorts
Board shoes
Black-purple pile socks
Sweet potato purple color"
二次元,漫画少年棒球队员B级狙击手,"(full body),(male focus),(lens 135mm,f1.8),(lovely),(capanime screencap),(colored pencil (medium) ),(solo),(Little Boy),(short_hair),(black_hair/black_eyes),(eye contact),(looking back),[standing],(hands on hips),[slim legs],(serious),(short eyebrows),[ringed eyes],(school uniform),[shorts],(sneakers),(Tactical gloves),(short sleeves),(glasses),((firearms)),(baseball_cap),"
二次元,果敢的少年,"A resolute boy, a brilliant and delicate giant sword, lilac eyes, light blue long hair, a delicate and perfect face, a silver armor with golden patterns, a robust body, and a dusk sky,,"
二次元,少年感女孩,"profile,ray tracing,ray tracing,{best quality}, {{masterpiece}}, {highres}, original, extremely detailed 8K wallpaper, {an extremely delicate and beautiful},,incredibly_absurdres,colorful,intricate detail,artbook,,perspective,blue sky with clouds,farm,field,comic,watercolor (medium),messy_hair,long_hair,asymmetrical bangs,messy hair,multicolored hair,red_eyes,smirk,sitting on the ground,fingersmile,glowing eyes,wind coat,pants,sneakers,wings,"
二次元,宵宫,"(yoimiya_(genshin_impact) : 3),firework,Perfect female body,solo,slim waist,bandage,bandage,(((masterpiece))),(((best quality))),((ultra-detailed))((extremely detailed CG)),((8k_wallpaper))(an extremely delicate and beautiful eyes),dynamic angle,floating, (beautiful detailed),an extremely delicate and Handsome girl,frills,burning,bloom,nube,Cunning,light light Chestnut hair,orange colored tips,yellow eyes"
二次元,瑟瑟（新编码版本）by茉小晴,"#best quality,<masterpiece, highres, original>
#extremely detailed wallpape<an extremely delicate and beautiful,8k>
wariza{
           high ponytail(blonde_hair);
           crying with eyes open;
           thong leotard{
            thighhighs;
        }
             lace-trimmed_gloves;         
}"
二次元,终末第一版,"ponytail,long_hair,high ponytail,dog_ears,white_hair,red_eyes,knife and sword,teenage,dog girl,"
二次元,未来,"straight-on,perspective,lovely,building architecture,soviet poster,ahoge,white_hair,red_eyes,looking away,standing,outstretched hand,light smile,heterochromia blue red,school uniform,tiny tits"
二次元,白毛泳装萝莉,"white hair,loli,swimsuit"
二次元,明日方舟 鈴蘭,"1girl	0.998
animal_ear_fluff	0.724
animal_ears	0.996
bamboo	0.929
blonde_hair	0.586
blue_hairband	0.747
branch	0.615
flower	0.997
flower_pot	0.559
forest	0.625
fox_ears	0.985
fox_girl	0.705
fox_tail	0.997
frills	0.668
grass	0.670
green_eyes	0.945
hair_rings	0.635
hairband	0.630
holding	0.615
holding_flower	0.861
kyuubi	0.832
leaf	0.737
lily_(flower)	0.784
lily_of_the_valley	0.810
looking_at_viewer	0.761
multiple_tails	0.999
nature	0.814
plant	1.000
potted_plant	0.997
short_hair	0.536
skirt	0.654
solo	0.943
spider_lily	0.595
tail	0.997
tree	0.587
white_flower	0.774
Character Tags
suzuran_(arknights)	0.999
System Tags
rating:safe	1.000
"
二次元,JK,"1girl,bangs,black_jacket,black_legwear,blazer,blue_background,blue_eyes,blue_necktie,blue_skirt,black_hair,closed_mouth,collared_shirt,
cowboy_shot,very_long_hair,striped_neckwear,diagonal_stripes,eyebrows_visible_through_hair,full_body,jacket,loafers	,looking_at_viewer,miniskirt,necktie,otonokizaka_school_uniform,pantyhose,plaid,plaid_skirt,pleated_skirt,school_uniform,shirt,shoes,skirt,smile,solo,striped	,striped_necktie,very_long_hair	,white_shirt,zoom_layer,low-tied long hair,{an extremely delicate and beautiful},{best quality}, {{masterpiece}}, {highres}, original, extremely detailed 8K wallpaper, cold expression,Masterpiece,best quality, beautifully painted,highly detailed,official art
intense angle,dramatic angle,Masterpiece,best quality, beautifully painted,highly detailed,official art,intense angle,dramatic angle，idolmaster,"
二次元,唯美风,"portrait,full body,depth of field,backlight,forest,alpine,rain,firefly,mountain,tachie,marker (medium),Chinese style,princess,ahoge,bangs,ponytail,cat_ears,gradient hair,aqua_eyes,looking back,antlers,standing,own hands together,slim legs,light smile,beautiful_face,beautiful detailed eyes,heterochromia blue red,summer long skirt,poncho,white pantyhose,uwabaki,fingerless gloves,hair bow,flat_chest,beautiful detailed sky,(((flower_crown)))"
二次元,凯尔希,"arknights,masterpiece,best quality,official art,extremely detailed CG unity 8k wallpaper,{{{kaltsit (arknights)}}},light green white hair,empty eyes,expressionless,bare_shoulders, detached_sleeves, flat_chest,mature female, {backless dress},medium hair, light green eyes,cat ears,highres,"
二次元,嗨,"straight-on,profile,lens 135mm,f1.8,shooting star,Cherry blossoms,Fireworks,rain,outdoors,anime screencap,Chinese style,knife and sword,knife and sword,mature male,shota,teenage,blue fire and sword interweave,,long_hair,colored tips,red_hair/red_eyes,white_hair,red_eyes,standing,reaching,holding umbrella,sad,expressionless,constricted pupils,business suit,combat suit,robe,mittens,Tactical gloves,umbrella,bell,necklace,"
二次元,水下吊带袜猫娘,"2girls, loli,beautiful,cat ears, shy,jk,miniskirt, white garter straps garter belt,,full body,underwear, underwater, "
二次元,旗袍龙娘,"Perfect female body,solo,dragon girl,china dress,thighhighs,hair ornament,earrings,Loong, dragon background, loong background,{best quality}, {{masterpiece}}, {highres}, original, extremely detailed 8K wallpaper, {an extremely delicate and beautiful},,"
二次元,龙女,"1girl，big boobs，Blue hair，A pair of dragon horns on her head，The dress has no cuffs，The left half of the dress is white and the right half is lavender，The clothes are attached to the trousers and show the legs，Wearing a pair of purple boots，she has two bangs on his forehead，Bare arms，On both hands was a short lavender wristband with a deep purple cloud engraved on it，In his right hand he held a more common sword
"
二次元,得劲儿,"[[[[[lowres, bad anatomy, bad hands, text, error, missing fingers, extra digit, fewer digits, cropped, worst quality, low quality, normal quality, jpeg artifacts, signature, watermark, username, blurry, bad feet]]]]],,"
二次元,色色,"masterpiece, best quality, best quality,Amazing,beautiful detailed eyes,finely detail,Depth of field,extremely detailed CG unity 8k wallpaper, masterpiece,(A Vampire Girl),pink hair,blonde hair,Red pupils,"
二次元,sans,"masterpiece,best quality,official art,extremely detailed CG unity 8k wallpaper,night,dark,comic,grin, human skeleton,Blue hoodie,Eyes in shadow,Hands in pockets,White slippers,No hair,A tear,Yellow corridor,Slightly obese"
二次元,瑟瑟,"pettiskirt,{best quality}, {{masterpiece}}, {highres}, original, extremely detailed wallpaper, 1girl, {an extremely delicate and beautiful} artbook original incredibly_absurdres female slit_pupils aqua_eyes ponytail silver_hair yellow_eyes long_hair cat_ears curvy cleavage collar side-tie_bikini flat_chest tail white_thighhighssmile,"
二次元,第一次尝试,"(llustratio)), ((floating hair)), ((chromatic aberration)), ((caustic))， lens flare, dynamic angle, ((portrait))， (1 girl), (solo)), cute face, ((hidden hands)), asymmetrical bangs, (beautiful detailed eyes), eye shadow, ((huge clocks)),

((glass strips)), (floating glass fragments), ((colorful refraction)), (beautiful

detailed sky), ((dark intense shadows)), ((cinematic lighting)), ((overexposure)), (expressionless)，blank stare, big top sleeves, (rill)， hair_ _ornament, ribbons, bowties, buttons, ((small brasal)), pleated skirt, ((sharp focus)), ((masterpiece))， ((est quilil)), ((extremely detailed)), colorful, hdr"
二次元,日系正太,"shota, {{{masterpiece}}}, best quality, {{{{masterpiece,best quality,official art,extremely detailed CG unity 8k wallpaper}}}}, artbook, ahoge, white hair, short hair, bangs, light blush, aqua eyes, dog_ears, pointy ears, no_nose, light smile, red eyes, crop top, bare legs, sportswear, shoes , holding sword, "
二次元,微微,"hip focus,{best quality}, {{masterpiece}}, {highres}, original, extremely detailed 8K wallpaper, {an extremely delicate and beautiful},,upper body,space background,fountain,[[cyberpunk]],highres,photo (medium) ,Ifrit,blunt_bangs,curly_hair,red_hair/red_eyes,facing viewer,standing,adjusting hair,upper body,frown,[glowing eyes],heterochromia,taut shirt,sheath dress,cleavage,cinematiclighting,gem,"
二次元,哇袄,"foot focus,hip focus,male focus,loli girl moon night light lake glass,overall view,,lovely,church,photorealistic,photo (medium) ,knife and sword,maid,shota,neat figure,slender waist,slim waist,saliva,flipped hair,red_eyes,platinum_hair,white_hair,red_eyes,evil smileevil grin,clenched teeth,licking lips,tongue out,looking down,groping,spread legs,clothes_lift"
二次元,哭泣的少女,"foot focus,hip focus,male focus,loli girl moon night light lake glass,overall view,,lovely,church,photorealistic,photo (medium) ,knife and sword,maid,shota,neat figure,slender waist,slim waist,saliva,flipped hair,red_eyes,platinum_hair,white_hair,red_eyes,evil smileevil grin,clenched teeth,licking lips,tongue out,looking down,groping,spread legs,clothes_lift,"
二次元,蓝发少女,"adult a girl Blue hair blue eyes ，hair over one eye one eye covered,，cinematiclighting,，red moon,，Put your hands in your pockets,，standing,，china dress,"
二次元,我心目中的魅魔,"Devil's Horn,Demon Wings,succubusl,Long purple hair,Heart-shaped tail,best quality,illustration,highly detailed,masterpiece,ultra-detailed,Peach Heart Tail"
二次元,魔理沙,"(((long_hair))),((blonde_hair/yellow_eyes)),dynamic pose,(((white_thighhighs))),((((no shoe)))),(sleeves),(((((wizard hat))))),((full body)),(((library))),((((slim waist)))),(((((slim legs))))),solo,[petite],(sideways glance),(smile),((Maid dress)),neat figure,witch,flat_chest,(((apron))),(((walk))),masterpiece,"
二次元,阿比盖尔（大概率死库水偶尔白裙，最好补充负面TAG,"abigail williams \(swimsuit foreigner\) \(fate\),{best quality}, {{masterpiece}}, {highres}, original, extremely detailed 8K wallpaper, 1girl, {an extremely delicate and beautiful},,lens flare,colorful startrails,space background,crescent,aurora,glinting stars,starry sky,clusters of stars,starry sky,glinting stars,,gothic architecture,masterpiece,highres,tachie,solo,petite,infant,long_hair,very_long_hair,looking at another,eyelashes,flat_chest,first-person view,"
二次元,婚纱,"The amazing Chinese red
Hanfuwedding dress cloak is embroidered with
translucent crystals. The sparkling pearl crystals
sparkle like diamonds. The glowing dynamic
particles are suspended around the wedding
dress. The phoenix is lifelike, dragging a 2mlong
skirt. It is beautiful and noble, light white, magical,
octane rendering, surrealism, light background,
16K,ureal --ar 2:3 --v 4"
二次元,二次元2.5D,"(masterpiece),(extremely detailed CG unity 8k wallpaper),best quality,((upper body)),(arms behind back),(solo),1 girl,medium bre"
二次元,乐正绫,"masterpiece,best quality,official art,extremely detailed CG unity 8k wallpaper, brown hair, smile, long hair, low-tied long hair,ahoge,red_hanfu,red_eyes, brown eyes, 
Fine fried dough twist Braid， 
Lateral plait on both sides"
二次元,岛风我投敌了,"female abyssal admiral (kancolle),armor，,white_thighhighs,gloves ,latex bodysuit, ruinspleated skirt,,full body,
{expressionless}black_skirt,blush,,colored_skin,glowing,glowing_eyes,long_hair,,white_hair,white_skin,yellow_eyes{best quality}, {{masterpiece}}, {highres}, original, extremely detailed 8K wallpaper, 1girl, {an extremely delicate and beautiful},,,"
二次元,明日方舟 能天使（但光环是红的）,"solo,Arknights,Exusiai,boyish girl,very short hair,red hair,light red eyes,messy hair,light white halo"
二次元,神里凌华,"extremely delicate and beautiful)),dynamic angle,floating, fairyland,1girl, (((Kamisato Ayaka))), (((genshin impact))),blue_eyes, beautiful"
二次元,开心萝莉,"lowres, bad anatomy, bad hands, ((text)), (watermark), error, missing fingers, extra digit, fewer digits, cropped, worst quality, low quality, normal quality, ((username)), blurry,  (extra limbs),poorly drawn asymmetric eyes,ray tracing,{best quality}, {{masterpiece}}, {highres}, original, extremely detailed 8K wallpaper, {an extremely delicate and beautiful},,incredibly_absurdres,colorful,intricate detail,artbook,,incredibly_absurdres,anime screencap,detailed manga illustration,extremely detailed CG unity 8k wallpaper,azur lane,slender waist,mature female,Perfect female body,masterpiece,side_ponytail,very_long_hair,colored tips,single braid,hair between eyes,straight hair,beautiful detailed eyes,white_hair,heterochromia golden red,blush,aquagradient eyes,,"
二次元,萝莉,"[lowres, bad anatomy, bad hands, ((text)), (watermark), error, missing fingers, extra digit, fewer digits, cropped, worst quality, low quality, normal quality, ((username)), blurry,  (extra limbs),poorly drawn asymmetric eyes,ray tracing,{best quality}, {{masterpiece}}, {highres}, original, extremely detailed 8K wallpaper, {an extremely delicate and beautiful},,incredibly_absurdres,colorful,intricate detail,artbook,,incredibly_absurdres,anime screencap,detailed manga illustration,extremely detailed CG unity 8k wallpaper,azur lane,slender waist,mature female,Perfect female body,masterpiece,side_ponytail,very_long_hair,colored tips,single braid,hair between eyes,straight hair,beautiful detailed eyes,white_hair,heterochromia golden red,blush,aquagradient eyes,,],"
二次元,嘉然,"prompt = masterpiece, best quality, <lora:jiaran:0.55>night, neon lights, neon, solo, 1 girl, (((bare legs, petite body, soaked, cameltoe, thong, ray tracing, skirt lift, despise face))), (bare labia best quality:1.4), (((no panties)))"
二次元,白井黑子,"shirai kuroko(to aru majutsu no index),Cherry hair，loli,tokiwadai school uniform,flat chest,medium hair ,red ribbon , twintails,brown sweater vest"
二次元,医生,"long_hair,red_eyes,blonde_hair,staring,((slim legs)),(white_thighhighs),(no shoes),sleeves,flat_chest,nurse cap,((nurse)),flat color,petite,solo,staring,full body,on bed,staring,nurse,"
二次元,金牛座女孩,"nahida_genshin，version character, small chest, panorama, depth of field, beautiful facial features, kind hair, delicate nose, delicate mouth, happy expression, pure white background, full body, front lighting, golden horns on head, golden dress, princess hairstyle <lora:loraYuqikunStyle_v1:1>"
二次元,美少女贴贴！,"portrait,simple background,2girls,ahoge,white_hairblue_ey,cheek-to-cheek,own hands clasped,glowing eyes,backless outfit,miniskir s-2951698389"
二次元,玛琪玛,"masterpiece, best quality, , makima \(chainsaw man\), ultra detailed, 1girl, solo, standing, red hair, long braided hair, golden eyes, bangs, medium breasts, white shirt, necktie, stare, smile, (evil:1.2), looking at viewer, (interview:1.3), (dark background, chains:1.3), large breasts, covered nipples, cum,<lora:mappaLikeStyleChainsaw_v11Beta:0.6> <lora:makimaChainsawMan_offset:1>"
二次元,国风狐娘,"masterpiece,best quality,official art,extremely detailed CG unity 8k wallpaper, artbook, 1girl, (space), spacecraft, (chineseclothes), the whole body, science fiction, silver hair,red eyes, glowing eyes, fox_ears, kawaii, Chinese, kawaii, mesugaki, loli, sex"
二次元,时间管理可爱兔耳萝莉,"Short, Lolita, female, young girl, rabbit ear, European, retro, Western fantasy style, carrot, Lolita skirt, bow, clock, Alice, low ponytail, blonde hair, red pupils, metal decoration, lace edge, fantasy, full of vision, bright, global soft light, corner color concept art,"
二次元,高木,"(((takagi-san))),(((masterpiece))), (((best quality))), ((ultra-detailed)), (detailed light),((an extremely delicate and beautiful)),(beautiful detailed eyes),Small breasts，Expressionless，brown hair,(((takagi-san))),brown eye，((black kneehighs:1.1))，transparent, beautiful eyes, nude, breasts, nipples, ((labia)), small breasts,(sunlight),solo,(Holy Light),just like silver stars imploding we absorb the light of day，gradual change, Bright colors，bed"
二次元,高木,"(((takagi-san))),(((masterpiece))), (((best quality))), ((ultra-detailed)), (detailed light),((an extremely delicate and beautiful)),(beautiful detailed eyes),Small breasts，Expressionless，brown hair,(((takagi-san))),brown eye，((black kneehighs:1.1))，transparent, beautiful eyes, nude, breasts, nipples, ((labia)), small breasts,(sunlight),solo,(Holy Light),just like silver stars imploding we absorb the light of day，gradual change, Bright colors，bed,"
二次元,科技风美女,"(masterpiece, best quality, ultra-detailed, best shadow), (detailed background,dark fantasy), (beautiful detailed face), high contrast, (best illumination, an extremely delicate and beautiful), ((cinematic light)), colorful, hyper detail, dramatic light, intricate details, (1 girl, solo,black hair, sharp face,low twintails,red eyes, hair between eyes,dynamic angle), blood splatter, swirling black light around the character, depth of field,black light particles,(broken glass),magic circle,"
二次元,中国风龙人,"dusk,male,silver hair,absurdly long hair,hair over shoulder,serious,smirk,gradient eyes,red eyes,indian_style,spread_arms,Chinese_clother,Dragon horn"
二次元,绿发少女,"cinematic angle,portrait,cinematic angle ,starry sky,clusters of stars,building architecture,Vaporwave,Perfect female body,green_hair,long wavy curly hair,green_hair/green_eyes,facing viewer,standing,outstretched hand,feet up,light smile,beautiful detailed eyes,soaked,white skirt,flat_chest,thighhighs,extra fingers,fused fingers,"
二次元,李素裳,"masterpiece, best quality,highly detailed,,,solo,the creamy smooth skin,messy hair,tongue out,spread legs,top-down bottom-up,handjob gesture,presenting foot,spread toes,legs apart,Open mouth indicating flustered,empty eyes,less clothes,thong,papilla,"
二次元,国风女孩,"straight-on,full body,black_hair/black_eyes,smile,Light gauze wide sleeve skirt，,cinematiclighting,Chinese style,masterpiece, best quality, night, strong rim light, intense shadows, game_cg, Chinese style cheongsam，masterpiece, best quality, night, strong rim light, intense shadows, game_cg, beautiful detailed eyes, aqua eyes"
二次元,兔女郎,"ass focus,looking at viewer,(from side:1.2),( head tilt:1.65),(leaning_back:1.25),full body,ray tracing,{best quality}, {{masterpiece}}, {highres}, original, extremely detailed 8K wallpaper, {an extremely delicate and beautiful},,incredibly_absurdres,colorful,intricate detail,artbook,,illustration,bunny girl,sweat,the creamy smooth skin,hair_bun,white_hair,red_eyes,evil smileevil grin,top-down bottom-up,girl_on_top,straddling,big ass,slim legs,suspender skirt,thong,high heels,latex glove,rabbit tail,thigh strap,ribbon,papilla,areola_slip"
二次元,狐白,"，[shushing],(((((concept art))))),(((((long wavy curly hair))))),(((((double_bun))))),(((((fox_ears))))),(((((braided ponytail))))),(((((pink hair))))),(((((red_eyes))))),(((((standing))))),( hands in pockets),detail fingers,torn_thighhighs,pigeon-toed,slim legs,knees together feet apart,(((((fang))))),serious,nervous,half-closed eyes,,aquagradient eyes,(((gradient eyes))),((bright pupils)),(((((slit pupils))))),beautiful detailed eyes,(((lab_coat))),((black skirt dress, flower pattern in dress,black gown)),(trench_coat),((((denim shorts)))),tabi,gloves ,combat boots,High heeled gift shoes,leather shoes,cabbie_hat,earrings,giant green shark tail,firearms,backpack,armlet,Samurai Sword,fox mask,garter,tail,FLIGHT Goggles,hood,sideboob, too many fingers,long neck,mutated hands,poorly drawn face,deformed,malformed limbs,extra limbs,bad proportions,missing arms,missing legs,"
二次元,美女霸道女总穿越古代成寡妇,"Dirndl,figure four sitting,masterpiece,best quality,official art,extremely detailed CG unity 8k wallpaper, artbook, 1girl, (space), spacecraft, (chineseclothes), the whole body, science fiction, silver hair,red eyes, glowing eyes, fox_ears, kawaii, Chinese, kawaii, mesugaki, loli, sex,picture frame,Clear picture,earrings,necklace,space background,detailed background,indoors,French window,wavy_hair,character design,hands on hips,"
二次元,少女,"(figure four sitting),(pov),(gradient background),(gohei),(anime screencap),(angel),(ahoge),(high ponytail),(Silver hair),(grin),(on side),(outstretched arm),(knees together),(light smile),(one eye closed),(chiffon dress),(hair flower),(flat_chest),"
二次元,阿比盖尔,"breast curtains,,abigail williams \(swimsuit foreigner\) \(fate\),{best quality}, {{masterpiece}}, {highres}, original, extremely detailed 8K wallpaper, 1girl, {an extremely delicate and beautiful},,lens flare,colorful startrails,space background,crescent,aurora,glinting stars,starry sky,clusters of stars,starry sky,glinting stars,,gothic architecture,masterpiece,highres,tachie,solo,petite,infant,long_hair,very_long_hair,looking at another,eyelashes,flat_chest,first-person view,,"
二次元,二次元少女黯,"{{{masterpiece}}},{extremely detailed CG unity 8k wallpaper},best quality,Amazing,finely detail,solo,cinematic lighting,close-up,{{floating hair}},{{Sakura}},outdoors,sky,{{wind}},detailed background,beautiful detailed eyes,,bright pupils,{{full body}}, dynamic pose,dynamic angle,looking at viewer,detailed clothes,,bodystocking,(figure four sitting),(pov),(gradient background),(gohei),(anime screencap),(angel),(ahoge),(high ponytail),(Silver hair),(grin),(on side),(outstretched arm),(knees together),(light smile),(one eye closed),(chiffon dress),(hair flower),(flat_chest),,basement,short hair,black_hair/black_eyes,closed mouth,gill support,slim legs,jk face leg,expressionless,taut shirt,female abyssal admiral (kancolle),armor，,white_thighhighs,gloves ,latex bodysuit, ruinspleated skirt,,full body,{expressionless}black_skirt,blush,,colored_skin,glowing,glowing_eyes,long_hair,,white_hair,white_skin,yellow_eyes{best quality}, {{masterpiece}}, {highres}, original, extremely detailed 8K wallpaper, 1girl, {an extre"
二次元,荷塘望月,"On the dreamy water surface, there are scattered lotus flowers, lotus leaves, frogs, tadpoles, goldfish and more. Looking up, a bright moon hangs in the starry sky, reflected on the water surface together with the stars. In a certain lotus flower on the water, a cute little boy, like shota, lies quietly, dressed in indecent clothes, curling his body and lying still in the lotus heart. The boy has thick hair and a slight visible abdominal muscle."
二次元,嘉德罗斯梦女,"figure four sitting,(figure four sitting),(pov),(gradient background),(gohei),(anime screencap),(angel),(ahoge),(high ponytail),(Silver hair),(grin),(on side),(outstretched arm),(knees together),(light smile),(one eye closed),(chiffon dress),(hair flower),(flat_chest),,profile,full body,overall view,,starry sky,clusters of stars,photo (medium) ,white_hair/blonde_eyes,open mouth,looking at another,gill support,hand on own face,shushing,slim legs,expressionless,pettiskirt,{{{masterpiece}}},{extremely detailed CG unity 8k wallpaper},best quality,Amazing,finely detail,solo,cinematic lighting,close-up,{{floating hair}},{{Sakura}},outdoors,sky,{{wind}},detailed background,beautiful detailed eyes,,bright pupils,{{full body}}, dynamic pose,dynamic angle,looking at viewer,detailed clothes,,apron,"
二次元,卡米尔梦女,"figure four sitting,(figure four sitting),(pov),(gradient background),(gohei),(anime screencap),(angel),(ahoge),(high ponytail),(Silver hair),(grin),(on side),(outstretched arm),(knees together),(light smile),(one eye closed),(chiffon dress),(hair flower),(flat_chest),,profile,full body,overall view,,starry sky,clusters of stars,photo (medium) ,white_hair/blonde_eyes,open mouth,looking at another,gill support,hand on own face,shushing,slim legs,expressionless,pettiskirt,{{{masterpiece}}},{extremely detailed CG unity 8k wallpaper},best quality,Amazing,finely detail,solo,cinematic lighting,close-up,{{floating hair}},{{Sakura}},outdoors,sky,{{wind}},detailed background,beautiful detailed eyes,,bright pupils,{{full body}}, dynamic pose,dynamic angle,looking at viewer,detailed clothes,,apron,,"
二次元,丰满贞德涩涩开腿,"incredibly_absurdres,bathroom,realistic,Perfect female body,hair pulled back,puffy areolae,NSFW,thigh gap,legs over head,mature female,the creamy smooth skin,multiple girls,spread legs,big ass,ahegao,fucked silly,exquisite,hand on cortch,1girl,bitch,{{masterpiece}},best quality,extremely detailed CG unity 8k wallpaper,{extremely detailed cg}, 1girl, jeanne d'arc (ruler) (fate),cameltoe,shighleg leotard,elbow_gloves,(((masterpiece))),(((best quality))),((ultra-detailed))((extremely detailed CG)),((8k_wallpaper))((an extremely delicate and beautiful)),{photorealistic},full body, {realistic},burning,detailed light,bloom,,"
二次元,碧蓝航线-企业,"正面tag
（画面）high_quality,masterpiece,wallpaper 8k,1girl,((solo)),(perspective),legendary,
（人物主体）white navy cap,((white navy cap:1.47) with (black brim)),(black pant suit:1.3),(silver|white long hair),(delicate purple eyes),((black pleated skirt) with gold trim),(white shirt:0.8),stockings,(black robe),
（修饰）Medium-sized breasts,milky skin,gray tie, long boots ,(mature female),
dynamic angle,wide shot,front,
(background with white)"
二次元,汉服萝莉,"white_hair,best quality, masterpiece, highres, original, extremely detailed 8K wallpaper, 1girl, black tights, cat ears, white hair, red eyes, maid, an extremely delicate and beautiful，,beautiful detailed sky,best quality, masterpiece, highres, original, 1girl, extremely detailed 8K wallpaper, an extremely delicate and beautiful, (summer_festival), fireworks, cinematic lighting, depth of field,hanfu,loli,smile,holding hands,clothes_lift,"
二次元,魔女之旅,"{{{elaina(majo no tabitabi)}}}},{{solo}},{{best quality}},{{masterpiece}},highres,extremely detailed wallpaper,delicate face,beautiful detailed street,beautiful detailed sky,Railing,city,cloud,shadow,{{white hair}},{loose long hair},{ahoge},{{white shirt under black robe}},{white Collared shirt},medium frilled skirt,{{royal blue skirt with white edge}},{blue eyes},beautiful detailed eyes,twist braid,{{bare shoulders}},{{Witch hat}},Pendant on Tip of hat"
二次元,天籁,"pov crotch,female focus,incredibly_absurdres,{best quality}, {{masterpiece}}, {highres}, original, extremely detailed 8K wallpaper, 1girl, {an extremely delicate and beautiful},,pleated skirt,heterochromia, ukiyo-e,poncho,,loli girl moon night light lake glass,cinematic angle ,forest,starry sky,clusters of stars,Cherry blossoms,flowers meadows,comic,angel,sleeping,solo,dragon girl,long wavy curly hair,hime_cut,cat_ears,long hair,green_eyes,Silver hair,smile,lying,detail fingers,between legs,tail between legs,blush,eyeliner,eyelashes,eyeshadow,Mai Shiranui,lolita fasion,Organza lace,black_thighhighs,no shoe,bell,areola_slip,morbid,long neck,{masterpiece},best quality,amazing,a shining moon,nature,great river,Meandering river,Spring Forest,flowers,{{detailed Ancient Chinese style buildings}},cinematic angle ,wide shot,cinematic angle,ray tracing,depth of field,peaceful night,no modern buildings,sea,beautiful drawn clouds,mild fog,cherry blossoms,midnight,,beautiful detailed sky,"
二次元,害羞的水手服萝莉,"(Little Girl), Masterpiece, Highest Quality, Pink and White Underwear, Alone, Cute Girl, Absurd, Lewd, HD, Sketch, Traditional Media, Bright Glare, Intense Shadows, Masterpiece, Highest Quality, Official Art, Extremely Detailed CG Uniform 8k Wallpaper, White Hair, Slight Blush, Black Eyelashes, Green Eyes, Big Round Beautiful Detailed Eyes, Eyes Look Directly at the Audience, Fairy, Puzzled, Cherry Small Mouth, Mouth Slightly Open, Sailor Suit"
二次元,香風智乃(人物),"masterpiece, best quality, best quality,Amazing,beautiful detailed eyes,1girl, solo,finely detail,Depth of field,extremely detailed CG unity 8k wallpaper, solo focus,{{{kafuu_chino}}}, blue_bow, blue_eyes, blue_footwear, blue_neckwear, blush, bow, hair_ornament, hairclip, long_hair, long_skirt, long_sleeves, rabbit_house_uniform, shirt, shoes, skirt, white_legwear, x_hair_ornament, {loli}."
分享,黑色花卉图案连衣裙,"black skirt dress, flower pattern in dress,black gow"
分享,赛博自画像,"cyberpunk, man,black sunglasses,modern city,crew cut hair,tall buildings,"
分享,金髮狐狸巫女,"{best quality}, {{masterpiece}}, {highres}, original, extremely detailed 8K wallpaper, 1girl, {an extremely delicate and beautiful},mature female,hime_cut,gradient hair,fox_ears,blonde_hair,red_eyes,red kimono,detached sleeves,ahoge,presenting armpit,ahegao"
分享,萝莉,"1girl，loli,bangs,{hanfu}，double_bun，ahoge,{ chinese clothes，Tai Chi}, short hair, (turquoise,Chinese Tang suit),(aqua_eyes),solo, {white hair),,young girl,{{chinese style architecture},{[white_thighhighs}]}，{{{loafers}},(fucked silly,torogao)
"
分享,我草！円！(円香）,"(((((Higuchi Madoka)))),(((brown hair))),short hair,hairpin,cold expression,THE IDOLM@STE,pink eyes,1girl"
分享,工笔+水墨双画法效果演示 人物描述省略,"{{meticulous painting}},{{{ink washing}}}},{{{{{ink splashing}}}}},best quality,beautiful detailed eyes,[extremely detailed upper body],{full body},detailed clothes,collarbone, solo"
分享,白毛红瞳少女兔女郎,"cinematiclighting,{{watercolor pencil}},white hair,{messy hair},long hair,gradient hair,colored inner hair,bunny ear,{white background},{bunny background},{halter dress},{backless dress},{wet bunny dress}, lovely bunny hair ornament,bunny print on dress,{{highly detailed bunny}},{dark red eyes},depth of field,dramatic angle,high detailed, milky skin,{{loli}, official art"
分享,1,"boy,mature,orc,male,yaoi,white hair,cat_ears,spread legs,transparent underwear,armlet"
分享,白髮蘿莉,"ahoge,bangs,side_ponytail,white_hair,red_eyes,reaching,embarrassed,standing,loli,flat_chest,slippers,one-piece dress,octane render,meticulous painting,flowers meadows,pov,"
分享,站立男子立绘,"first-person view,full body,ray tracing,{best quality}, {{masterpiece}}, {highres}, original, extremely detailed 8K wallpaper, {an extremely delicate and beautiful},,incredibly_absurdres,colorful,intricate detail,artbook,,lens 135mm,f1.8,simple background,tachie,meticulous painting,mature male,short_hair,black_hair/black_eyes,black hair,looking away,headpat,tongue out,standing,knees together,raised eyebrow,beautiful detailed eyes,business suit,socks,leather shoes,beret,tie,chest,masterpiece,jeans"
分享,bekka,"{best quality}, {{masterpiece}}, bear ears hairhres}, original, extremely detailed 8K wallpaper, 1girl, {an extremely delicate and beautiful}, light brown hair long_hair, a girl, side braid, wavy_hair, blue eyes, bear ears"
分享,健身完的姐姐（by sgay）,"best quality, solo, hair over shoulder, thighhighs under boots, black sports bra , hair ribbon, milf, game_cg, wet hair, seductive smile, masterpiece,best quality,official art,extremely detailed CG unity 8k wallpaper, straddling, "
分享,雌小鬼,"masterpiece, little bastard, kneel on your side, blond, kawaii face, evil smile, fang open mouth, flat chested, jean shorts, hot pants, collarbone, white stockings, shiny skin ,twin tail, midriff, looming, eyeliner, "
分享,护士（by sgay）,"masterpiece, best quality, nurse, medium hair, heart-shaped eyes, hair down, gyaru, white pantyhose, shoes , nurse cap, hands_on_hips, "
分享,想要护士（by sgay）,"masterpiece, best quality, nurse, gyaru, medium hair, hair down, seductive smile, heart-shaped eyes, white pantyhose, shoes , yokozuwari, "
分享,羞羞护士（by sgay）,"best quality, masterpiece, artbook, nurse, medium hair, nose blush , sparkling eyes, white legwear, shoes , hand_to_mouth, chemise, solo, hand on own chest, "
分享,水手服粉眼粉头的白丝猫娘（,"white background,young girl,(petite),ahoge,cat_ears,pink_hair,pink_eyes,kneeling&setting on floot,sitting on the ground,adjusting hair,slim legs,serafuku,skirt,white stocking,,no shoe,blush,scared,no shoe,"
分享,粉毛jk身后跃出鲸鱼,"{{Illustration}},{{{masterpiece}}}, best quality, highly detailed,1girl，pink hair,detai  eyes，upper body,sailor white suit，hands_on_hips,length short hair，White skirt，brown whale，((extremely detailed CG wallpaper)),((cinematic lighting)),((extremely detailed illustration)),(best shadow),(gorgeous frame),((religious fantasy)),((1girl)),solo,(cute face)"
分享,白发黑衣国风少女,"long_hair,white_hair,red_eyes,knife and sword,teenage,{{ Hi-Q(high quality) }},{{detailed Ancient Chinese style building}},{{detailed Ancient Chinese style clothes}},{hanfu},{ink and wash painting},delicate eyes{masterpiece},best quality,amazing,cinematic angle,solo,no modern buildings,midnight,1girl,solo,very long hair,detialed beautiful eyes,detialed clothes, red ribbon,,melting,abstract,splash,hyper detailed ,messy hair,  backlighting , sand, water,black background, dust clodust,water splash,long sleeves , splash,oversized clothes,(((Ink painting style))),(((Chinese Brush Painting))),handsome, white Ribbon,     hair glows,  hands hide, knotted headdress, detailed face,shoulder cutout,"
分享,钟离娘化,"((zhongli genshin impect)),brown hair, orange eyeshadow,  leather shoes,golden eyes, beautiful eyes,semi-rimless eyewear, white bloomers, shy, "
分享,血月，旗袍，与红瞳,"{{extremely detailed 8K wallpaper}},{{best quality}},{{masterpiece}},floating glass fragments,pure white broken sky,a world that shatters like glass,1girl,beautiful detailed eyes,red eyes,black hair,multicolored hair,white gloves,pink eyes,shiny skin,{{chinese clothes}},arms behind back,raindrop,red moon,stars"
分享,白毛红瞳在街边坐着的萝莉,"品质:0,masterpiece,best quality,highly detailed,Amazing,finely detail,extremely detailed CG unity 8k wallpaper,score:>=60,
场景:0,((dirty)),rain,(((((outdoor,dirty walls,dirt))))),
人物:0,((1little dirty detailed girl)),(thin),loli,
外貌:0,short,skin whitish,((flat chest)),(flat ass,butt crack),thin:1.2,minigirl,(silver hair),short silver hair:2,messy hair, dirty hair,colorful dark red eyes:2,
动作:0,((((fetal_position)))),arms_crossed,
衣装:0,wet,dirty,dirt on it,(((torn_clothes))),open clothes,white tank_top,miniskirt,((bottomless)),barefoot,
表情:0,exhausted,lonely,(tearing up,squinting),[[[open_mouth]]],crying,
视角:0,very close to viewers,whole body,"
分享,sese  furry,"(((((three sided view))))),((((incredibly_absurdres)))),((((ray tracing)))),(((({best quality}, {{masterpiece}}, {highres}, original, extremely detailed 8K wallpaper, 1girl, {an extremely delicate and beautiful},)))),(((((full body))))),(((((on bed))))),(((((furry))))),(((((Delicate muscle lines))))),(((((bulge))))),(((((abdominal muscles))))),(muscle),(((((teenage))))),(Little Boy),((furry,pokemon,no humans)),(((((petite))))),(((((sweat))))),(((((adolescent))))),(((((heavy breathing))))),between legs,(((thick_thighs))),(((anklet))),(((((blush))))),(((((embarrassed))))),(((nervous))),(((((sharp teeth))))),(((((drooling))))),((tank top)),( more abdominal muscle),(chest),(((((clothes_lift))))),"
分享,雌小鬼,"masterpiece, best quality,highly detailed,foot focus,full body,beach,petite,side twinails,white_hair,red_eyes,facing viewer,evil smileevil grin,naughty face,lying on back,presenting armpit,open  legs,surime,hair ribbon,school swimsuit,white_thighhighs,flat_chest,wet,"
分享,doll模型,"masterpiece, best quality, portrait of a girl with the morning sky and mountains behind her, face, flower crown, snow falling, kimono, winter, beautiful lighting, highly detailed, digital painting, clean 8k, artstation, concept art, smooth, sharp focus, illustration"
分享,巫女,"from side,cinematic angle ,cityscape,Bustling city,highres,photorealistic,photo (medium) ,miko,messy_hair,white_hair,red_eyes,facing viewer,top-down_bottom-up,see-through,night dress,loli,papilla,cinematiclighting,Clear picture,"
分享,白毛少女,"lowres, bad anatomy, bad hands, ((text)), (watermark), error, missing fingers, extra digit, fewer digits, cropped, worst quality, low quality, normal quality, ((username)), blurry,  (extra limbs),poorly drawn asymmetric eyes,ray tracing,{best quality}, {{masterpiece}}, {highres}, original, extremely detailed 8K wallpaper, {an extremely delicate and beautiful},,incredibly_absurdres,colorful,intricate detail,artbook,,incredibly_absurdres,anime screencap,detailed manga illustration,extremely detailed CG unity 8k wallpaper,azur lane,slender waist,mature female,Perfect female body,masterpiece,side_ponytail,very_long_hair,colored tips,single braid,hair between eyes,straight hair,beautiful detailed eyes,white_hair,heterochromia golden red,blush,aquagradient eyes,"
分享,胡桃,"HutaoA，flat_chest,areola_slip,necklace,earrings,necklace,wolf ears,garter,bangle,no shoe,white stocking,underpants,Organza lace,bra visible through clothes,light smile,fang,slim legs,shushing,chin,lying on back,Dark brown hair,beach,beach background,{best quality}, {{masterpiece}}, {highres}, original, extremely detailed 8K wallpaper, 1girl, {an extremely delicate and beautiful},,ray tracing,{best quality}, {{masterpiece}}, {highres}, original, extremely detailed 8K wallpaper, {an extremely delicate and beautiful},,incredibly_absurdres,colorful,intricate detail,artbook,,handjob gesture,incredibly_absurdres,"
分享,樱花树下,"ray tracing,{best quality}, {{masterpiece}}, {highres}, original, extremely detailed 8K wallpaper, 1girl, {an extremely delicate and beautiful},,cinematic angle,depth of field,dynamic angle ,Cherry blossoms,close-up,extremely detailed CG unity 8k wallpaper,solo,long_hair,white_hair,red_eyes,looking at viewer,expressionless,slit pupils,ribbon,head chain, jewelry,"
分享,紫毛贫乳,"masterpiece,best quality, lolita, tail, bows, spread legs, sex, cream pie, one dick, on back, long hair, purple hair, hairclip, 1girl, flat chest, breasts out, areolae, necklace, dress, blush, closed mouth, blue eyes, thighhighs, absurdres, Impasto"
分享,性感的御姐露出誘惑的笑容,"lovely,classroom,neat figure,slender waist,long hair,black_hair/black_eyes,licking lips,seductive smile ,sitting on the ground,handjob gesture,slim legs,bikini,coat,navel,low-waist pants,jeans,uwabaki,cleavage,"
分享,挑染短发美少女,"masterpiece, best quality, masterpiece,best quality,official art,extremely detailed CG unity 8k wallpaper, cityscape, in the cyberpunk city, strong rim light, {in winter}, {night}, girl, solo, serious, red eyes, small breasts, short hair, {{streaked hair}}, {{black hair}}, {white hair}, {red hair}, {cropped jacket }, {{skirt}}, pantyhose, boots, necktie, shackles, arms behind back , The city buildings behind him were damaged and a raging fire broke out"
分享,JK柠伊,"{best quality}, {{masterpiece}}, {highres}, original, extremely detailed 8K wallpaper, 1girl, {an extremely delicate and beautiful},glint, 
1 girl,solo,blonde hair, green eyes, hair between eyes, black choker, 
full body,looking at viewer, beige background,headphones around neck, 
hands in pockets,jk face leg,expressionless,
black pleated skirt,sailor dress,white ankle socks,sneakers,sailor collar,"
分享,火箭娘,"chibi,red shorts,short_hair,mecha girl,Chinese style,sunlight,three sided view,standing,starry sky,clusters of stars,{best quality}, {{masterpiece}}, {highres}, original, extremely detailed 8K wallpaper, 1girl, {an extremely delicate and beautiful},,"
分享,白髮蘿莉,"ahoge,bangs,side_ponytail,white_hair,red_eyes,reaching,embarrassed,standing,loli,flat_chest,slippers,one-piece dress,octane render,meticulous painting,flowers meadows,pov"
分享,黑皮白毛红瞳,"waist apron,ass focus,flat_chest,breast curtains,,underboob,medium hair,white_hair,red_eyes,dark-skinned_female,"
反向关键词,丑,ugly
反向关键词,丸吞,vore
反向关键词,重复,duplicate
反向关键词,病态,morbid
反向关键词,残缺,mutilated
反向关键词,双性,hermaphrodite
反向关键词,多余的手指,extra fingers
反向关键词,融合的手指,fused fingers
反向关键词,太多的手指,too many fingers
反向关键词,长脖子,long neck
反向关键词,变异的手,mutated hands
反向关键词,画得不好的脸,poorly drawn face
反向关键词,突变,mutation
反向关键词,变形,deformed
反向关键词,模糊,blurry
反向关键词,坏解剖,bad anatomy
反向关键词,坏比例,bad proportions
反向关键词,畸形的四肢,malformed limbs
反向关键词,额外四肢,extra limbs
反向关键词,克隆脸,cloned face
反向关键词,毁容,disfigured
反向关键词,大体比例,gross proportions
反向关键词,失踪的手臂,missing arms
反向关键词,失踪的腿,missing legs
反向关键词,多余的手臂,extra arms
反向关键词,额外的腿,extra legs
反向关键词,畸形腿,deformed legs
反向关键词,一条腿多个膝盖,more than 2 knee
反向关键词,万能负面,"​​lowres, bad anatomy, bad hands, text,error, missing fngers,extra digt ,fewer digits,cropped, wort quality ,low quality,normal quality, jpeg artifacts,signature,watermark, username, blurry, bad feet​​lowres, bad anatomy, bad hands, text,error, missing fngers,extra digt ,fewer digits,cropped, wort quality ,low quality,normal quality, jpeg artifacts,signature,watermark, username, blurry, bad feet"
反向关键词,UNTAG,"pregnant,ugly,vore,duplicate,extra fingers,fused fingers,too many fingers,mutated hands,poorly drawn face,mutation,bad anatomy,blurry,malformed limbs,disfigured,extra limbs,missing arms,missing legs,extra arms,deformed legs,lowres, bad anatomy, bad hands, text, error, missing fingers, extra digit, fewer digits, cropped, worst quality, low quality, normal quality, jpeg artifacts, signature, watermark, username, blurry, bad feet,"
反向关键词,眼睛优化,poorly drawn asymmetric eyes
反向关键词,负面合集,"lowres, bad anatomy, bad hands, text,error, missing fngers,extra digt ,fewer digits,cropped, wort quality ,low quality,normal quality, jpeg artifacts,signature,watermark, username, blurry, bad feet"
反向关键词,去除文字,"written words, script,writing, written language,word,text font,english,alphabet,letter,text"
反向关键词,额外的耳朵(针对兽耳),Extra ears
反向关键词,奇奇怪怪的反面,"lowres, bad anatomy, bad hands, text, error, missing fingers, extra digit, fewer digits, cropped, worst quality, low quality, normal quality, jpeg artifacts, signature, watermark, username, blurry"
反向关键词,画得不好的手,poorly drawn hands
反向关键词,预设反向关键词,"lowres, bad anatomy, bad hands, ((text)), (watermark), error, missing fingers, extra digit, fewer digits, cropped, worst quality, low quality, normal quality, ((username)), blurry,  (extra limbs)"
反向关键词,丢失的脚趾,missing toes
反向关键词,负面ino,"lowres, bad anatomy, bad hands, text, error, (missing fingers, extra digit, fewer digits:1.3), cropped, worst quality, low quality, normal quality, jpeg artifacts,signature, watermark, username, blurry, artist name, (worst quality, low quality, extra digits:1.3), detached collar,(juvenile:1.3), (simplistic:1.3), (lack of maturity:1.3), (unconvincing age:1.3), (cliche:1.3), ""Poor quality image, (low resolution:1.3), (pixelated:1.3), (blurred:1.3), (grainy:1.3), (noisy:1.3), (compression artifacts:1.3), (over-exposure:1.3), (under-exposure:1.3), (bad lighting:1.3), (poor composition:1.3), (unattractive:1.3), (unappealing:1.3), (unedited:1.3), (amateur:1.3),(three arms:1.3)(poorly drawn hands:1.3)"
反向关键词,用于摄影的限制容易变形的手和肢体,"(((canvas frame))), cartoon, 3d, ((disfigured)), ((bad art)), (white edges), ((deformed)),((extra limbs)),((close up)),((b&w)), wierd colors, blurry, (((duplicate))), ((morbid)), ((mutilated)), [out of frame], extra fingers, mutated hands, ((poorly drawn hands)), ((poorly drawn face)), (((mutation))), (((deformed))), ((ugly)), blurry, ((bad anatomy)), (((bad proportions))), ((extra limbs)), cloned face,(((disfigured))),out of frame,ugly,extra limbs,(bad anatomy), gross proportions, (malformed limbs), ((missing arms)), ((missing legs)), (((extra arms))), (((extra legs))), mutated hands, (fused fingers), (too many fingers), (((long neck))), Photoshop, video game, ugly, tiling, poorly drawr hands, poorly drawn feet, poorly drawn face, out of frame mutation, mutated, extra limbs, extra legs, extra arms, disfigured, deformed, cross-eye, body out of frame, blurry, bad art, bad anatomy, 3d render"
反向关键词,肢体问题解决（重复了两遍，不容易出问题,"extra fingers, fused fingers, bad proportions, missing arms, missing legs, extra arms, extra legs ,missing hands, malformed limbs, extra fingers, extra fingers, fused fingers, bad proportions, missing arms, missing legs, extra arms, extra legs ,missing hands, malformed limbs, extra fingers,"
反向关键词,中，自用万能负面，太长分为三部分（by普通欢）,"bad crotch seam, fused anus, fused pussy,((abnormal eye proportion)),(Abnormal hands),( abnormal legs),(abnormal feet abnormal fingers),(sharp face),bad anatomy,bad hands,text,error,missing fingers,cropped,worst quality,normal quality,watermark,username,blurry,missing arms,long neck,Humpbacked,malformed "
反向关键词,下，自用万能负面，太长分为三部分（by普通欢）,"limbs,mutilated,deformed,malformed,multiple breasts,missing fingers,poorly drawn,poorly drawn hands,extra legs,mutated hands and fingers,bad anatomy disfigured malformed mutated,worstquality,too many fingers,malformed hands,Missing limbs,long neck,blurry,missing arms,three arms,long body,more than 2 thighs,more than 2 nipples,missing legs,mutated hands and fingers ,low quality,jpeg artifacts,signature,extra digit,fewer digits,lowres,bad anatomy,extra limbs"
头发,呆毛,ahoge
头发,齐刘海,blunt_bangs
头发,卷发,curly_hair
头发,钻头卷/公主卷,drill_hair
头发,包子头,hair_bun
头发,包子头(两个),double_bun
头发,马尾,ponytail
头发,短马尾,short_ponytail
头发,侧马尾,side_ponytail
头发,凌乱发型,messy_hair
头发,姬发式,hime_cut
头发,长鬓角,payot
头发,波浪发型,wavy_hair
头发,短发,short_hair
头发,长发,long_hair
头发,很长的头发,very_long_hair
头发,没鼻子的,no_nose
头发,尖牙,fangs
头发,舌头,tongue
头发,唾液,saliva
头发,动物耳朵,animal_ears
头发,狐狸耳朵,fox_ears
头发,兔耳,bunny_ears
头发,猫耳,cat_ears
头发,狗耳,dog_ears
头发,老鼠耳朵,mouse_ears
头发,尖耳,pointy_ears
头发,闪亮头发,shiny hair
头发,金发,blonde hair
头发,多色头发,multicolored hair
头发,分色头发,split-color hair
头发,渐变头发,gradient hair
头发,条纹头发,streaked hair
头发,尖端挑染,colored tips
头发,彩色内毛,colored inner hair
头发,短发,short hair
头发,蘑菇头,bowl cut
头发,中长发,medium hair
头发,妹妹头,bob cut
头发,翘发,flipped hair
头发,长发,long hair
头发,姬切,hime cut
头发,低扎长发,low-tied long hair
头发,马尾,ponytail
头发,高马尾,high ponytail
头发,低马尾,low ponytail
头发,侧马尾,side ponytail
头发,短马尾,short ponytail
头发,前马尾,front ponytail
头发,低双马尾,low twintails
头发,短双马尾,short twintails
头发,编织马尾辫,braided ponytail
头发,折迭马尾辫,folded ponytail
头发,单辫 ,single braid
头发,低双辫,low twin braids
头发,侧织辫,side braid
头发,冠型织辫,crown braid
头发,法式辫子,french braid
头发,脏辫,dreadlocks
头发,辫子刘海,braided bangs
头发,发髻,hair bun
头发,单发髻,single hair bun
头发,双发髻,double bun
头发,锥形发髻,cone hair bun
头发,辫子髻,braided bun
头发,甜甜圈发髻,doughnut hair bun
头发,心型发髻,heart hair bun 
头发,卷发,curly hair
头发,自然卷,wavy hair
头发,钻发,drill hair
头发,双钻发,twin drills
头发,小环管卷发,ringlets
头发,不对称浏海,asymmetrical bangs
头发,齐浏海,blunt bangs
头发,刘海遮眼,hair over eyes
头发,刘海遮单眼,hair over one eye
头发,分开浏海,parted bangs
头发,扫浏海,swept bangs
头发,眼间发,hair between eyes
头发,耳前发,sidelocks
头发,单耳前发,single sidelock
头发,长耳前+短发,short hair with long locks
头发,进气口(M毛),hair intakes
头发,侧发后梳(公主结),half updo
头发,头发后梳,hair pulled back
头发,一侧绑发,one side up
头发,双侧绑发,two side up
头发,多绑头发,multi-tied hair
头发,蝴蝶结发,bow-shaped hair
头发,顶绑发,topknot
头发,凌乱头发,messy hair
头发,尖发动耳发,pointy hair
头发,毛瓣,hair flaps
头发,头发散落,hair spread out
头发,呆毛,ahoge
头发,天线毛,antenna hair
头发,漂浮的头发,floating hair
头发,直发,straight hair
头发,鲍勃头（雷姆式）,bob
头发,狼耳,wolf ear fluff
头发,右边侧发,right side temple hair
头发,左边侧发,left side temple hair
头发,双侧发,temple hairs
头发,双龙须刘海,twin slut strands
头发,龙须刘海,slut strands
头发,挑染,streaked hair
头发,鲍伯头,bob cut
头发,紫色头发（羽化前）,purple_hair
头发,粉色头发（羽化前）,pink_hair
头发,橙色头发,orange_hair
头发,棕色头发（羽化前）,brown_hair
头发,蓝色头发,blue_hair
头发,黑色头发（羽化前）,black hair
头发,水蓝色头发（羽化前）,aqua_hair
头发,白发,white hair
头发,橙色头发,Orange hair
头发,灰色杂乱长发,grey_messy_long_hair
头发,栗子色头发,Chestnut_hair
头发,两眼之间的头发,hair between eyes
头发,中分头,Split head
头发,长长的卷发,long wavy curly hair
头发,披肩单马尾,one side up hair
头发,披肩双马尾,two side up hair
头发,团子头(和风),updo hair
头发,长到能拖地的头发(随缘生效),"(very long hair),foot length hair,long hair to the ground"
头发,魅魔萝莉,loli red
头发,绿发,green hair
头发,白发,"loli,white hair,girl,blue eye"
头发,不对称双马尾,uneven twintails
头发,绿发,green_hair
头发,兔子耳朵,rabbit ears
头发,双辫子,twin_braids
头发,两色头发 ,two-tone hair
头发,露额头（没有刘海）,To reveal the forehead
头发,动态头发,Dynamic hair
头发,中分,Medium score
头发,双麻花辫,twin braids
头发,双马尾,twintails
头发,麻花辫,braid
头发,光头,bareheaded
头发,刘海,bangs
头发,粉棕色头发,Pink_brown hair
头发,水下，使用于人物，如头发漂浮效果,Underwater portrait
头发,及腰长发,Waist_length_hair
头发,極短頭髮,very short hair
头发,四马尾,quad tails
头发,交叉刘海,crossed bangs
头部,看观众,looking at viewer
头部,面对观众,facing viewer
头部,看着另一个,looking at another
头部,看侧边,looking to the side
头部,不看镜头,looking away
头部,回头看,looking back
头部,往下看,looking down
头部,往上看,looking up
头部,遥望,looking afar
头部,盯着,staring
头部,对视,eye contact
头部,斜视,sideways glance
头部,开嘴,parted lips
头部,开口,open mouth
头部,闭嘴,closed mouth
头部,吐舌,tongue out
头部,舔嘴唇,licking lips
头部,咬紧牙关,clenched teeth
头部,微笑,smile
头部,露齿笑,grin
头部,坏笑,evil smileevil grin
头部,得意笑,smirk
头部,自鸣得意,smug doyagao
头部,幸灾乐祸,troll face 
头部,诱人的微笑,seductive smile 
头部,呼吸,breath
头部,摸头,headpat
头部,哭哭,crying
头部,张眼哭,crying with eyes open
头部,脸贴脸,cheek-to-cheek
头部,角,horn
头部,呼吸急促,heavy breathing
头部,狂气龇牙/坏笑,crazy angry smile，clenched_teeth
头部,额头,forehead
头部,一对角,pair of horns
头部,鹿角,antlers
头部,兽耳,kemomimi
姿势,弓背,arched back
姿势,拉伸,stretching
姿势,躺着,lying on back
姿势,趴着,on stomach
姿势,侧躺,on side
姿势,四肢着地,all fours
姿势,jack-o,jack-o' challenge
姿势,双腿过头,legs over head
姿势,自拍,selfie
姿势,通过腿看,looking through legs
姿势,二郎腿,crossed_legs
姿势,跪姿,kneel
姿势,萝莉坐,kneeling&setting on floot
姿势,坐在地上,sitting on the ground
姿势,一字马,standing split
姿势,手臂在背后 ,arms behind back 
姿势,狗趴式,doggystyle
姿势,泡温泉,half body under water
姿势,趴着翘臀,top-down_bottom-up
姿势,開腳,open your legs wide
姿势,漏腋,armpits
姿势,战斗姿态,fighting_stance
姿势,坐在椅子上,sitting on chair
姿势,瑜伽,yoga
姿势,绝对空域（大腿三角）,thigh gap
姿势,骑马,horse riding
姿势,行走,walk
姿势,躺着,lying
姿势,正骑乘,girl on top
姿势,祈祷,pray
姿势,翘PP,top-down bottom-up
姿势,抱膝,"huddle, clasp knees"
姿势,公主抱,princess carry
姿势,侧躺着,"Lie on your side,"
姿势,抚摸,groping
姿势,撩起衣服,clothes_lift
姿势,盘腿坐,"indian style,"
姿势,动态姿势,dynamic pose
姿势,敬礼,salute
姿势,平趴着,"prostrate, lie flat"
姿势,提裙,Skirt lift
姿势,蹲着,squatting
姿势,坐在车上,sitting on car
姿势,双手抱肩,Put hands around shoulders
姿势,托腮,gill support
姿势,张开腿,spread legs
姿势,掀裙子,skirt_lift
姿势,跨坐,straddling
姿势,舌吻,"French kiss, proper kiss"
姿势,坐在床上,sitting on bed
姿势,弯腰,bent over
姿势,抱胸/遮挡胸部,hug self
姿势,站立,standing
姿势,漂浮,floating
姿势,骑乘,"girl_on_top,straddling"
姿势,鸭子坐,wariza
姿势,踩踏（在......上）,trampling
姿势,胎儿姿势(身体卷缩着),fetal position
姿势,坐在地上(似鸭子坐),w-sitting on the ground
姿势,坐着,sitting
姿势,最有效的开腿(传教士体位),missionary position
姿势,身体前倾,leaning_forward
姿势,叉开着腿坐,figure four sitting
媒体,照片,photo (medium) 
媒体,水彩,watercolor (medium)
媒体,油画 ,oil painting (medium) 
媒体,彩色铅笔,colored pencil (medium) 
媒体,铅笔画,graphite (medium) 
媒体,马克笔,marker (medium)
媒体,签字笔,nib pen (medium)
媒体,原子笔,ballpoint pen (medium)
媒体,丙烯颜料,acrylic paint (medium)
媒体,厚涂,"{photorealistic}, {painting}, {realistic}, {sketch}, {oil painting}"
媒体,水粉,gouache
媒体,湿画法水粉,wet gouache
媒体,工笔画（比起素描感觉更适合ink）,meticulous painting
媒体,禅绕,Zentangle (medium)
媒体,精致的反光和高玻璃护栏板,delicate refective and high glass guardrail board
强化属性,单人,solo
强化属性,两女,2girls
强化属性,三人行,threesome
强化属性,娇小的,petite
强化属性,百合,yuri
强化属性,睡觉,sleeping
强化属性,异性,hetero
强化属性,人鱼,Mermaid
强化属性,机娘,mecha girl
强化属性,女仆,maid
强化属性,修女,nun
强化属性,双子,twins
强化属性,巫女,miko
强化属性,福瑞（兽人）,furry
强化属性,刀，剑,knife and sword
强化属性,Use sword,knife and sword
强化属性,忍者,ninja
强化属性,龙娘,dragon girl
强化属性,细腻的肌肉线条,Delicate muscle lines
强化属性,拟人,gijinka
强化属性,护士,nurse
强化属性,日系兽人/萌系兽人,kemono
强化属性,壮汉,Strong man
强化属性,洛丽塔风格,lolita fashion
强化属性,细腰,slim waist
强化属性,美少女（By 自由夸克）,bishoujo
强化属性,两男,two boys
强化属性,成熟男性,mature male
强化属性,狙击手,profile
强化属性,吸血鬼,vampire
强化属性,魅魔,succubus
强化属性,女巫,witch
强化属性,天使,"angel,"
强化属性,狐娘,fox girl
强化属性,下体突出（男性）,bulge
强化属性,风精灵.希尔芙(精灵尖耳.白或绿发.薄纱蝶翼,Sylph
强化属性,火妖.伊芙利特(不加其他修饰就是火焰恶魔,Ifrit
强化属性,水精灵（肢体偏水化，整体偏蓝）,water sprit
强化属性,马甲线,abdominal muscles
强化属性,机器人,robot
强化属性,马甲线,"linea alba,"
强化属性,牧师,priest
强化属性,巨大化(女),",{{{small city}}},{{{giantess}}},{{{giga size}}},minimap,(((tall)))"
强化属性,公主,princess
强化属性,人形机器人/机器仿生人（安卓）,android
强化属性,miku,(((hatsune miku)))
强化属性,假面骑士,kamen rider
强化属性,黑化,dark_persona
强化属性,吸血鬼,vampire
强化属性,开心的萝莉,solo focus
强化属性,肌肉,muscle
强化属性,水精灵.温蒂尼（肤色偏蓝，鲛人耳朵，大量水元素）,Undine
强化属性,熟女,mature female
强化属性,正太,shota
强化属性,匀称的身材,neat figure
强化属性,苗条的腰,slender waist
强化属性,金刚芭比魔法战士,muscle magician
强化属性,雪妖,"froslass,"
强化属性,魔法师,"enchanter
"
强化属性,油腻的皮肤,shiny skin
强化属性,碧蓝航线（加了就变涩）,azur lane
强化属性,完美的女体(全年龄段),Perfect female body
强化属性,恶魔,demon
强化属性,青少年,teenage
强化属性,日式辣妹,grayu
强化属性,兔娘,bunny girl
强化属性,犬娘（单独使用效果很弱）,dog girl
强化属性,猫娘,cat girl
强化属性,小男孩,Little Boy
强化属性,机械三件套（机械，机甲，金属）,"Machinery, metal, mech"
强化属性,出汗,sweat
强化属性,女神,goddess
强化属性,当你想要一张福瑞图的时候你可能需要输入的词条,"furry,pokemon,no humans"
强化属性,动物化（兽控类）,animalization
强化属性,青春期,adolescent
强化属性,蓝火与剑交织,"blue fire and sword interweave,"
强化属性,金属翅膀,metal wings
强化属性,机械翅膀,mechanical armor wings
强化属性,机器人女孩,robot girl
强化属性,女性军人,female soldier
强化属性,幼女,infant
强化属性,女巨人,giantess
强化属性,精灵,elf
强化属性,处女,virgin
强化属性,少女(By 匿名),young girl
强化属性,天使,angel
强化属性,中式、中国风,Chinese style
强化属性,人偶关节(建议适当提权),doll joints
强化属性,多女,multiple girls
强化属性,美少年,bishounen
强化属性,奶油版光滑的皮肤,the creamy smooth skin
手,伸出双臂,outstretched arms
手,伸出单臂,outstretched arm
手,伸出单手,outstretched hand
手,伸手触及,reaching
手,张开双臂,spread arms
手,殭尸姿势,zombie pose
手,单抬臂,arm up
手,双抬臂,arms up
手,展示腋下,presenting armpit
手,手臂放头后,arms behind head
手,手臂放后面,arms behind back
手,双手叉腰 ,hands on hips
手,手放嘴上,hand to own mouth
手,手放脸上,hand on own face
手,抱自己的腿,hugging own legs
手,手臂支撑,arm support
手,拨头发,hand in own hair
手,双手拨头发,hands in hair
手,调整头发,adjusting hair
手,扎头发 ,tying hair
手,牵手,holding hands
手,手指相扣,interlocked fingers
手,双手相扣,own hands clasped
手,双手相合,own hands together
手,紧握双手,clenched hands
手,张开双手,open hands
手,张开手指 ,spread fingers
手,打手枪手势,handjob gesture
手,雙V手勢,double peace hand
手,用手指做出笑脸,fingersmile
手,手交叉于胸前,arms crossed
手,手镯,Bracelet
手,掰开,hand on cortch
手,隐藏手,hidden hands
手,拿着伞,holding umbrella
手,把手放在口袋里,Put your hands in your pockets
手,托腮,chin
手,精细手指,detail fingers
手,手放在口袋里, hands in pockets
手,“嘘”手势,shushing
手套,手套,gloves 
手套,肘部手套,elbow gloves
手套,猫猫手套,paw gloves
手套,无指手套,fingerless gloves
手套,袖子,sleeves
手套,分离式袖子,detached sleeves
手套,宽袖,wide sleeves
手套,丝带饰边袖子 ,ribbon-trimmed sleeves
手套,无袖,sleeveless
手套,手腕袖口,wrist cuffs
手套,婚礼手套,bridal gauntlets
手套,拳击手套,boxing gloves
手套,乳胶手套,laxet glove
手套,蓬松的大袖子,puffy sleeves
手套,连指手套,mittens
手套,蕾丝边手套,lace-trimmed_gloves
手套,手铐,handcuffs
手套,战术手套,Tactical gloves
手套,短袖,short sleeves
手套,乳胶手套,latex glove
手套,长袖手套,elbow_gloves
手套,长袖,Long sleeve
手套,长手套,long gloves
手套,金属手套,"gauntlets,"
手套,乳胶手套,latex gloves
模板,反向模板:简单,"lowres,bad anatomy,bad hands, text, error, missing fingers,extra digit, fewer digits, cropped, worstquality, low quality, normal quality,jpegartifacts,signature, watermark, username,blurry,bad feet"
模板,反向模板:手/身体相关,"polar lowres,bad anatomy,bad hands,bad body,bad proportions,gross proportions,text,error,missing fingers,missing arms,missing legs,extra digit,"
模板,反向模板:多出肢体,"extra fingers,fewer digits,extra limbs,extra arms,extra legs,malformed limbs,fused fingers,too many fingers,long neck,cross-eyed,mutated hands"
模板,反向模板:裁剪/水印,"cropped,poorly drawn hands,poorly drawn face,mutation,deformed,worst quality,low quality,normal quality,jpeg artifacts,signature,watermark,"
模板,画面光影效果(By 脸滚键盘),"cinematic lighting, volume lighting, bloom effect, light particles"
模板,角色设计,"{diagram}, schematic,,{best quality}, {{{masterpiece}}}, {highres}, original, extremely detailed 8K wallpaper, 1girl, {an extremely delicate and beautiful},Concept art, character sheet,diagram, reference sheet,balance scale"
模板,黑,"top-down bottom-up,long_hair,black_hair/black_eyes,tongue out,no_bra,thong leotard,highres,mature female,"
模板,星际牛仔风格,"1980s (style),solo,cinematiclighting,ruins,upper body,beautiful，girl，Cowboy Bebop，smile,eye contact,arms behind back,"
模板,白发,"white pantyhose,heart-shaped pupils,drooling,legs apart,white_hair,red_eyes,looking down"
模板,武士,ponytail sword
模板,蘿莉,"ahoge,ponytail,bangs,embarrassed,outstretched hand,looking away,standing,blonde_hair/yellow_eyes,solo,loli,dress,barefoot,"
模板,信浓,"tongue out,"
模板,高质量预设,"best quality, masterpiece, highres, original, extremely detailed wallpaper,an extremely delicate and beautiful"
模板,Gawr_Gura,"one_girl loli ahoge bangs aqua_blue_skirt blunt_bangs blurry blush white_hemmed_short_sleeve flod_spencer long_hair slightly_curly_hair white_hair_with_a_touch_of_blue multicolored_hair gradient_aqua_blue_eyes pleated_skirt no_twintails,shark_tail open_mouth_with_upper_row_of_shark_teeth smile blue_small_hairpin gawr_gura hololive_en pov"
模板,金发修仙者,"masterpiece, best quality,boy,18 years old,white hair,golden eyes,Look firm and resolute,wear hanfu,in an ancient look of China,flying in sky,{cinematic lighting, ray-tracing},{{reflective water}},dynamic pose,{{{{{translucent skin}}}}},bokeh.{{spray}}"
模板,卡尔贝舍夫,1girl，white hair，A dress for a Soviet engineering lieutenant general
模板,崩坏三呆鹅生成器,blue eyes， high ponytail，masterpiece，1girl，logo，golden hair
模板,rrrrr,"masterpiece, best quality, day, full_moon, on the beach, 2girls, mesugaki, "
模板,a13,"straight-on,upper body,foreshortening,simple background,indoors,comic,photo (medium) ,solo,ahoge,long_hair,white_hair,red_eyes,looking at viewer,standing,arms behind back,slim legs,smile,wide-eyed,sailor dress,uwabaki,flat_chest"
模板,掀裙鄙视低视角 by 山河,"clothes lift,shirt lift,No underwear,standing,open mouth,clenched teeth,gloom (expression),shaded,shaded face,disgust,annoyed,looking at viewer,lift up topwear,looking down,perspective from below,"
模板,银发美少女,"straight-on,upper body,nature,game cg,medium hair,silver_hair/silver_eyes,looking at viewer,smile,one eye closed,halter dress ,the petals fall,Point of light,hair ornament,1girl,pantyhose,arms behind back,lace-up boots,close-up, masterpiece,best quality"
模板,okok,"best quality,Amazing,beautiful detailed eyes,{an extremely delicate and beautiful girl},finely detail,Depth of field,{full body},white streaked  hair,red eyes,five fingers,five toes,cold faces,ahoge,wolf ear fluff,white_hair,red_eyes,facing viewer,crossed_legs,"
模板,小u,"ahoge,aquagradient eyes,grey_hair/white_eyes,shota,kneeling&setting on floot,chibi,outstretched arms,fused fingers,from above,on bed,facing viewer,smile,parted bangs,hood,hoodie,sleeves,sleeves,solo,barefoot,"
模板,紫发古风少女,"best quality, best quality,Amazing,extremely detailed CG unity 8k wallpaper,clothes,(((masterpiece))),illustrationfrills， bestquality，detailed eyes，extremely detailed 8k wallpaper,beautiful，Purple hair，golden eyes,wear hanfu,in an ancient look of China"
模板,吸血姬,"wolf ear fluff,ahoge,twintails,white_hair,red_eyes,facing viewer,licking lips,wariza,spread arms,blush,china dress,"
模板,偏幼偏阴柔的美少年（反向词条记加上blush）,"{an extremely delicate and beautiful male child}, {best quality}, teenage, cg 8k wallpaper, master piece, beautiful, detailed eyes"
模板,禁咒起手式(正tag放动作大概率崩),"{best quality},{Highest image quality}, {{masterpiece}}, {highres}, {original},{Delicate background},{extremely detailed 8K wallpaper},cinematic lighting,volume lighting,bloom effect,cinematiclighting,light particles,{Extremely uniform picture},{highly detailed},{huge filesize},ray tracing"
模板,卷毛少女,"{best quality}, {{masterpiece}}, {highres}, original, extremely detailed 8K wallpaper, 1girl, {an extremely delicate and beautiful},solo focus,silhouette,cityscape,extremely detailed CG unity 8k wallpaper,loli,curly_hair,looking away,standing,black_thighhighs,sleepy,heterochromia,pleated skirt,gloves ,ribbon,hair flower,barefoot,facing away,glowing light,"
模板,是某个可爱的机娘吧,"(((masterpiece))), (((best quality))), ((ultra-detailed)), ((extremely detailed CG unity 8k wallpaper)), (1girl:1.9) aqua left eye and green right eye (short blue hair: 1.2) (gradient to green: 1.1) [:(transformed by machinery: 1.8):6] [knee: (robot joints: 1.8):10] [(white pantyhose:1.1):(artificial legs: 1.7) (mechanical legs: 1.4):12] [(white cloth):(artificial torso):10] (short skirt:1.1) white gloves with (white coat:1.2) high-heel shoes"
模板,水墨,"short hairiny eyes, {{{watercolor}}}, soft lighting, beautiful detailed hair, silve hair, wind blows, long hair, red eyes, school uniform, hair bow, masterpiece, best quality
"
模板,麻尤米,"1girl,fox ears,swept bangs,hair_bow,golden hair,long hair,high_ponytail,red eyes,gradient eyes,eyelashes,expressionless,collar,heart necklace,leather clothing,{dark grey leather clothing},white coat,belt,garters,white background,lights,looking at viewer"
模板,ooo,"((best quality)), ((masterpiece)), ((ultra-detailed)), extremely detailed CG, (illustration), ((detailed light)), (an extremely delicate and beautiful), a girl, solo, ((upper body,)), ((cute face)), expressionless, (beautiful detailed eyes), blue dragon eyes, (Vertical pupil:1.2), white hair, shiny hair, colored inner hair, (Dragonwings:1.4), [Armor_dress], blue wings, blue_hair ornament, ice adorns hair, [dragon horn], depth of field, [ice crystal], (snowflake), [loli], [[[[[Jokul]]]]],"
模板,正大,"first-person view,full body,dynamic angle ,starry sky,beach,highres,solo,shota,short_hair,cat_ears,flipped hair,black hair,blue_eyes,tongue out,bent over,spread arms,slim legs,raised eyebrow,fang,aquagradient eyes,hoodie,shorts,socks,sneakers,flat_chest,best quality, masterpiece, highres, original, 1girl, extremely detailed 8K wallpaper, an extremely delicate and beautiful, (summer_festival), fireworks, cinematic lighting, depth of field,"
模板,机娘,"{{{extremly detailed unity 8K CG}}},{{{masterpiece}}},{{{best quality}}} ,{{{detailed face}}}, {{mecha musume}},{{mechanical wings}}, {{mechanical legs}},{{high heels}},{full body} "
模板,香风智乃," kafuu chino,solo,loli,petite,{best quality}, {{masterpiece}}, {highres}, original, extremely detailed 8K wallpaper, 1girl, {an extremely delicate and beautiful},looking through legs, blue eyes"
模板,旗袍，吊带袜,"masterpiece, best quality, masterpiece, best quality, masterpiece,best quality,official art,extremely detailed CG unity 8k wallpaper, artbook, girl, solo, bishoujo, female, long hair, seductive smile, garter_belt, garter straps,china dress,qipao,cheongsam"
模板,黑丝空姐,"masterpiece, best quality, masterpiece, best quality, masterpiece,best quality,official art,extremely detailed CG unity 8k wallpaper, artbook, girl, female, stewardess, gradient hair, colored inner hair, braided ponytail , jitome, :t, miniskirt, pantyhose, thighband pantyhose, stockings,"
模板,中日混合风,"{masterpiece},{best quality},{1girl},Amazing,beautiful detailed eyes,solo,finely detail,Depth of field,extremely detailed CG,original, extremely detailed wallpaper,{{highly detailedskin}},flower,solo,1girl,sky,closed_mouth,hanfu,erhu,suona,hair_flower,looking_at_viewer,bangs,day,kimono,water,cloud,outdoors,hair_ornament,autumn_leaves,long_hair,black_hair,blue_sky,blurry"
模板,1,"portrait of mr who, his time machine is in the background, m, intricate, elegant, highly detailed, digital painting, artstation, concept art, smooth, sharp, focus, illustration, art by artgerm and greg rutkowski and alphonse mucha "
模板,吸血,"((1 male)),(((masterpiece))), best quality, highly detailed,extremely detailed CG unity 8k wallpaper,illustration, red eyes, short silver hair, pointy ears, vampire, wet, partially submerged,  necklace, hair flower, ocean, snow, ice, full body shot, high close up, highly detailed, center frame, sharp focus, looking at viewer,comic,"
模板,123,"torii,solo,long_hair,white_hair,red_eyes,light smile,tying hair,white_thighhighs,confused,gradient eyes,kimono,tabi,geta,sunlight,"
模板,高质量保底（SD用小括号版）,"(((masterpiece))),(extremely detailed CG unity 8k wallpaper),best quality,Amazing,finely detail,cinematic lighting,close-up,((floating hair)),((Sakura)),outdoors,sky,{{wind}},detailed background,beautiful detailed eyes,bright pupils,((full body)), dynamic pose,dynamic angle,looking at viewer,detailed clothes"
模板,d,"petite,loli,china dress,kneehighs,bridal gauntlets,twintails,payot,long_hair,thigh strap,hair bow,bowtie,earrings,hair ribbon,hair rings,hairclip,hair flower,hair stick,hairband,"
模板,001,"cleavage,bridal gauntlets,white stocking,white_thighhighs,presenting foot,slim legs,legs apart,"
模板,旗袍，吊带妹,"masterpiece, best quality, masterpiece, best quality, masterpiece,best quality,official art,extremely detailed CG unity 8k wallpaper, artbook, girl, solo, bishoujo, female, long hair, seductive smile, garter_belt, garter straps,china dress,qipao,cheongsam,"
模板,不知道,"masterpiece, best quality, masterpiece,best quality,official art,extremely detailed CG unity 8k wallpaper, night, moon, stars, the top of the hill, game_cg, girl, magical_girl, long hair, gradient hair, ahoge, hairclip, eyelid pull , light blush, leaning forward, school uniform, shoes , thighhighs, "
模板,Ashen,"1girl	0.980
ahoge	0.961
bangs	0.896
blush	0.892
closed_mouth	0.767
eyebrows_visible_through_hair	0.545
hair_between_eyes	0.827
index_finger_raised	0.805
long_hair	0.944
looking_at_viewer	0.828
purple_background	0.994
purple_eyes	0.989
simple_background	0.531
smile	0.947
solo	0.915"
模板,six,"miniskirt,on stomach,outstretched arms,pigeon-toed,embarrassed,half-closed eyes"
模板,白衣机娘,"1girl, full body, cyberpunk, {armor}, long white hair, golden eyes, blush, {robot joints}, {bodystocking}, {{circlet}}, white plugsuit, on bed, spread legs, looking at viewer"
模板,??,"best quality,Amazing,beautiful detailed eyes,{an extremely delicate and beautiful girl},finely detail,Depth of field,{full body},white streaked  hair,red eyes,five fingers,five toes,cold faces,cinematic angle,full body,simple background,field,comic,angel,drill_hair,blonde_hair/yellow_eyes,standing,"
模板,棘刺,"1boy,solo,{{short ponytailr}},{{black hair}},blonde eyes,  dark-skinned male,necklace,white gloves,earrings,arknights,"
模板,打包,"full body,solo focus,sunburst background,card games,artbook,intricate detail,black_hair/black_eyes,looking away,looking up,sideways glance,closed mouth,clenched teeth,standing,outstretched hand,legs apart,serious,fingerless gloves,ribbon,Samurai Sword,"
模板,hh,"cinematic angle,full body,lawn,anime screencap,infant,very_long_hair,green_hair/green_eyes,tongue out,standing,hair flower,"
模板,迪蒙,"Chinese style,Large Shield,male,Black long hair,Black eyes,Determination"
模板,White JK,"anime,long hair,dark hair,blue eyes,earphones,school uniform "
模板,有那么一点本体风格的少女,"1girl, black long hair, brown eyes, {{white chinese clothes}}, detached wide sleeves, trench , {white pants}, {{black knee boots}}, fantasy, full body, white background, arms behind back, {21 years old}"
模板,01自用,"{best quality}, {{masterpiece}}, {highres}, original, extremely detailed 8K wallpaper, 1girl, {an extremely delicate and beautiful},Perfect female body,mature female,official art,full body,{best quality}, {{masterpiece}}, {highres}, original, extremely detailed 8K wallpaper, 1girl, {an extremely delicate and beautiful},,masterpiece,looking at viewer,beautiful detailed sky,cinematiclighting,white background,gilt border,"
模板,花中少女（结尾有种子）," masterpiece, {best quality}, {{masterpiece}}, {highres}, (((flowers))),original, extremely detailed wallpaper, 1girl,{an extremely delicate and beautiful},white_hair,short_hair,blue eyes,((lying)),cropped shoulders,expressionless,solo,petite,loli,white flower hair ornament,white flower and grass background,gold dress,small chest,collarbone,hand on hair    seed:1255526189,steps:40,scale:12"
模板,失去主人,"incredibly_absurdres,perspective,backlight,messy_hair,short_hair,hair over one eye,black hair,clenched teeth,looking away,crying with eyes open,squatting,sad,fang,sportswear,no shoes,bell,collar,mutilated,morbid,disfigured,dramatic angle ,cityscape,poster,Vaporwave,"
模板,?,"{best quality}, {{masterpiece}}, {highres},original,extremely detailed 8K wallpaper,1girl,{an extremely delicate and beautiful},nahida,(loli),((platinum white short_hair)),((short side ponytail)),(elf),(Large area of green Pick dyeing),(crystal green_hair),arms behind back,genshin,"
模板,大肚子,"{best quality}, {{masterpiece}}, {highres}, original, extremely detailed 8K wallpaper, 1girl, {an extremely delicate and beautiful},,blunt_bangs,blue_eyes,black hair,sheer tulle dress,garter straps garter belt,Xiao Qingyi Single ponytail cheongsam black,Pregnancy, cross-part tattoos, lewd tattoos"
模板,巨大化(大超萌),"cityscape,{{{full body}}},{{{black_thighhighs}}},adorable girl,{{{small city}}},{{{giantess}}},{{{giga size}}},no shoes,minimap,{{{long leg}}},((({{{standing in the city}}}))),{{from below}}},{{{{thin legs}}}},beautiful detailed sky,girl standing in the city,beautiful detailed sky,extremely detailed,nfsw,{{{1000 meters tall}}},{{{city destoy}}},{{{open eyes wide}}},highresbuilding,city,destruction,size difference,outdoors,crushing,skyscraper,building ruins,road,giant,"
模板,1,"masterpiece, best quality,day,comic,2girls,yuri,blonde hair,silver hair,high ponytail,long hair,naughty_face,heart in eye,eye_contact,garter straps,hair_ribbon,crotch_rub"
模板,novelai用高質量模板,"(best quality), ((masterpiece)), (highres), original, extremely detailed 8K wallpaper, 1girl, (an extremely delicate and beautiful),"
模板,高叉紧身衣通用,"{{masterpiece}},best quality,extremely detailed CG unity 8k wallpaper,{extremely detailed cg}, 1girl,highleg leotard,elbow_gloves,(((masterpiece))),(((best quality))),((ultra-detailed))((extremely detailed CG)),((8k_wallpaper))((an extremely delicate and beautiful)),{photorealistic},, {realistic},burning,detailed light,bloom,"
模板,21," best quality, masterpiece, highres, original, 1girl, extremely detailed 8K wallpaper, an extremely delicate and beautiful, (summer_festival), fireworks, cinematic lighting, depth of field,"
模板,狗耳花边短裙,"masterpiece,best quality,official art,extremely detailed CG unity 8k wallpaper,brown hair, brown eyes, hair_bun,short hair,{bulldog ears},floppy ears,brown theme coat,{{{{grey low skirt}}}},{{{red first aid kit shoulder bag}}},full body,{{white thighhighs}},{{brown white canvas shoes}},{{{brown tail}}}, {{{{{white tip of tail}}}}},{{{grey theme lace miniskirt}}}"
模板,114514,"short_hair,blunt_bangs,white_hair/pink_eyes,two-tone hair,gradient hair,a girl in a white dress sitting on a chair in front of a cityscape at night with her legs crossed, by Masaaki Sasamoto,{best quality}, {{masterpiece}}, {highres}, original, extremely detailed 8K wallpaper, 1girl, {an extremely delicate and beautiful},red-eyeshadow,lipstick，closed mouth,pink_hair，looking afar,bob cut，detached sleeves,"
模板,男生,"masterpiece,best quality,highly detailed,1boy,animated_gif,light,glasses,bust,Chinese,lolita_fashion,shota,o_o,v"
模板,65,"short_hair,blunt_bangs,white_hair/pink_eyes,two-tone hair,gradient hair,a girl in a white dress sitting on a chair in front of a cityscape at night with her legs crossed, by Masaaki Sasamoto,{best quality}, {{masterpiece}}, {highres}, original, extremely detailed 8K wallpaper, 1girl, {an extremely delicate and beautiful},red-eyeshadow,lipstick，closed mouth,pink_hair，looking afar,bob cut，detached sleeves,"
模板,demo,"white_hair, pink hair, loli, school uniform, long hair, glasses, hair ribbon, white stocking, at school,"
模板,元素法典起手式,"((masterpiece)), (((best quality))), ((ultra-detailed)), ((illustration)), ((disheveled hair))"
模板,高质量保底,"{{{masterpiece}}},{extremely detailed CG unity 8k wallpaper},best quality,Amazing,finely detail,solo,cinematic lighting,close-up,{{floating hair}},outdoors,sky,{{wind}},detailed background,beautiful detailed eyes,,bright pupils,{{full body}}, dynamic pose,dynamic angle,looking at viewer,detailed clothes,"
模板,萝莉酱,"pov crotch,masterpiece, best quality, masterpiece, best quality, masterpiece,best quality,official art,extremely detailed CG unity 8k wallpaper, artbook, girl, solo, bishoujo, female, long hair, seductive smile, garter_belt, garter straps,china dress,qipao,cheongsam,loli,cat_ears,beautiful detailed eyes,blush,"
模板,紫毛双马尾,"pov,on bed,anime screencap,solo,twintails,red_eyes,kneel,looking at viewer,open mouth,arms behind back,drunk,business suit,sheath dress,black pantyhose,purple hair,tie,"
模板,起手咒语,"{{masterpiece}},{best quality},{solo},highres,extremely detailed CG wallpaper,extremely detailed figure,Amazing"
模板,好耶,"white_hair/blonde_eyes,wolf ear fluff,slit pupils,slit pupils,wind coat,pants,tail insertion,cross necklace,headphone,Samurai Sword,"
模板,战术,"military_uniform,bulletproof_vest,,trench_coat,basement,highres,looking at viewer,fighting_stance,expressionless,hair over one eye one eye covered,fingerless gloves,firearms,FLIGHT Goggles,naval cap,tiny tits,"
模板,粉毛狐狸loli,"petite, fox,fox Tail,1girl, solo, pink hair, very long hair,white cheongsam,happy"
模板,saber（FATE）,"(((masterpiece))),(((best quality))),((ultra-detailed))((extremely detailed CG)),((8k_wallpaper))((an extremely delicate and beautiful)),dynamic angle,floating, (beautiful detailed eyes),an extremely delicate and beautiful girl,(Altria Pendragon(Fate/stay night)),golden hair,ahoge, sword,armour，illustrationfrills， bestquality，highres"
模板,一位男生,"solo focus,full body,starry sky,clusters of stars,space,monochrome,photo (medium) ,mature male,bangs,white_hair/blonde_eyes,looking to the side,standing,arm support,crossed legs,expressionless,beautiful detailed eyes,school uniform,denim shorts,sneakers,umbrella,glasses,chest,beautiful detailed sky,"
模板,哥特萝莉,"extremely detailed CG unity 8k wallpaper, masterpiece,landscapescenery,highres,background detailed,1 girl,silver_hair,loli,aqua_eyes,heterochromiagothic,lolita_fashion,hair_ribbon,lace,Gothic Cathedral,Colored glass window,starry sky,Feather,glass dome,chandelier,Candlestick"
模板,啊吧啊吧,"cinematic angle,ray tracing,backlight,building architecture,Loong, dragon background, loong background,ballpoint pen (medium),Chinese style,wolf ear fluff,blonde hair,shiny hair,messy hair,blonde_hair/yellow_eyes,clenched teeth,grin,crossed_legs,zombie pose,slim legs,gold trim,best quality, masterpiece, highres, original, 1girl, extremely detailed 8K wallpaper, an extremely delicate and beautiful, (summer_festival), fireworks, cinematic lighting, depth of field,girls' frontline,"
模板,凯尔希,"arknights,masterpiece,best quality,official art,extremely detailed CG unity 8k wallpaper,{{{kaltsit (arknights)}}},light green white hair,empty eyes,expressionless,bare_shoulders, detached_sleeves, flat_chest,mature female, {backless dress},medium hair, light green eyes,cat ears,highres"
模板,S,"flat_chest,looking at viewer,(from side:1.2),( head tilt:1.65),(leaning_back:1.25),close-up,hugging own legs,pigeon-toed,nervous,pink hair, loli, school uniform, long hair, glasses, hair ribbon, white stocking, at school,"
模板,诗作,"kamen rider,cinematic angle,full body,cinematic angle ,Bustling city,official art"
模板,黑长直,"masterpiece,best quality,,girl,long black straight hair,blue eyes,in white school uniform ,blue plaid skirt,  smile,"
模板,兽耳白毛——by朵蜜舞法天女,"wolf ear fluff,white_hair,white_windbreaker,pixiv id,shorts,socks,sneakers,shota"
模板,白毛萝莉,"{{{masterpiece}}}, best quality, illustration,dark background, sunlight, beautiful detailed eyes, 1girl, expressionless, blue eyes, {{{white short hair}}}, {{wavy hair}},{{{dishevled hair}}}, messy hair, long bangs, hairs between eyes, {{{{white bloomers}}}},{{{{open clothes:2}}}} "
模板,我的女王,"High heeled boots,thigh boots,knee boots,high heels,elbow_gloves,fishnet pantyhose,garter straps garter belt,black stocking,white stocking,miniskirt,Perfect female body,"
模板,自设萝莉,Chinese，multiple_girls，loli，solo，silver_hair，black_eyes，long_hair，sitting，lolita_fashion，flat_chest
模板,黑发红瞳御姐,"incredibly_absurdres,black hair,red_eyes,neck ribbon,oil painting (medium) ,latex,sideboob,best quality,highly detailed,masterpiece,ultra-detailed,{photorealistic},,"
模板,巨乳龙卷,"Tatsumaki，beautiful blue sky,short_hair,Perfect female body,deep green_hair/green_eyes"
模板,ff14猫娘,"short_hair,(((blue_eyes))),(((cat_ears))),(((white hair))),(((yellow_eyes))),(((heterochromia))),(beautiful detailed eyes),"
模板,a,"masterpiece, best quality,extremely detailed CG unity 8k wallpaper,((gorgeous red long skirt)),Red shawl, red long sleeve,((((dress has golden phoenix pattern on it)))),black hair,Red eyes,((gentle)),(((nice headpiece))),(Gorgeous crown),((detail ornaments)),(flowers),gentle smile,the tiny gold bracelet,beautiful eyeliner,beautiful detailed girl,an extremely delicate and beautiful girl,beautiful detailed eyes,cleavage,looking at viewer,(from side:1.2),( head tilt:1.65),(leaning_back:1.25),selfiemirror,kitchen,Chinese style,"
模板,高完成度赛博朋克基础咒语,{{ write or paint realistically }} ，{{ Hi-Q(high quality) }}，{{ The masterpiece }}， {best quality}， {{masterpiece}} true-life ，cyberpunk，white hair，Red pupil，1girl，sideways，Delicate face，Perfect skin，Highly detailed，glow，The perfect eye，Detailed clothing，Shadows of reality，neon lamp，The floating hair，The perfect background，The perfect outfit，gorgeous costume，Colorful costumes，Colorful clothes，Detailed background，pinnacle of work，incredibly_absurdres，colorful
模板,001,"character design,clothes lift,shirt lift,No underwear,standing,open mouth,clenched teeth,gloom (expression),shaded,shaded face,disgust,annoyed,looking at viewer,lift up topwear,looking down,perspective from below,,fox_ears,ponytail,white_hair/white_eyes,parted lips,"
模板,银色的英雄,"Male,hero character, full body, (((masterpiece))), (((best quality))), ((ultra-detailed)), (illustration), (detailed light),((Expressionless)),, (((masterpiece))), (((best quality))), ((ultra-detailed)), (illustration), (detailed light),((an extremely delicate and beautiful)),((man)),"
模板,fse,"(((masterpiece))),best quality, illustration,(beautiful detailed girl),beautiful detailed glow,detailed ice,beautiful detailed water,(beautiful detailed eyes),expressionless,(floating palaces),azure hair,disheveled hair,long bangs, hairs between eyes,(skyblue dress),black ribbon,white bowties,midriff,{{{half closed eyes}}},big forhead,blank stare,flower,large top sleeves"
模板,病娇（可能会崩,"{{masterpiece}},1 girl,best quality,Stain blood on the body,Yandere,Yandere smiles"
模板,面无表情的萝莉,"White hair, three nothing, girl, bandage"
模板,水绿色龙娘,"((best quality)), ((masterpiece)), ((ultra-detailed)), extremely detailed CG, (illustration), ((detailed light)), (an extremely delicate and beautiful), a girl, solo, ((upper body,)), (open  legs), expressionless, (beautiful detailed eyes), green dragon eyes, (Vertical pupil:1.2), green hair, shiny hair, colored inner hair, (Dragonwings:1.4),  [Armor_dress], blue wings,cyan_hair ornament,silk ribbon adorn the hair, [dragon horn], depth of field, [ice crystal], (shine),(pool), [loli], [[[[[Jokul]]]]]"
模板,月下美人,"firefly,nanning,beautiful,lady,grace,windy,night,moonlight"
模板,000,"{best quality}, {{masterpiece}}, {highres}, original, pantyhosely detailed wallpaper, 1girl,{an extremely delicate and beautiful,starry sky,clusters of stars,sitting on the ground,adult a girl Blue hair blue eyes ,"
模板,白发萝莉,"masterpiece,best quality,official art,extremely detailed CG unity 8k wallpaper,1girl,loli, grey hair, winter,snow, shooting star, "
模板,美人,"firefly,nanning,beautiful,lady,grace,windy,night,moonlight,Vaporwave,red_hair/red_eyes,split-color hair,looking afar,squatting,spread arms,m legs,embarrassed,bikini,miniskirt,kneehighs,"
模板,你干嘛,"firefly,nanning,beautiful,lady,grace,windy,night,moonlight,pantyhose,{masterpiece},{full body},{one girl},{royal elder sister},{medium tits},{silvery long wave shiny hair which have two small side braids},{sapphire eyes with red vertical pupils},{clear hand},expressionless,navel,white ribbons,royal hall,white full-body armor with transparent-crystal Inlay,crystalline heavy chest armor,"
模板,芜湖,"topless male，yaoi，shorts，cat_pose，kneeling，wet，open_clothes，black_collar，bandaid，shota，1boy，aqua_eyes，open_mouth，shy，endured_face，fangs，indoors,{best quality}, {{masterpiece}}, {highres}, original, extremely detailed 8K wallpaper,  {an extremely delicate and beautiful},,,from the Side below Black silk,close-up,cropped legs  ,dakimakura,gym,shota,ahoge,wolf ear fluff,looking at viewer,sitting on the ground,handjob gesture,m legs,naughty face,heart-shaped pupils,micro bikini,garter_belt,no shoes,rabbit tail,bell,flat_chest,Leakage of urine,vagina,"
模板,网裤袜,"white pantyhose,heavy breathing,short_hairkneeling&setting on floot,tank top,leather shoes,"
模板,粉色精灵少女,"(((masterpiece))), (((best quality))), ((ultra-detailed)), (illustration), (detailed light),((an extremely delicate and beautiful)),{an extremely delicate and beautiful girl}, 8k wallpaper, {{{masterpiece}}}dramatic_shadow,ray_tracing,meadow,flower sea,sunny,afternoon,in spring,Walking,Light smile,Pink hair,Fairy wings,Pale skin,hand between legs,purple eyes,looking afar,collarbone,neck,Pink headwear,sleeveless shirt,skirt,toeless legwear,boots,flower necklace,Cinematic Lighting,Illustration,style of cygames,pov,game cg,very wide shot"
模板,高质量:简单,"masterpiece, best quality,highly detailed,"
模板,6,"{best quality}, {{masterpiece}}, {highres}, original, pantyhosely detailed wallpaper, 1girl,{an extremely delicate and beautiful,"
模板,赛博人,"{{ write or paint realistically }} ，{{ Hi-Q(high quality) }}，{{ The masterpiece }}， {best quality}， {{masterpiece}} true-life ，cyberpunk，white hair，Red pupil，1girl，sideways，Delicate face，Perfect skin，Highly detailed，glow，The perfect eye，Detailed clothing，Shadows of reality，neon lamp，The floating hair，The perfect background，The perfect outfit，gorgeous costume，Colorful costumes，Colorful clothes，Detailed background，pinnacle of work，incredibly_absurdres，colorful,"
模板,壁纸初始tag,"{{masterpiece}},{best quality},{solo},highres,extremely detailed CG wallpaper,extremely detailed figure,Amazing,"
模板,白毛红瞳吸血鬼,"long hair, standing, looking away,1girl,hair ornament, hair flower, cute, jacket, red flower,official art,white_hair,red_eyes,moon night,incredibly_absurdres,ray tracing,starry sky,clusters of stars,princess,hair flower,black skirt dress, flower pattern in dress,black gown,vampire,cross necklace,hair ribbon,arms behind back"
模板,看星空,"masterpiece,best quality,official art,extremely detailed CG unity 8k wallpaper,beautiful detailed eyes,straight-on,blurry background,Long hair and waist,gradient eyes,from side,profile,lens 135mm,f1.8,starry sky,blurry background,half-closed eyes,hand in own hair,Crinkle skirtT-shirt,Knee high boots,mature female, black loose coat,Railing,close-up,ray tracing,incredibly_absurdres,starry sky,clusters of stars,detail fingers,reaching,gloom (expression) ,masterpiece, oil painting (medium) , best quality, best quality, Amazing, beautiful detailed eyes, finely detail, Depth of field, masterpiece, 1girl, mature female, black hair,drop shadow, light particles,fingerless gloves,belt,earring,outstretched arm,arm up,"
模板,白丝比基尼！！！,"{best quality}, {{masterpiece}}, {highres}, original, extremely detailed 8K wallpaper, {1girl}, {an extremely delicate and beautiful},foot focus,full body,beach,loli,blunt_bangs,"
模板,春江花月夜,"{masterpiece},best quality,amazing,a shining moon,nature,great river,Meandering river,Spring Forest,flowers,{{detailed Ancient Chinese style buildings}},cinematic angle ,wide shot,cinematic angle,ray tracing,depth of field,peaceful night,no modern buildings,sea,beautiful drawn clouds,mild fog,cherry blossoms,midnight,"
模板,a哥,"best quality, masterpiece, highres,extremely detailed CG wallpaper,blood,a  strong man,a hoodie with black colour,facing away,modern city,blood,more details,stand on a high building,black tentacle"
模板,星辰机甲龙,"nice headpiece,((detail ornaments ))),(Starry blue feather),Some inexplicable straps on the leg, clavicalis,(Bracelet with blue light),（Red and black armor）,{{mechanical}},{mecha},{Mecha dragon wings},((({A mecha dragon body emit a dull red light}))),{surrounding floating metal}, extremely fine {illustration}), {(floatinghair, {(chromatic aberration}). {(caustic}), lens flare, dynamic angle, {(portrait}. cute face, {beautiful detailed eyes}. eye shadow,{glass strips}). {floatingglass fragments}.{(colorful refraction}).{beautiful detailed sly}. {(dark intense shadows}).{(cinematic lighting}). {(overexposure}),{(masterpiece}). {(best quality})}. {(extremely detailed}).colorful, hdr, masterpiece, best quality,{（Blue purple starry sky）}，{girl},（a Mechanical Flying Dragon behind the girl）,(Flower metal  ),Thigh band"
模板,高质量:01,"{best quality}, {{masterpiece}}, {highres}, original, extremely detailed 8K wallpaper, 1girl, {an extremely delicate and beautiful}"
模板,pantyhose,"pantyhose,highleg leotard,high heels,hair_bow,big ass,between legs,standing,heavy breathing,shiny skin,"
模板,涩涩的狐耳美少男,"topless male，yaoi，shorts，cat_pose，blue hair,bright and yellow eyes，fox ears, fox tail, messy hair, kneeling in a cage, chained around his neck，kneeling，wet，open_clothes，black_collar，bandaid，shota，1boy，aqua_eyes，open_mouth，shy，endured_face，fangs，indoors,{best quality}, {{masterpiece}}, {highres}, original, extremely detailed 8K wallpaper,  {an extremely delicate and beautiful}"
模板,这么可爱当然是男孩子,"{best quality}, {{masterpiece}}, {highres}, original, extremely detailed 8K wallpaper, 1boys, {an extremely delicate and beautiful},,ray tracing,{best quality}, {{masterpiece}}, {highres}, original, extremely detailed 8K wallpaper, {an extremely delicate and beautiful},,incredibly_absurdres,colorful,intricate detail,artbook,,shota,slender waist,long hair,  bare shoulders,heterochromia,(Delicate muscle lines),linea alba,chinese clothes, chinese style architecture,neat figure,Chinese style,"
模板,空（原神）,"aether \(genshin impact\),1boy, male focus,blonde hair,single earring, beautiful golden eyes,navel,midriff,braid,ahoge,hair_between_eyes,brown gloves,boots, pants,white scarf,evil smile, "
模板,高质量:02,"(best quality), ((masterpiece)), (highres), original, extremely detailed 8K wallpaper, 1girl, (an extremely delicate and beautiful)"
模板,高质量起手式,"masterpiece, best quality,extremely detailed CG unity 8k wallpaper
"
模板,高质量女仆,"{photorealistic}, 1 girl, gothic maid dress,{blue Hair},{pink Hair accessories},Sky, grassland,red eyes, depth of field,cinematic angle ,backlighting,young girl"
模板,冷色系,"best quality, cold attitude, red eyes, short hair, white hair, white shirt, black jacket, bowtie, hair ornament hair clip, she looks very relaxed, side face, white atmosphere, high quality, masterpiece, flat color, 1girl, not looking at viewer,"
模板,胡桃,"genshin impact, {{{hu tao (genshin impact)}}}, {{{masterpiece}}},{{{best quality}}}, {{ultra-detailed}}, {{extremely detailed CG}}, {{8k_wallpaper}}, {{an extremely delicate and beautiful}},{beautiful detailed eyes}, an extremely delicate and beautiful girl, 1girl, twintails,  {black hair}, red eyes eyes, blush, full body, shorts, black jacket, leather shoes, white short socks, flower-shaped pupils,,"
模板,高质量模版,"Light and shadow special effects ((film light effect, metal reflection, water reflection, light and shadow tracing, ray tracing)) Background ((Gothic art architecture, street, street light, neon light, clock background, church, painted glass) Image quality ((4k high-definition mechanism cg image quality, ultra-high resolution, extreme cg image quality, masterpiece, color contrast, high contrast chroma, high-definition wallpaper)) Object effect（ (Time difference, color, damage difference, old and new look)

Particle effect (small and clear, no obvious effect fading into the environment) Color difference (temperature difference) Visual angle (facing the whole figure, 3d visual angle) Color difference of temperature, extreme visual experience, 3d visual angle

"
模板,白毛萝莉（反）,"llowres, bad anatomy, bad hands, text, error, missing fingers, extra digit, fewer digits, cropped, worst quality, low quality, normal quality, jpeg artifacts, signature, watermark, username, blurry,  {Multiple people},lowres,bad anatomy,bad hands, text, error, missing fingers,extra digit, fewer digits, cropped, worstquality, low quality, normal quality,jpegartifacts,signature, watermark, username,blurry,bad feet,cropped,poorly drawn hands,poorly drawn face,mutation,deformed,worst quality,low quality,normal quality,jpeg artifacts,signature,watermark,extra fingers,fewer digits,extra limbs,extra arms,extra legs,malformed limbs,fused fingers,too many fingers,long neck,cross-eyed,mutated hands,polar lowres,bad body,bad proportions,gross proportions,text,error,missing fingers,missing arms,missing legs,extra digit"
模板,涩涩的修女,"{Multiple people},lowres,bad anatomy,bad hands, text, error, missing fingers,extra digit, fewer digits, cropped, worstquality, low quality, normal quality,jpegartifacts,signature, watermark, username,blurry,bad feet,cropped,poorly drawn hands,poorly drawn face,mutation,deformed,worst quality,low quality,normal quality,jpeg artifacts,signature,watermark,extra fingers,fewer digits,extra limbs,extra arms,extra legs,malformed limbs,fused fingers,too many fingers,long neck,cross-eyed,mutated hands,polar lowres,bad body,bad proportions,gross proportions,text,error,missing fingers,missing arms,missing legs,extra digit,extra fingers, fused fingers, bad proportions, missing arms, missing legs, extra arms, extra legs ,missing hands, malformed limbs, extra fingers, extra fingers, fused fingers, bad proportions, missing arms, missing legs, extra arms, extra legs ,missing hands, malformed limbs, extra fingers,poorly drawn hands,"
模板,基础tag喵,"masterpiece, best quality, illustration, beautifully detailed eyes, beautifully detailed sky, beautifully detailed water, cinematic lighting, dramatic angles,"
模板,星空下,"incredibly_absurdres,ray tracing,{best quality}, {{masterpiece}}, {highres}, original, extremely detailed 8K wallpaper, 1girl, {an extremely delicate and beautiful},,dynamic angle ,((starry sky,clusters of stars)),looking afar,sitting,serafuku,china dress,sportswear,school uniform,turtleneck sweater,Rainskirt,Long skirt,microskirt,skirt,beautiful detailed eyes,"
模板,沐浴在阳光下的运动少女,"{best quality}, {{masterpiece}}, {highres}, 1girl,ass focus,long hair,Blue hair,blue eyes,Sitting in a park in the sun sipping coffee with a blue cup in your arms,{wet},{annoyed},sports wear,Many birds,Leaning against a big tree,"
模板, 白毛蓝眼比基尼猫娘,"{best quality}, {{masterpiece}}, {highres}, original, extremely detailed wallpaper, 1girl, {an extremely delicate and beautiful} artbook original incredibly_absurdres female slit_pupils aqua_eyes ponytail silver_hair yellow_eyes long_hair cat_ears curvy cleavage collar side-tie_bikini flat_chest tail white_thighhighs
smile"
模板,一只白毛睡着的正太~~~,"shota,short white hair, best quality,longeyelashes,cute face,short,young,child,white petrified hair,windbreaker, prostrate, lie flat, closed eyes, white socks, full body, sleep, on the ground, cinematic lighting, volume lighting, light particles,morning, lens flare, snowfield"
模板,魔理沙,"((((apron)))),((Maid dress)),((((Witch_hat)))),(blonde_hair),(aqua_eyes),(((walk))),dynamic pose,(sideways glance),(smile),(((((petite))))),solo,((((slim legs)))),(((slim waist))),masterpiece,(((indoors))),(((((no shoe))))),((((white_thighhighs)))),((((full body)))),rough sketch,(((long_hair)))"
模板,中国风女孩,"masterpiece, best quality, night, strong rim light, intense shadows, game_cg, Chinese style cheongsam，
masterpiece, best quality, night, strong rim light, intense shadows, game_cg, beautiful detailed eyes, aqua eyes, "
模板,miku_初音未来,"solo, 1girl, hatsune_miku, very long hair, aqua hair, twintails, blunt bangs, aqua eyes, collared shirt, grey shirt, sleeveless shirt, black skirt, pleated skirt, bare shoulders, black sleeves, detached sleeves, wide sleeves, blue nails, aqua necktie, black boots, tie clip, headset"
模板,x,"gawr gura,hololive,open mouth,claw pose,No underwear,barefoot,bare_legs,sharp teeth,shark tail,bangs,blue eyes,blue hoodie,blue nails,blunt bangs,fingernails,grey white blue long multicolored streaked two-tone hair,hood down,long wide sleeves,nail polish,shark hair ornament,virtual youtuber,1girl, extremely detailed,masterpiece,best quality,{{loli}},"
模板,梦（by.研究的丘陵医生）,"first-person view,out of frame,rain,east asian architecture,outdoors,anime screencap,solo,mature female,floating sakura,starry sky,clusters of stars,starry sky,glinting stars,,long hair,black_hair/black_eyes,eye contact,seductive smile ,standing,holding umbrella,shushing,slim legs,half-closed eyes,,ribbed sweater,pleated skirt,Long skirt,black pantyhose,thigh boots,flat_chest,Fireworks,"
模板,gura,"one_girl,loli,ahoge,bangs,aqua_blue_skirt,blunt_bangs,blurry,blush,white_hemmed_short_sleeve,flod_spencer long_hair,slightly_curly_hair,white_hair_with_a_touch_of_blue,multicolored_hair,gradient_aqua_blue_eyes,pleated_skirt,no_twintails,shark_tail,open_mouth_with_upper_row_of_shark_teeth smile,blue_small_hairpin,gawr_gura hololive_en,pov,"
模板,色色的JK学生,"Long black hair, melon seed face, handsome girl, belly button, [shirt, short skirt, high underwear, long legs, medium socks, girl leather shoes, golden ratio], (standing: 1.2), large chest, dynamic chest, dynamic hair, extreme light and shadow, from bottom to top, (open button: 1.15), (dance body: 1.2), (reveal lower chest: 1.2), plump body"
模板,中国风剪纸,"(((masterpiece))), best quality,
((Chinese paper-cut art of sunwukong)), ((Chinese paper-cut)), ((complicated paper-cut with many paper layers)), ((every paper layer with shadows)), (round red background paper), single color on each paper layer, front light, (((detailed handsome face)))
Negative prompt: ((blurry)), watermark, signature, text, weird face"
模板,泛用基本起手,"((masterpiece)), best quality, (((extremely detailed unity 8K wallpaper, an extremely delicate and beautiful girl))), white atmosphere, she looks very relaxed, cinematic lighting, narrow waist"
模板,黑丝美少女,"{best quality}, {{masterpiece}}, {highres}, original, extremely detailed wallpaper, 1girl, beautiful detailed eyes ,{{a beautiful hairpin}},{best quality},official art,blue eyes,pantyhose,{photorealistic}, {painting}, {realistic}, {sketch}, {oil painting}"
模板,真人幼女起手式（包括正反词条）,"正面：<lora:japaneseDollLikeness_v10:0.1>, <lora:koreanDollLikeness_v10:0.3>, 
(RAW photo, best quality), (realistic, photo-realistic:1.2), a close up portrait photo, (high detailed skin:0.8),
(1 girl, loli, solo, petite, Age: 9, height:120 ), age regression, aged down, 
反面：EasyNegative, paintings, sketches, (worst quality:2), (low quality:2), (normal quality:2), lowres, normal quality, ((monochrome)), ((grayscale)), skin spots, acnes, skin blemishes, age spot, glans, extra fingers,fewer fingers, ((watermark:2)), ((white letters: 1)), ((pubic hair)), (aged up, mature female), mature, "
模板,电商主图,"{Multiple people},lowres,bad anatomy,bad hands, text, error, missing fingers,extra digit, fewer digits, cropped, worstquality, low quality, normal quality,jpegartifacts,signature, watermark, username,blurry,bad feet,cropped,poorly drawn hands,poorly drawn face,mutation,deformed,worst quality,low quality,normal quality,jpeg artifacts,signature,watermark,extra fingers,fewer digits,extra limbs,extra arms,extra legs,malformed limbs,fused fingers,too many fingers,long neck,cross-eyed,mutated hands,polar lowres,bad body,bad proportions,gross proportions,text,error,missing fingers,missing arms,missing legs,extra digit,"
模板,喵喵,"lowres, bad anatomy, bad hands, ((text)), (watermark), error, missing fingers, extra digit, fewer digits, cropped, worst quality, low quality, normal quality, ((username)), blurry,  (extra limbs),poorly drawn asymmetric eyes,ray tracing,{best quality}, {{masterpiece}}, {highres}, original, extremely detailed 8K wallpaper, {an extremely delicate and beautiful},,incredibly_absurdres,colorful,intricate detail,artbook,,incredibly_absurdres,anime screencap,detailed manga illustration,extremely detailed CG unity 8k wallpaper,azur lane,slender waist,mature female,Perfect female body,masterpiece,side_ponytail,very_long_hair,colored tips,single braid,hair between eyes,straight hair,beautiful detailed eyes,white_hair,heterochromia golden red,blush,aquagradient eyes,,hug self,lowres, bad anatomy, bad hands, ((text)), (watermark), error, missing fingers, extra digit, fewer digits, cropped, worst quality, low quality, normal quality, ((username)), blurry,  (extra limbs),poorly drawn asymmetric eyes,ray tracing,{best quali"
模板,荷塘月色,"incredibly_absurdres,{best quality}, {{masterpiece}}, {highres}, original, extremely detailed 8K wallpaper, 1girl, {an extremely delicate and beautiful},,from behind,hip focus,cinematic angle,straight-on,space,megami magazine,photo (medium) ,2girls,princess,sweat,goddess,Chinese style,asymmetrical bangs,aqua_eyes,seductive smile ,sitting on chair,upside-down,cleavage,areola_slip,hair ribbon,ribbon,belt,ray tracing,best quality, masterpiece, highres, original, 1girl, extremely detailed 8K wallpaper, an extremely delicate and beautiful, (summer_festival), fireworks, cinematic lighting, depth of field,beautiful detailed sky,beautiful detailed water,{best quality}, 1boyasterpiece, {highres}, original, extremely detailed 8K wallpaper, 1boy,Deep blue cap, holding transparent umbrella, Short blue hair,black tights,arknights,Off shoulder transparent raincoat,Pink eyes,comic,cute, shota, Black shorts,Black rain boots,Black belt,Black gloves,Blue fingertip,{an extremely delicate and beautiful},few water drops on skin, "
模板,高质量,"dudou,1girl, beautiful face, solo, candle, brown hair, long hair, <lora:flowergirl:0.9>,ulzzang-6500-v1.1,(raw photo:1.2),((photorealistic:1.4))best quality ,masterpiece, illustration, an extremely delicate and beautiful, extremely detailed ,CG ,unity ,8k wallpaper, Amazing, finely detail, masterpiece,best quality,official art,extremely detailed CG unity 8k wallpaper,absurdres, incredibly absurdres, huge filesize, ultra-detailed, highres, extremely detailed,beautiful detailed girl, extremely detailed eyes and face, beautiful detailed eyes,cinematic lighting,1girl,see-through,looking at viewer,full body,full-body shot,outdoors,arms behind back,(chinese clothes) <lora:cuteGirlMix4_v10:1>hand in own hair,Skirt lift,flowers meadows,cleavage,backless dress,"
模板,两个女孩在学校拍照,"((((2girls)))),gilt border,selfiemirror,portrait,{best quality}, {{masterpiece}}, {highres}, original, extremely detailed 8K wallpaper, 1girl, {an extremely delicate and beautiful},,lovely,raindrop,high contrast,low twintails,Black blue hair,blue_hair/blue_eyes,sleeveless shirt,school uniform,necktie,head chain, jewelry,hands in hair,adjusting hair,standing,Skirt lift,pleated skirt,(light smile),beautiful detailed eyes,cross-laced footwear,((((flat_chest)))),slender waist,goddess,Clear picture,gold trim,Clear picture,"
模板,kax,"prompt：<lora:whiteNun_v10:1>,((solo)),sky,(photorealistic:1.4),(looking at viewer:1.331),illustration.media,perfect skin,nipples,naked,nude,make happy expressions,gorgeous,pure,beautyfull detailed face and eyes,Kpop idol,,clear sharp focus,instagram most viewed,official wallpaper, official art,volumetric lighting,soft lights,cinematic lighting,cinematic effects,wallpaper,Megapixel,highres,Intricate details,ultra detailed,masterpiece, best quality,full body,standing,beach,outdoor,sea,front lighting,bokeh,extremely detailed eyes and face,beautiful detailed eyes,extremely detailed face,perfect lighting,masterpiece,best quality,((photorealistic:1.4))best quality,(raw photo:1),an extremely delicate and beautiful,finely detail,Amazing,8k wallpaper,unity,extremely detailed,incredibly absurdres,huge filesize,ultra-detailed

Negative prompt：worsteye,bad body,bad proportions,gross proportions,extra arms,badeye,mutated hands,cross-eyed,fused fingers,malformed limbs,extra legs,poorly drawn face,mutation,deformed,extra li"
模板,开放性主题,"close-up,ray tracing,{best quality}, {{masterpiece}}, {highres}, original, extremely detailed 8K wallpaper, {an extremely delicate and beautiful},,incredibly_absurdres,colorful,intricate detail,artbook,,papilla,cleavage,puffy areolae,spread legs,sitting on bed,pov crotch,best quality,highly detailed,masterpiece,ultra-detailed,{photorealistic},"
模板,Gawr_Gura,"1 girl,loli,ahoge,bangs,aqua blue skirt,blunt bangs,blurry white hemmed short sleeve,flod spencer,long hair,slightly curly hair,white hair with a touch of blue,multicolored hair,gradient aqua blue eyes,pleated skirt,shark tail,open mouth with upper row of shark teeth,smile,blue small hairpin,gawr gura,outline,(best quality), ((masterpiece)), original,beautiful detailed eyes,crystal clear eyes,beautiful face,ultra-detailed,beautiful detailed sky,extremely detailed cg 8k wallpaper,extremely delicate and beautiful ,highly detailed, illustration, cinematic lighting, ((beautiful face)),(original figure painting), (an extremely delicate and beautiful),standing,full body"
模板,触手加白毛萝莉,"{best quality}, {{masterpiece}}, {highres}, original, pantyhosely detailed wallpaper, 1girl,{an extremely delicate and beautiful"
模板,靠着树的萝莉,"masterpiece,best quality, spread legs, sex, cream pie, on back, hairclip, 1girl, flat chest, breasts out, areolae, blush, closed mouth, blue eyes, thighhighs, absurdres, Impasto, adolescent,flat_chest,
{best quality}, {{masterpiece}}, {highres}, 1girl,ass focus,long hair,Blue hair,blue eyes,Sitting in a park in the sun,{lewd},Leaning against a big tree,,
spray urine，"
模板,高质量保底,"{{{masterpiece}}},{extremely detailed CG unity 8k wallpaper},best quality,Amazing,finely detail,solo,cinematic lighting,close-up,{{floating hair}},{{Sakura}},outdoors,sky,{{wind}},detailed background,beautiful detailed eyes,,bright pupils,{{full body}}, dynamic pose,dynamic angle,looking at viewer,detailed clothes,"
模板,爱尔奎特（月姬）,"1 girl,tsukihime,Arcueid,red eyes, blonde hair,shoulder length hair,white sweater,long sweater,turtleneck sweater,dark blue skirt,pleated skirt,short skirt,black pantyhose,knee boots,outline,(best quality), ((masterpiece)), original,beautiful detailed eyes,crystal clear eyes,ultra-detailed,beautiful detailed sky,extremely detailed cg 8k wallpaper,extremely delicate and beautiful ,highly detailed, illustration, cinematic lighting,(original figure painting), (an extremely delicate and beautiful),night sky,night city,moon"
模板,l繁茂女巫x,"  8k in the style of art nouveau,Beautiful and elegant,Middle Ages,Europe,subconsciousness,texture, Prosperity erosion,Gothic gloomy,subconsciousness,colorful,Dark makeup,Holiness,Complex Dress,A soft smile,Perfect female body,lush,cane vine，Twisting and twisting,"
模板,l中式百合贴贴x,"(best quality), ((masterpiece)), (highres), original, extremely detailed 8K wallpaper, 1girl, (an extremely delicate and beautiful),poster,octane render,Perfect female body,yuri,2girls,neat figure,slender waist,infant,the creamy smooth skin,conjoined white silk,lace-trimmed bra,hot underware,revealing dress,,  8k in the style of art nouveau,Beautiful and elegant,Middle Ages,Europe,subconsciousness,texture, Prosperity erosion,Gothic gloomy,subconsciousness,colorful,Dark makeup,Holiness,Complex Dress,A soft smile,Perfect female body,lush,cane vine，Twisting and twisting,,Chinese style, Chinese style forest garden, cheongsam,"
模板,粉发萝莉,"white stocking,lolita gothic,suspenders,hair ribbon,thigh strap,collar,uwabaki,ahoge,pink hair,pink_eyes,loli,petite,sunlight,space,shooting star,full body,kneeling&setting on floot,blush,smile,open your legs wide,wariza,"
模板,幻想风格萝莉,"official art, unity 8k wallpaper, ultra detailed, beautiful and aesthetic, masterpiece, best quality, (zentangle, mandala, tangle, entangle), (fractal art:1.3) , 1girl, extremely detailed, dynamic angle, cowboyshot, the most beautiful form of chaos, elegant, a brutalist designed, vivid colours, romanticism, by james jean, roby dwi antono, ross tran, francis bacon, michal mraz, adrian ghenie, petra cortright, gerhard richter, takato yamamoto, ashley wood, atmospheric, ecstasy of musical notes, streaming musical notes visible"
模板,萝莉,"((incredibly_absurdres,bathroom,realistic,Perfect female body,hair pulled back,puffy areolae,NSFW,thigh gap,legs over head,mature female,the creamy smooth skin,multiple girls,spread legs,big ass,ahegao,fucked silly,exquisite,hand on cortch,1girl,bitch,{{masterpiece}},best quality,extremely detailed CG unity 8k wallpaper,{extremely detailed cg}, 1girl, jeanne d'arc (ruler) (fate),cameltoe,shighleg leotard,elbow_gloves,(((masterpiece))),(((best quality))),((ultra-detailed))((extremely detailed CG)),((8k_wallpaper))((an extremely delicate and beautiful)),{photorealistic},full body, {realistic},burning,detailed light,bloom,,)),(unbuttoned clothes),torn_thighhighs,doggystyle,"
模板,百合,"(best quality), ((masterpiece)), (highres), original, extremely detailed 8K wallpaper, 1girl, (an extremely delicate and beautiful),poster,octane render,Perfect female body,yuri,2girls,neat figure,slender waist,infant,the creamy smooth skin,conjoined white silk,lace-trimmed bra,hot underware,revealing dress,"
模板,白毛美少女（类似伊蕾娜）,"best quality,Amazing,beautiful detailed eyes,{an extremely delicate and beautiful girl},finely detail,Depth of field,{full body},white streaked  hair,red eyes,five fingers,five toes,cold faces"
模板,牛仔妹,"hmcf,1girl, long hair,braided bangs, hair flower,yellow eyes, small breasts,cowgirl outfit,ray tracing,{best quality}, {{masterpiece}}, {highres}, original, extremely detailed 8K wallpaper, {an extremely delicate and beautiful},,incredibly_absurdres,colorful,intricate detail,artbook,cowboy hat, cowboy boots, fringe trim, sheriff badge, holster, bandana,faux traditional media,detail_fingers, <lora:cowgirl_outfit_v0.1a:1>"
画面,全身,full body
画面,人物超出框,out of frame
画面,头超出框,head out of frame
画面,足超出框,feet out of frame
画面,上半身,upper body
画面,下半身,lower body
画面,躯干下剪裁,cropped torso upper body
画面,肩下剪裁,cropped shoulders  
画面,手臂下剪裁,cropped arms
画面,腿下剪裁,cropped legs  
画面,牛仔特写,cowboy shot
画面,人像,portrait
画面,特写,close-up
画面,自拍,selfiemirror
画面,抱枕,dakimakura
画面,表情表,expressions
画面,对称,symmetrical
画面,镀金边框,gilt border
画面,Ally ahijah,Ally ahijah  Powder coat  The blue eye
画面,超高分辨率出图,incredibly_absurdres
画面,光线追踪,ray tracing
画面,画面高质量,"{best quality}, {{masterpiece}}, {highres}, original, extremely detailed 8K wallpaper, 1girl, {an extremely delicate and beautiful},"
画面,苏联红军,red Soviet
画面,萌萌,"pleated skirt,heterochromia, ukiyo-e,poncho,"
画面,月夜,loli girl moon night light lake glass
画面,Test,Blue hair girl T-shirt short pants long hair no glasses 
画面,1,"Raped Girl,pov crotch,twintails,white_thighhighs,screaming,pleated skirt,sneakers,cross-laced footwear"
画面,高质量出图（画质改善）,"ray tracing,{best quality}, {{masterpiece}}, {highres}, original, extremely detailed 8K wallpaper, {an extremely delicate and beautiful},,incredibly_absurdres,colorful,intricate detail,artbook,"
画面,插入画面,cut-in
画面,画面高质量,"{best quality}, {{masterpiece}}, {highres}, original, extremely detailed 8K wallpaper, {an extremely delicate and beautiful},"
画面,游乐园海报,"amusement park,advertise,poster


"
画面,静香,"minamoto_shizuka,(doraemon),{{artist:mochi-iri_kinchaku}},1girl ,child, black_eyes,black_hair,"
画面,害羞的水手服萝莉,"Little Girl), Masterpiece, Highest Quality, Pink and White Underwear, Alone, Cute Girl, Absurd, Lewd, HD, Sketch, Traditional Media, Bright Glare, Intense Shadows, Masterpiece, Highest Quality, Official Art, Extremely Detailed CG Uniform 8k Wallpaper, White Hair, Slight Blush, Black Eyelashes, Green Eyes, Big Round Beautiful Detailed Eyes, Eyes Look Directly at the Audience, Fairy, Puzzled, Cherry Small Mouth, Mouth Slightly Open, Sailor Suit,"
画面,哥特式桌子,desk gothic
画面效果,电影光效,cinematiclighting
画面效果,景深,depthoffield
画面效果,自上而下的光,god rays
画面效果,荧光,glowing light
画面效果,边框,picture frame
画面效果,烟花,"best quality, masterpiece, highres, original, 1girl, extremely detailed 8K wallpaper, an extremely delicate and beautiful, (summer_festival), fireworks, cinematic lighting, depth of field"
画面效果,漂亮的天空,beautiful detailed sky
画面效果,漂亮的水,beautiful detailed water
画面效果,阳光,sunlight
画面效果,光线追踪,ray tracing
画面效果,反射光,reflection light
画面效果,杰作,masterpiece
画面效果,色差(类似于抖音的logo那种),chromatic aberration
画面效果,金边修饰效果,gold trim
画面效果,。。。,"starry sky,clusters of stars,starry sky,glinting stars,,glinting stars,gradient hair,long hair,aqua_hair,slit pupils,layered skirt,thigh strap,tassel,"
画面效果,无人的场景,"glowing light,beautiful detailed sky,masterpiece,cinematiclighting,depthoffield,beautiful detailed water,ocean,chinese style architecture,no humans,detailed background,alpine,"
画面效果,生命光流（建议高CFG）,"((illustration)), ((floating hair)),dynamic angle,  ((((full body)))), (1 female), ((solo)), detailed face, asymmetrical bangs, (beautiful detailed eyes), ((colorful refraction)), (beautiful detailed sky), (((Life optical flow))),((dark intense shadows)), ((cinematic lighting)),(expressionless),((sharp focus)), (((masterpiece))), (((best quality))),"
画面效果,清晰的图片,Clear picture
眼,眼透头发,eyes visible through hair
眼,单遮眼,hair over one eye one eye covered
眼,绷带遮单眼,bandage over one eye
眼,闭眼,closed eyes
眼,闭单眼,one eye closed
眼,半开眼,half-closed eyes
眼,瞇眼,squinting
眼,吊眼角,tsurime
眼,下垂眼,tareme
眼,上看的眼睛,upturned eyes
眼,失神眼,empty eyes
眼,三白眼,sanpaku
眼,半开平线眼,jitome
眼,斗鸡眼的,cross-eyed
眼,不对称眼,uneven eyes
眼,疯狂眼睛,crazy eyes
眼,睁大眼睛,wide-eyed
眼,发光眼睛,glowing eyes
眼,圈圈眼,ringed eyes
眼,收缩的瞳孔,constricted pupils
眼,猫瞳,slit pupils
眼,水平瞳孔,horizontal pupils
眼,爱心瞳,heart-shaped pupils
眼,符号瞳,symbol-shaped pupils
眼,异色瞳,heterochromia
眼,没有瞳孔,no pupils
眼,发亮瞳孔,bright pupils
眼,眼睫毛,eyelashes
眼,眼影,eyeshadow
眼,眼线,eyeliner
眼,渐变眼,gradient eyes
眼,水汪汪的眼睛,aquagradient eyes
眼,金色的瞳孔,beautiful golden eyes
眼,有色巩膜（眼白）,colored sclera
眼,圆眼,round eyes
眼,猫眼（竖瞳）,slit pupils
眼,异色瞳,heterochromia
眼,半闭眼,"half-closed eyes,"
眼,爱心瞳孔,heart-shaped_pupils
眼,异色瞳,heterochromia blue red
眼,精细的眼睛,beautiful detailed eyes
眼,异色瞳,heterochromia golden red
眼,青色眼瞳,Cyan eyes
眼,丹凤眼,phoenix eye
眼,闭眼,"closed eyes,"
眼,琉璃瞳孔,"Glazed pupils,"
眼,异色瞳,heterochromia golden green
眼,翻白眼,rolling eyes
眼,异色瞳,heterochromia grey red
背景,模糊背景,blurry background
背景,简单背景,simple background
背景,旭日纹背景,sunburst background
背景,渐变背景,gradient background
背景,缩放投影图层,zoom layer
背景,背光,backlighting
背景,投影阴影,drop shadow
背景,轮廓线,outline
背景,剪影,silhouette
背景,白色背景,white background
背景,五彩斑斓的星轨,colorful startrails
背景,櫻花,Cherry blossoms
背景,流星,shooting star
背景,简单花纹背景,Simple pattern background
背景,米色背景,beige background
背景,空间背景,space background
背景,城市背景,cityscape
背景,散景,bokeh
背景,机场背景,airport background
背景, 地牢背景,dungeon background
背景,沙滩背景,beach background
背景,飞翔的蝴蝶,flying butterfly
背景,異世界奇幻城市,Isekai cityscape
背景,详细背景,detailed background
背景,烟花,Fireworks
背景,在床上,on bed
背景,草坪,lawn
背景,咖啡馆,coffee house
背景,高山，山脉,alpine
背景,战场,battlefield
背景,红月，血月,red moon
背景,农场,farm
背景,背景虚化,blur_background
背景,雨,rain
背景,电流,electricity
背景,蓝天白云,blue sky with clouds
背景,草地,grassland
背景,新月,crescent
背景,咖啡馆,cafe
背景,雪地,snowfield
背景,雪花,snowflakes
背景,极光,aurora
背景,漂浮的白色羽毛,floating white feathers
背景,闪烁的星星,glinting stars
背景,繁星,"starry sky,clusters of stars"
背景,紫罗兰,violet
背景, 散落樱花,floating sakura
背景,星空,"starry sky,clusters of stars,starry sky,glinting stars,"
背景,雪 by czz,snow
背景,d,"sunlight on the desk ,8K ,high definition, 8K, real--test--creative"
背景,赛博朋克,"cyberpunk, city, kowloon, rain"
背景,森林,forest
背景,中世纪的街道,"forest,outline,fountain,shop,outdoors,east asian architecture,greco-roman architecture,restaurant,shanty town/slum,"
背景,海水,sea
背景,星空,starry sky
背景,学校,lovely
背景,雨滴（效果极好）,raindrop
背景,萤火虫,firefly
背景,飘散的花瓣,petals floating in the wind
背景,烟花,firework
背景,日式建築," japanese temple masterpiece, best quality, landscape, magical world, fantasy, (mysterious:1.5), Charming, Majestic, (no humans:1), Japanese-style ancient stree, tbustling street, traditional architecture, lanterns, cherry blossom trees, torii, old-fashioned wooden signs, winding alleys, mystical atmosphere."
背景,日式庭院,"(cherry blossoms:1.5), (sakura petals:1.3), (Japanese garden), (temple), (Buddhism), (traditional architecture), (veranda), (pond), (Koi fish:1.2), (lanterns), (spring), (serene:1.3), Koi pond, Torii gate, Stone paths, Lanterns"
背景,赛车场,Racing Track
背景,浴室,bathroom
背景建筑,太空,space
背景建筑,城市风景,cityscape
背景建筑,摩天楼,skyscraper
背景建筑,废墟,ruins
背景建筑,鸟居,torii
背景建筑,田园,field
背景建筑,海洋,ocean
背景建筑,海边,beach
背景建筑,湖泊,lake
背景建筑,河流,river
背景建筑,温泉,onsen
背景建筑,星空,starry sky 
背景建筑,室外,outdoors
背景建筑,室内,indoors
背景建筑,塌塌米,tatami
背景建筑,无人,no humans
背景建筑,教堂,church
背景建筑,繁花草甸,flowers meadows
背景建筑,商店,shop
背景建筑,喷泉,fountain
背景建筑,阿尔卑斯山脉,Alps
背景建筑,街道,street
背景建筑,赛博朋克城市,cyberpunk city
背景建筑,古风建筑,chinese style architecture
背景建筑,神社,gohei
背景建筑,繁华都市,Bustling city
背景建筑,实验室,laboratory
背景建筑,咖啡馆,coffee house
背景建筑,宿舍,dormitory
背景建筑,健身房,gym
背景建筑,厨房,kitchen
背景建筑,寺庙,temple
背景建筑,博物馆,museum
背景建筑,图书馆,library
背景建筑,监狱,prison
背景建筑,轮机舱,engine room
背景建筑,配电房,electrical room
背景建筑,服务器机房,server room
背景建筑,栏杆,handrail
背景建筑,霓虹灯,neon lights
背景建筑,路灯,street lamp
背景建筑,道路,road
背景建筑,贫民窟,shanty town/slum
背景建筑,地下室,basement
背景建筑,梦幻之森(虚幻感.光粒子幽静),Dreamy forest
背景建筑,美术室,art room
背景建筑,仓库,warehouse
背景建筑,哥特式建筑,gothic architecture
背景建筑,时钟背景,clock_background
背景建筑,浴室,bathing
背景建筑,饭店,restaurant
背景建筑,树屋,treehouse
背景建筑,法兰西,"modern,Europe"
背景建筑,工业化古建筑,"Industrial wind, Chinese architecture"
背景建筑,建筑废墟,building_ruins
背景建筑,山脉,mountain
背景建筑,卧室,bedroom
背景建筑,教室,classroom
背景建筑,楼梯,stairs
背景建筑,（教堂的）彩绘玻璃,stained glass
背景建筑,时钟背景,clockbackground
背景建筑,建筑物,building architecture
背景建筑,东亚建物,east asian architecture
背景建筑,西罗马建筑,greco-roman architecture
背景建筑,圣诞树,christmas tree
背景建筑,中国江南水乡风格,China Jiangnan water town style
背景建筑,落地窗,French window
背景建筑,齿轮,gear
背景建筑,大自然,nature
胸部,胸肌,chest
胸部,贫乳(A,flat_chest
胸部,贫乳又又又又,tiny tits
胸部,侧乳,sideboob
胸部,增加腹肌, more abdominal muscle
胸部,无乳,tiny_chest
胸部,臃肿蓬松的乳晕,puffy areolae
胸部,从衣服边露出乳晕,areola_slip
胸部,乳首,papilla
胸部,乳沟,cleavage
胸部,乳帘（奶盖）,"breast curtains,"
胸部,半露前胸（拉开衣效果）,unbuttoned clothes
胸部, 南半球,underboob
脸,脸红,blush
脸,尴尬害羞,embarrassed
脸,高潮,orgasm
脸,恍惚放荡,torogao
脸,酒醉,drunk
脸,阿嘿颜,ahegao
脸,干到傻,fucked silly
脸,戏弄调戏脸,naughty face
脸,皱眉蹙眼,wince
脸,阴暗脸,shaded face
脸,厌恶,disgust
脸,恼火,annoyed
脸,噘嘴,pout
脸,紧张,nervous
脸,困惑,confused
脸,害怕,scared
脸,疼痛,pain
脸,尖叫,screaming
脸,惊讶,surprised
脸,脸色苍白 ,turn pale
脸,悲伤,sad
脸,忧郁,gloom (expression) depressed
脸,叹息,sigh
脸,想睡的,sleepy
脸,认真,serious
脸,皱眉,frown
脸,V字眉 ,v shaped eyebrows
脸,八字眉,furrowed brow raised eyebrows
脸,挑眉,raised eyebrow
脸,短眉,short eyebrows
脸,浓眉,thick eyebrows
脸,流口水,drooling
脸,波浪嘴,wavy mouth
脸,牙齿,teeth
脸,上牙 ,upper teeth
脸,鲨鱼牙,sharp teeth
脸,咬紧牙关,clenched teeth
脸,圆齿,round teeth
脸,嘴虎牙,skin fang
脸,舌头,tongue
脸,口红,lipstick
脸,尖耳朵,pointy ears
脸,犄角,horns
脸,微笑,smile
脸,露齿笑,grin
脸,眼泪,tears
脸,絡腮鬍,Beard
脸,八字鬍,mustache
脸,山羊鬚,goatee
脸,张嘴,open  mouth
脸,食物在脸上（by 冬日谎言）,food on face
脸,被催眠的,"looking up,no pupils,empty eyes,drooling,messy_hair,open  mouth,"
脸,面无表情,"clear face,expressionless"
脸,下流的表情,naughty_face
脸,微笑,light smile
脸,唱歌,singing sang.
脸,舔,licking
脸,被催眠的（更新）,"looking up,no pupils,empty eyes,drooling,messy_hair,open  mouth,,glowing eyes,(half-closed eyes,),(expressionless),open  mouth"
脸,冷淡的表情（可能需要与负面词cold搭配使用）,cold attitude
脸,洋洋得意,smug
脸,精致脸庞,beautiful_face
脸,慌乱嘴型(也是艾草的嘴型),Open mouth indicating flustered
脸,无表情,expressionless
脸,虎牙,fang
腿,XX夹腿间,between legs
腿,手夹腿间,hand between legs
腿,抬双腿,legs up
腿,膝盖向上,knees up
腿,膝到胸,knees to chest
腿,内八,pigeon-toed
腿,M字腿,m legs
腿,足部屈曲,plantar flexion
腿,伸展脚趾,spread toes
腿,脚悬空,feet up
腿,粗腿,thick_thighs
腿,大屁股,big ass
腿,绝对领域勒肉版,"skindentation	
"
腿,屁股通过大腿可见,ass visible through thighs
腿,黑丝jk,jk face leg
腿,尾巴夹腿间,tail between legs
腿,厚底带跟过膝长靴,platform heel ((thigh boots))
腿,细腿,slim legs
腿,抬腿,leg up
腿,双腿交叉,crossed legs
腿,脚环,anklet
腿,损坏了的过膝袜,torn_thighhighs
腿,绝对领域勒肉版,"skindentation
"
腿,双腿分开,legs apart
腿,双腿并拢,knees together
腿,展示脚部,presenting foot
腿,双膝并拢脚分开,knees together feet apart
菜,鸡腿薯条,"Chicken legs, chilli, butter, cheese, French fries, cola, lemon slices"
菜,(By 为你撰写的故事),"Mapo Tofu, Chili, Sesame"
菜,(By 为你撰写的故事),"Chicken legs, chilli, butter, cheese, French fries, cola, lemon slices"
菜,鸡腿薯条,"Chicken legs, chilli, butter, cheese, French fries, cola, lemon slices,,,"
菜,鸡腿薯条,"Chicken legs, chilli, butter, cheese, French fries, cola, lemon slices,2"
衣服,解开比基尼,untied bikini
衣服,前系带比基尼上着,front-tie bikini top
衣服,布鲁玛,buruma
衣服,丁字紧身衣,thong leotard
衣服,衣服下紧身衣,leotard under clothes
衣服,紧身衣服,taut clothes
衣服,连身裙,dress
衣服,罗纹毛衣,ribbed sweater
衣服,臀部切口,hip vent
衣服,束腹,corset
衣服,小可爱露腹短上衣,crop top
衣服,赛车服(By KimZuo),racing suit
衣服,护士服(By Yao_men),nurse
衣服,乳胶紧身衣(By Yao_men),latex
衣服,白大褂(By Yao_men),lab_coat
衣服,便利店工作服(By 糯米),convenience store uniforms
衣服,夏日长裙,summer long skirt
衣服,西装,business suit
衣服,浴衣,yukata
衣服,圣诞装,santa
衣服,哥特洛丽塔风格,gothic_lolita
衣服,马猴烧酒风格,mahou shoujo
衣服,女仆装,Maid dress
衣服,西服(black黑)-by bilibili-跑酷,black suit
衣服,頸帶,neck ribbon
衣服,无胸罩,no_bra
衣服,黑丝连体衣,conjoined black silk
衣服,兜帽斗篷,Cape hood
衣服,修女服,nun gown
衣服,军装,military uniform
衣服,汉服,hanfu
衣服,破损的衣物,torn clothes
衣服,黑色礼服,"black skirt dress, flower pattern in dress,black gown"
衣服,披风,cloak
衣服,白色风衣,white_windbreaker
衣服,风衣,wind coat
衣服,奶牛比基尼,cow_bikini
衣服,露背毛衣,Open-backed sweater
衣服,曬痕,tan line
衣服,水手服,sailor dress
衣服,透明衣服,see-through
衣服,运动制服,gym_uniform
衣服,晚礼服,evening dress
衣服,礼服,full dress
衣服,战斗服,combat suit
衣服,休闲服(素上衣、牛仔裤),casual wear
衣服,实验袍,lab coat
衣服,学校制服,school_uniform
衣服,甜美可爱的洛丽塔,sweet_lolita
衣服,网纹衣,fishnet top
衣服,军装,military_uniform
衣服,魔女风格服,Witch dress
衣服,大衣,overcoat
衣服,湿润的衣服,wet clothes
衣服,长袍,robe
衣服,战壕风衣,trench_coat
衣服,抹胸,"strapless tank top, navel cutout"
衣服,派克大衣,parka
衣服,礼服,formal dress
衣服,洛丽塔风格,lolita_fashion
衣服,无内衣,no underwear
衣服,汉服,hanfu
衣服,水手裙,sailor dress
衣服,紧身连体衣,zentai
衣服,皮衣,leather jacket
衣服,防弹衣,"bulletproof_vest,"
衣服,蛛网纹路,spider web print
衣服,"sweet_lolita,",sweet_lolita
衣服,A,Maid dress
衣服,撕裂的衣服,torn clothes
衣服,无,"less clothes
"
衣服,乳胶衣,latex
衣服,中式死库水（辉木）,"Chinese style,One-piece swimsuit，Clothes with gold patterns"
衣服,雨衣,Raincoat
衣服,不知火舞,Mai Shiranui
衣服,睡衣,pajamas
衣服,街头风格服饰,street wear
衣服,修女,"loli,one girl,domineering lady, nun"
衣服,浴袍,bathrobe
衣服,铠甲,armor
衣服,外套,coat
衣服,连帽衫(带帽卫衣),hoodie
衣服,圆领卫衣,sweatshirt
衣服,蓝白条纹比基尼,blue and white striped bikini
衣服,神父/修生黑袍,Cassock
衣服,动力甲,power armor
衣服,旗袍（效果好）,cheongsam
衣服,工装, dungarees
衣服,透过衣服能看到胸罩,bra visible through clothes
衣服,蕾丝边胸罩,lace-trimmed bra
衣服,一些风格服饰,"indian clothes,chinese clothes,Cleopatra,"
衣服,肚皮舞者,Belly Dancer
衣服,连体白丝,conjoined white silk
衣服,透明水手服,see-through serafuku
衣服,修女服,num clothes
衣服,高叉泳衣,highleg swimsuit
衣服,礼服长裙,revealing dress
衣服,病号服,hospital gown
衣服,白色衣服,White clothes
衣服,希腊服饰,Greek clothes
衣服,紧身连衣裤,leotards
衣服,V领针织毛衣（无袖背心）,V-NECK SWEATER VEST
衣服,南瓜裙,Pumpkin skirt
衣服,万圣节服装,halloween_costume
衣服,软壳外套,soft shell coat
衣服,内衣,underwear
衣服,外骨骼,exoskeleton
衣服,罩衫,frock
衣服,道袍,Taoist robe
衣服,军大衣,Army overcoat
衣服,荷叶边衬衫,frillded shirt
衣服,水手服,white sailor dress
衣服,黑色连衣裙+白色打底T恤搭配(请勿去掉tag括号),"(((black sundress with round neck,white T-shirt bottom)))"
衣服,外骨骼机甲,Exoskeleton Mecha
衣服,拼接款,mosaic
衣服,战袍,Battle Robe
衣服,机械服装,mechanical clothes
衣服,机械战甲,[Battle Robe:Exoskeleton Mecha:0.3]
衣服,露肩,cropped shoulders
衣服,修女服,nun clothes
衣服,长袖运动服（直译为立领长风衣）,Standing collar long windbreaker
衣服,无袖衬衫,sleeveless shirt
衣服,方舟风格服装（2019刻板印象）,"wind coat,skirt,scarf, gloves, leg belt, arm strap, hairclip, "
衣服,露脐,navel
衣服,OL套装,office lady suit
衣服,足球球衣,Soccer team jersey
衣服,情趣内衣,hot underware
衣服,兔女郎,Bunny Girl
衣服,和服,japanese_clothes
衣服,红格衬衫,Red Plaid Shirts
衣服,体操服,student training wear
衣服,开胸毛衣,open-chest sweater
衣服,侧系带比基尼下着,side-tie bikini bottom
衣服,逆兔女郎,reverse bunny suit
衣服,1婚纱,wedding_dress
衣服,雨衣,raincoat
衣服,军礼服,Military officer dress
衣服,运动胸罩,sports bra
衣服,全套婚纱,"bride, bridal veil, bridal gauntlets, wedding dress, bridal garter, bridal legwear, white thighhighs, stiletto heels,"
衣服,黑色冲锋衣,Black storm jacket
衣服,和服,kimono
衣服,改造巫女服,nontraditional miko
衣服,史莱姆装,slime dress
衣服,啦啦隊,cheerleading
衣服,高叉紧身衣,highleg leotard
衣服,白衬衫,white shirt
衣服,连体服（工作服）,jumpsuit
衣服,紧身衣,bodysuit
衣服,穿着红色旗袍(颜色可换),wearing white sleeveless cheongsam
衣服,校服,school uniform
衣服,睡衣,nightgown
衣服,印第安服饰,pocahontas outfit
衣服,高叉泳衣,slingshot swimsuit
衣服,浸湿（如果有内衣会透的更明显）,soaked
衣服,透明的背心,See-through vest
衣服,暴露的衣服,revealing clothes
衣服,透明晚礼服 by czz,[see-through:evening dress:0.3]
衣服,哥特萝莉裙,gothic lolita，
衣服,短裤,plaid skirt
衣服,日式浴衣,japanese yukata
衣服,乳胶衣,latex_bodysuit
衣服,红色连身裙,red dress
衣服,中国的衣服裙子,"chinese clothes,china dress,"
衣服,宇航服（配合科幻标签）,Space suit
衣服,紧身衬衫,taut shirt
衣服,小披风,poncho
衣服,巫女服,Miko clothing
衣服,比基尼,bikini
衣服,系绳比基尼,string bikini
衣服,泳装,swimsuit
衣服,连体泳衣,one-piece swimsuit
衣服,学校泳衣,school swimsuit
衣服,竞赛泳衣,competition swimsuit
衣服,运动服,sportswear
衣服,排球服,volleyball uniform
衣服,旗袍,china dress
衣服,高领衬衫,collared shirt
衣服,紧身衣,leotard
衣服,无肩带紧身衣,strapless leotard
衣服,雪纺连衣裙,chiffon dress
衣服,背心,tank top
衣服,露背连身裙,backless dress
衣服,绕颈连身裙,halter dress 
衣服,毛衣连身裙,sweater dress
衣服,毛衣,sweater
衣服,高领毛衣,turtleneck sweater
衣服,露肩毛衣,off-shoulder sweater
衣服,肩膀切口,shoulder cutout
衣服,心型切口,heart cutout
衣服,后背切口,back cutout
衣服,下胸切口,underboob cutout
衣服,迷你比基尼,micro bikini
衣服,绕颈连身裙,"masterpiece,best quality,highly detailed,1girl,bandaid,shorts,leggings,loli,expressionless,gigantic_breasts,holding lollipop,v,short_ponytail,classroom,yun jin (genshin impact)"
衣服,水手服,serafuku
衣服,萝莉,"serafuku,"
衣服,露背装,backless outfit
袜子,膝下袜,kneehighs
袜子,吊袜带,garter straps garter belt
袜子,袜子,socks
袜子,无趾护腿,toeless legwear
袜子,黑丝(By 你不史蒂夫),black stocking
袜子,连腰吊带袜(By 好人),garter_belt
袜子,横条袜(By 好人),striped_socks
袜子,泡泡袜(By 好人),loose_socks
袜子,长袜(By 好人),kneehighs
袜子,黑丝条纹质感（随缘生效）,"{{{Leg stockings,：Compiled by thin filament lines arranged horizontally}}}，{black stockings}"
袜子,日本式短布袜,tabi
袜子,黑色裤袜,black pantyhose
袜子,过膝袜（单侧）,thighhighs_on_one_leg
袜子,条纹过膝袜,striped_thighhighs
袜子,黑色过膝袜,black_thighhighs
袜子,"white stocking,","white stocking,"
袜子,接缝裤袜,seamed legwear
袜子,过膝袜,thighhighs
袜子,绑腿连裤袜,thighband pantyhose
袜子,巫女袜,(miko thighhighs)
袜子,黑丝,loli
袜子,蕾丝的，后面加东西就行,lact-trimmed
袜子,踩脚袜，马镫裤,stirrup legwear
袜子,裤袜,pantyhose
袜子,边缘系带的日式袜子,ribbon-trimmed_legwear
袜子,拉下裤袜,pantyhose pull
袜子,蕾丝的，后面加东西就行,lace-trimmed
袜子,白丝(By 你不史蒂夫),white stocking
袜子,绿色过膝,green_thighhighs
袜子,白色短袜,white ankle socks
袜子,白裤袜,white pantyhose
袜子,粉色过膝袜(By 好人),pink_thighhighs
袜子,裹腿(一般为丝袜),legwear
袜子,精细面料/有质感的(丝袜),fine fabric emphasis
袜子,白色过膝袜,white_thighhighs
袜子,无裤裆丝袜, crotchless pantyhose
袜子,连身袜,bodystocking
袜子,网裤袜,fishnet pantyhose
裙子,裙子,skirt
裙子,花卉图案连衣裙（白）,"white skirt dress, flower pattern in dress,white gow"
裙子,花卉图案连衣裙（黑）,"black skirt dress, flower pattern in dress,black gow"
裙子,紧身连衣裙,Dirndl
裙子,长裙,Long skirt
裙子,雨裙,Rainskirt
裙子,汉服,Han Chinese Clothing
裙子,微型短裙,microskirt
裙子,黑百褶裙,black pleated skirt
裙子,盔甲裙,armored dress
裙子,吊带裙,suspender skirt
裙子,【补档】分层群,layered skirt
裙子,围裙,apron
裙子,现代洛丽塔,lolita fasion
裙子,哥特式洛丽塔,lolita gothic
裙子,包臀裙,sheath dress
裙子,轻纱广袖裙,Light gauze wide sleeve skirt，
裙子,带褶连衣裙,pleated dress
裙子,睡裙,night dress
裙子,衬裙,petticoat
裙子,绕颈裙,halterdress
裙子,透明硬纱/蕾丝花边,Organza lace
裙子,迷你裙,miniskirt
裙子,婚纱,wedding dress
裙子,薄沙连衣裙,sheer tulle dress
裙子,连衣裙,one-piece dress
裙子,露肩连衣裙,off-shoulder dress
裙子,半身百褶裙,pleated skirt
裙子,夏日连衣裙,summer dress
裙子,无肩带礼服,strapless dress
裙子,蓬蓬裙,pettiskirt
裙子,中式旗袍死库水,chinese clothes+leotard
裙子,腰围裙,waist apron
裙子,铅笔裙,pencil skirt
裙子,白色连衣裙,white skirt
裙子,背心裙,jumper skirt
裤子,牛仔短裤,denim shorts
裤子,裤子,pants
裤子,内裤,underpants
裤子,吊带裤,trousers with suspenders
裤子,灯笼裤,bloomers
裤子,See-through Pajamas,"See-through Pajamas
"
裤子,兜裆布,fundoshi
裤子,骆驼趾/骆驼肌(紧身效果),cameltoe
裤子,吊带牛仔裤,Denim suspenders
裤子,紧身裤 ,leggings
裤子,丁字裤,thong
裤子,短裤,shorts
裤子,武士裤,"unbuttoned clothes,"
裤子,高腰裤 （低腰修改为low）,high-waist pants
裤子,红色短裤,red shorts
裤子,瑜伽裤,yoga pants
裤子,西装裤,trousers
裤子,低腰裤 （高腰修改为high）,low-waist pants
裤子,牛仔裤,jeans
视角,背后视角,from behind
视角,高位视角,from above
视角,侧边视角,from side
视角,多人背景,blurry background
视角,背后焦点,back focus
视角,臀部焦点,hip focus
视角,人物面朝远方(背对),facing away
视角,侧脸,profile
视角,第一人称,first-person view
视角,主观视角,pov
视角,手主观视角,pov hands
视角,三视图进阶,reference sheet
视角,三视图进阶,official art
视角,多视图,multiple views
视角,新房45度(By 姓符的绅士),"looking at viewer,(from side:1.2),( head tilt:1.65),(leaning_back:1.25)"
视角,男性焦点,male focus
视角,女性焦点,female focus
视角,电影镜头,cinematic angle
视角,侧下,from the Side below
视角,锐聚焦,sharp focus
视角,侧下,from the Side below Black silk
视角,正面面对,straight-on
视角,三视图,three sided view
视角,三视图进阶,concept art
视角,pp焦点,ass focus
视角,低位视角,from below
视角,胯部主观视角,pov crotch
视角,足部焦点,foot focus
配饰,兔尾,rabbit tail
配饰,吊带,suspenders
配饰,围巾,scarf
配饰,女仆头饰,maid headdress
配饰,腰带,belt
配饰,丝带,ribbon
配饰,发带,hair ribbon
配饰,颈带,neck ribbon
配饰,帽带,hat ribbon
配饰,大腿带,thigh strap
配饰,薄纱面纱,veil mouth veil
配饰,婚礼面纱,bridal veil
配饰,光环,halo
配饰,铃铛,bell
配饰,牛铃,cowbell
配饰,流苏,tassel
配饰,面罩,mask
配饰,发饰,hair ornament
配饰,发环,hair rings
配饰,发花,hair flower
配饰,蝴蝶结,hair bow
配饰,发簪,hair stick
配饰,兜帽,hood
配饰,护士帽,nurse cap
配饰,皇冠,crown
配饰,贝雷帽,beret
配饰,兜帽,hood
配饰,发卡,hairband
配饰,眼镜,glasses
配饰,太阳镜,sunglasses
配饰,眼罩,blindfold
配饰,眼罩(独眼),eyepatch
配饰,耳环,earrings
配饰,项圈,collar
配饰,水手领,sailor collar
配饰,项链,necklace
配饰,耳环,earrings
配饰,项链,necklace
配饰,领结,bowtie
配饰,三重冕,tiara
配饰,贝雷帽,beret
配饰,伞,umbrella
配饰,粗尾巴,giant green shark tail
配饰,巫师帽,wizard hat
配饰,蝙蝠翅膀,batwing
配饰,十字架项链,cross necklace
配饰,手捧花（花嫁）,Holding the wedding bouquet with both hands
配饰,漁夫帽,fisherman's hat
配饰,背包,backpack
配饰,飛行員護目鏡,FLIGHT Goggles
配饰,光剑,with lightsaber
配饰,枪械,firearms
配饰,口罩,mouth mask
配饰,耳机,headphone
配饰,领带,tie
配饰,棒球帽,Baseball cap
配饰,针织帽, Knitted hat
配饰,海军帽,naval cap
配饰,捷克南瓜燈, jack-o'-lantern
配饰,尾巴,tail
配饰,手杖,cane
配饰,口罩,Cold-weather mask
配饰,扫把,broom
配饰,额前的发带,headband
配饰,"太阳齿轮翅膀(大量齿轮,翅膀更多更乱,效果意外不错",Wings with sun gears
配饰,报童帽,cabbie_hat
配饰,火焰之轮（附着火焰的法轮？）,The wheel of fire
配饰,电线,wire
配饰,天线头饰（类似于碧蓝航线中绫波的头饰）,antenna hair clips 
配饰,书,book
配饰,笔记本电脑,laptop
配饰,御寒耳罩,earmuffs
配饰,口袋,pockets
配饰,纽扣,buttons
配饰,发花,hair_flower
配饰,束缚,shibari
配饰,鸭舌帽,casqueete
配饰,苏联毛帽,Ushanka
配饰,怀表,pocket watch pendant
配饰,防弹背心,Tactical bulletproof vest
配饰,臂环/臂章,armlet
配饰,头链 (参考Wlop风铃公主的头饰，成功率低),"head chain, jewelry"
配饰,头纱,veil
配饰,贴颈项链,choker
配饰,阔剑/弯刀/飞刀,glaive
配饰,女巫帽,"Witch_hat

"
配饰,蝴蝶结发饰,hair_bow
配饰,斗篷,capelet 
配饰,绷带,bandage
配饰,蝙蝠翅膀,bat_wing
配饰,口球,gagged
配饰,棒球帽,baseball_cap
配饰,武士刀,Samurai Sword
配饰,油纸伞,Oilpaper umbrella
配饰,脐钉,navel piercing
配饰,法杖,"wand,magic,"
配饰,狐狸面具,fox mask
配饰,披肩,capelet
配饰,尾巴插入（臀部出现尾巴）,tail insertion
配饰,吉它,Guitar
配饰,狼耳,wolf ears
配饰,发夹,hairclip
配饰,zun帽,zun hat
配饰,翅膀,wings
配饰,领带,necktie
配饰,魔法帽,(magic hat)
配饰,圣诞帽,Christmas Hat
配饰,手镯,bangle
配饰,圣诞帽,christmas hat
配饰,符文宝石,A rock with runes
配饰,红围巾,red_scarf
配饰,腿环,garter
配饰,鸭舌帽,peaked cap
配饰,铃铛项圈,bell collar
配饰,胸牌,"Badge, Mountain, River, Colorful"
配饰,手镯,bracelet
配饰,波浪帽檐遮阳帽,Sun hat with wavy brim
配饰,单片眼镜,monocular glasses
镜头,斜角镜头,dutch angle
镜头,强烈镜头,intense angle 
镜头,电影镜头,cinematic angle 
镜头,戏剧性镜头,dramatic angle 
镜头,动态镜头,dynamic angle 
镜头,远景,wide shot
镜头,透视,perspective
镜头,正前缩距,foreshortening
镜头,鱼眼,fisheye
镜头,颠倒,upside-down
镜头,运动模糊 ,motion blur
镜头,景深,depth of field
镜头,镜头光晕,lens flare
镜头,背光,backlight
镜头,电影角度,cinematic angle
镜头,高饱和度,high saturation
镜头,聚焦人物镜头,"lens 135mm,f1.8"
镜头,全景,"overall view,"
镜头,超广角,ultrawide shot
鞋子,高跟鞋,high heels
鞋子,运动鞋,sneakers
鞋子,交叉系带鞋,cross-laced footwear
鞋子,靴子,boots
鞋子,膝下靴,knee boots
鞋子,短靴,ankle boots
鞋子,系带靴,lace-up boots
鞋子,乐福鞋,loafers
鞋子,不穿鞋,no shoes
鞋子,拖鞋,slippers
鞋子,赤脚,barefoot
鞋子,女式学生鞋,uwabaki
鞋子,皮鞋,leather shoes
鞋子,高跟礼鞋,High heeled gift shoes
鞋子,凉鞋,sandals
鞋子,高跟凉鞋,high heeled sandals
鞋子,不穿鞋,no shoe
鞋子,木屐,geta
鞋子,高跟长筒靴,High heeled boots
鞋子,芭蕾舞足尖鞋,pointe shoes
鞋子,玛丽珍鞋（猪腰子鞋）,mary_janes
鞋子,厚底高跟靴,platform boots
鞋子,雨靴,Rainboots
鞋子,坡跟鞋,wedge heels
鞋子,有带子的高跟鞋,strappy heels
鞋子,战术靴,combat boots
鞋子,脚铐,shackles
鞋子,高跟礼鞋,High heeled evening shoes
鞋子,过膝长靴,thigh boots
鞋子,人字拖,Flip-flops
鞋子,高跟膝下靴,high helled low knee boots
鞋子,露趾高跟鞋,open toe high
鞋子,细高跟,stiletto heels
颜色,银发/银眼,silver_hair/silver_eyes
颜色,灰发/灰眼,grey_hair/grey_eyes
颜色,白发/白眼,white_hair/white_eyes
颜色,棕发/棕眼,brown_hair/brown_eyes
颜色,黑发/黑眼,black_hair/black_eyes
颜色,紫发/紫眼,purple_hair/purple_eyes
颜色,红发/红眼,red_hair/red_eyes
颜色,蓝发/蓝眼,blue_hair/blue_eyes
颜色,绿发/绿眼,green_hair/green_eyes
颜色,粉发,pink hair
颜色,粉发,pink_hair
颜色,灰发紫眼,gray hair purple eyes
颜色,黑蓝色头发,Black blue hair
颜色,深棕色头发,"
Dark brown hair"
颜色,希尔发色外黑内蓝,Large area of cyan Pick dyeing
颜色,浅紫发/浅紫眼,lilac_hair/lilac_eyes
颜色,白发/绿眼,white_hair/green_eyes
颜色,黑发,black hair
颜色,青色,turquoise
颜色,蓝眼,blue_eyes
颜色,黑发蓝瞳,black_hair/blue_eyes
颜色,宝石粉发,crystal pink_hair
颜色,白金发色,platinum_hair
颜色,银发,Silver hair
颜色,紫眼,purple eyes
颜色,水做的肌肤（碧蓝水色的皮肤颜色）,Skin made of water
颜色,水色头发（浅蓝）,aqua_hair
颜色,金发/蓝眼,blonde_hair/blue_eyes
颜色,红眼,red_eyes
颜色,黑皮（女性）,dark-skinned_female
颜色,茶色瞳/发,tawny eyes/tawny hair
颜色,红眼,red eyes
颜色,金发/金眼,blonde_hair/yellow_eyes
颜色,灰发,grey_hair
颜色,红发,red_hair
颜色,白发/蓝眼,white_hair/blue_eyes
颜色,白发,white_hair
颜色,白发/蓝瞳,white_hair/blonde_eyes
颜色,白发/蓝眼,white_hair/blue_ey
颜色,银发/青眼,silver_hair/cyan_eyes
颜色,金发,blonde_hair
颜色,日烧色（晒黑）,tan
颜色,日烧痕迹（晒黑线）,tanlines
颜色,水色眼睛（浅蓝）,aqua_eyes
颜色,粉色眼睛,pink_eyes
颜色,绿眼,green_eyes
颜色,青眼,cyan_eyes
颜色,银眼,silver_eyes
颜色,白发/红瞳,"white_hair,red_eyes"
颜色,灰发/灰眼,grey_hair/red_eyes
风格,提取高质量数据,masterpiece
风格,高分辨率,highres
风格,统一风格,Unity Creations
风格,轮廓加深,contour deepening
风格,纯色块,flat color
风格,单色,monochrome
风格,灰度,greyscale
风格,高对比度度,high contrast
风格,部分着色,partially colored
风格,色差色失焦,chromatic aberration
风格,CG,game cg
风格,漫画,comic
风格,动画截图,capanime screencap
风格,素描,sketch
风格,像素风,pixel art
风格,Q版,chibi
风格,新艺术运动(慕夏),art nouveau 
风格,现实的 ,realistic
风格,复古风格,retro artstyle
风格,1980风格,1980s (style)
风格,1990风格,1990s (style) 
风格,女神杂志,megami magazine
风格,同人志风,doujinshi doujin cover
风格,卡牌风,card games
风格,逼真的,photorealistic
风格,赛博朋克,cyberpunk
风格,高清壁纸,extremely detailed CG unity 8k wallpaper
风格,Persona 5 风格,"official art, red background, flat color, partially colored, {persona 5}"
风格,精确的几何形状,Precise geometry
风格,线稿,Line art
风格,塔罗牌风格,tarot
风格,唯美主义,Aestheticism Painting
风格,精细漫画插画,detailed manga illustration
风格,Q版,chibi
风格,原画,artbook
风格,复杂的细节,intricate detail
风格,折纸艺术,"{{{origami art}}}, paper art"
风格,纸艺风格,"{{{paper Figure}}}, origami art, 3d"
风格,fate stay night; saber,fate stay night; saber
风格,轻小说插画风,art of light novel
风格,杂志封面,magazine cover
风格,水墨,Ink wash painting
风格,浮世繪, ukiyo-e
风格,平面着色,flat shading
风格,色彩化,colorful
风格,斯普拉遁,{{splatoon}}
风格,浮世绘,ukiyo-e
风格,矢量追踪,vector tracing
风格,色彩化,colorful
风格,90年代,90's
风格,水彩画,watercolor
风格,剪影,silhouette
风格,传统媒体,traditional media
风格,描边,outline
风格,水墨画,ink and wash painting
风格,彩铅绘,colored pencil drawing
风格,素描草图,rough sketch
风格,抱枕,dakimakura
风格, 动漫截图,anime screencap
风格,漫画书,comic book
风格,杂志扫图,magazine scan
风格,伪截图,fake screenshot
风格, 角色设定图,character design
风格,官方图,official art
风格,手办,figure
风格,纸模,papercraft
风格,体素画,voxel art
风格,像素画,pixel art
风格,四格漫画,4koma
风格,苏维埃海报,soviet poster
风格,海报,poster
风格,OC渲染器,octane render
风格,写实,realistic
风格,平涂/平色,flat color
风格,平面着色,flat shading
风格,网点,screentones
风格,单色画,monochrome
风格,蒸汽波,Vaporwave
风格,平涂, flat color
风格,赛博朋克,Cyberpunk
风格,科幻风格,science fiction
风格,立绘,tachie
风格,游戏王,"Yu-Gi-Oh,kazuki takahashi"
风格,墨水溅,ink splashing
风格,p站风格,pixiv id
风格,灰度图,grayscale
风格,插图,illustration
风格,草稿风,{rough sketch}
风格,龙背景,"Loong, dragon background, loong background"
风格,极简线条,minimalist-lines
风格,图书馆,"library,realistic,ahoge,twintails,white_hair/blue_eyes,tail between legs,skirt_lift,"
风格,暗色调,"Tenebrism,"
风格,未来+阴阳 概念,"Conceptual art of futuristic yin-yang swordsmen,"
风格,蒸汽朋克风,Steampunk
风格,线条艺术,line art
风格,水墨动漫风,Ink anime
风格,情人节沙发,Valentine
食物,热狗,热狗
食物,冰淇淋,ice cream
食物,汉堡,hamburger
食物,苹果（by—赛博吟游诗人）,apple
食物,芝士（by—赛博吟游诗人）,cheese
食物,牛肉面,a bowl of noodles with diced beef and coriander 
食物,调料瓶,"Plastic condiment bottle packaging,realistic,Precise geometry"
食物,披萨,pizza
食物,虾仁蛋炒饭,"200g rice, 2 eggs, 10g salt, 1 scallion, 1 tablespoon oil,Stir fry for 10 minutes,100g ham,100g shrimps,10g soy sauce,10g Cabbage,10g tomato,10g Carrot,10g Sausage"
食物,酸奶,yogurt
食物,黄油（by—赛博吟游诗人）,butter
饰品,抹额（公主冠）（by残阳）,tiaras
饰品,呆毛,ahoge
饰品,花环,flower_crown
饰品,草帽,straw hat
饰品,宝石,gem
饰品,海滩上的石头，贝壳,"shells on the bench,stones on the bench"
饰品,鲜花头饰,floral headwear
饰品,勋章,medal
饰品,红旗,red flag
饰品,腿环,leg ring
饰品,魔法棒,magic stck
饰品,音符/五线谱,musical_notes
饰品,蝴蝶,butterfly
饰品,审查的项链, censored choker
魔导师分享,基础TAG(By VUP迫害协会-店小二),"masterpiece, best quality, illustration, beautifully detailed eyes, beautifully detailed sky, beautifully detailed water, cinematic lighting, dramatic angles"
魔导师分享,pjsk白毛葱[正](By 姓符的绅士),"(((masterpiece))), Sakura,((((Depth of field)))),(extremely detailed CG unity 8k wallpaper), best quality, man,best quality,Amazing,beautiful detailed eyes,1girl,(((grey_hair))),finely detail,masterpiece, full body,hatsune_miku, [blue_eyes],twintails, wind, [[heterochromia]],:I,looking to the side, hair over eyes"
魔导师分享,金毛旗袍luo'li(By 猫生万),"Red cheongsam, Cheongsam, girl, little girl, exudes, elf ears, blonde hair, red pupils, pointed ears, whole body, whole body image, kneeling posture, Bare legs, bare feet, masterpiece, best quality, extremely detailed CG unity 8k wallpaper"
魔导师分享,男口罩赛博蓝色调[正](By 黑色糯米滋),"1boy,headphone,black_mouth_mask,emotionlessw,black hair,science_fiction,night,extremely detailed CG,HD wallpaper,{{masterpiece}}, best quality, illustration, blue_eyes,buildings,full body,from side,from above,dutch angle,game cg,sportswear,full body,"
魔导师分享,男口罩赛博蓝色调[负](By 黑色糯米滋),"lowres, bad anatomy, bad hands, text, error, missing fingers, extra digit, fewer digits, cropped, worst quality, low quality, normal quality, jpeg artifacts, signature, watermark, username, blurry, bad promote, bad anatomy,fused fingers,too many fingers,extra fingers,poorly drawn hands,disfigured,gross proportions,poorly drawn face,bad proportions,blurry,mutilated"
魔导师分享,可爱洛丽塔萝莉与她的人偶[正](By 幻想),{incredibly_absurdres}，{{1girl}}，{{solo}}，ahoge，bangs，very_long_hair，flat_chest，doll，lolita_fashion，hair_ribbon，hair_ornament，lace，ribbon，thighhighs，uwabaki，ribbon_choker，pleated_skirt，seiza ，umbrella
魔导师分享,漂亮的粉毛吸血鬼,"masterpiece, best quality, best quality,Amazing,beautiful detailed eyes,finely detail,Depth of field,extremely detailed CG unity 8k wallpaper, masterpiece,(A Vampire Girl),pink hair,blonde hair,Red pupils"
魔导师分享,阿夸(By Zxis),"masterpiece,best quality,best quality,Amazing,beautiful detailed eyes,1girl,finely detail,Depth offield,extremely detailed CG unity 8k wallpaper,masterpiece,full body,(vtuber minato aqua),pink hair,blue streaked hair"
魔导师分享,可爱猫娘(By 戴帽规范化),"{{masterpiece}},1girl,masterpiece,best quality,official art,extremely detailed CG unity 8k wallpaper,looking_at_viewer,full body,hand in own hair,tail raised,ahoge,short hair,hime cut,headpiece,embarrassed,locker room,cat ear,serafuku"
魔导师分享,公主服舞台初音(By 克利玫尔),"miku,medium_chest,princess_dress,colourful_stages,crown,masterpiece,full_body,white_thighhighs,extremely_detailed_CG_unity_8k_wallpaper,solo,1girl,lights,flower in air,happy,arm behind back"
魔导师分享,白毛蓝瞳萝莉(By 红叶),"masterpiece, best quality,highly detailed,solo focus,kawaii , onee-loli,full body,{{{loli}}},{{petite}},long_hair,white_cat_ears,white_hair,blue_eyes,one eye closed,standing,arms behind back,fang,white sheer tulle dress,white stocking,{{{loli}}},{{petite}},boots,ribbon-trimmed sleeves,gloves ,flat_chest,{{{loli}}},{{petite}},pinching sleeves , puffy long sleeves,sleeves past fingers,white_thighhighs,{{{loli}}},{{petite}}"
魔导师分享,机动装甲(By fsfish),"blasphemy, mysterious, sacred, holy, divine, antichrist, illustration, {{MechanicalMonsteri}}, {extremely detailed cg}, non-humanoid, {{Remus GoD machine-Fenrir}}, masterpiece, powerful, extremely detailed CG unity 8k wallpaper, art oflight, artist style, hyper machine, Transformation by mechanization, Mechanicalweapon"
魔导师分享,圣骑士,"extremely detailed CG unity 8k wallpaper,（masterpiece）,best quality, illustration,(1 girl)，wet skin，expressionless，1 halo，(silver  armor),metal，complex pattern,corner，cape，indifference，（in castle）,Carry a sword，angel wings on  back,sacred"
魔导师分享,星空狸猫帽loli,"masterpiece, best quality,highly detailed,,tanuki hood,girl,loli,hood up,brown hood,long sleeve,happy,short hair,no animals,solo,stars,large pocket,petite,capelet,smile,night,sea,light brown cloak,white Chinese knot,fake animal ears,cape with star,hood with star"
魔导师分享,海晶少女(By 阿莱斯特),"{{masterpiece}}{{best quality}},1girl,petite,Depth of field,lens flare,extremely detailed,8k wallpaper,Amazing,beautiful detailed eyes,finely detail,score:>=10,Water, ocean, crystal, water droplets"
魔导师分享,睡衣困困萝莉（by幻想）,"extremely detailed CG unity 8k wallpaper，{best quality}, {{masterpiece}}, {highres}, original, {an extremely delicate and beautiful}，{{{solo}}}，best quality, illustration,{{1girl}},ahoge,bangs,very_long_hair,saliva,straddling,{{sleepy}},nightgown,white_thighhighs,no shoes,flat_chest,{Gorgeous bed}，sunshine，light"
魔导师分享,异色瞳少女,"masterpiece,highly detailed, best quality,magical girl,dark_grey_skirt,1girl,solo, full body ,long_blue hair,twintails,heterochromia, large_plain,sunset,smile, torii,"
魔导师分享,水手服狐耳大小姐,"{{masterpiece}},illustration,best quality,extremely detailed CG unity 8k wallpaper,tachi-e,full body,over the sea,serafuku,light,ojousama,bangs,long hair,beautiful detailed eyes,light blush,fox_ears,blush,arms behind back,hair_bow,white_thighhighs,high heels,skindentation,highleg"
魔导师分享,星空狸猫帽loli 【正】（By 777hi）,"(masterpiece), best quality,highly detailed,,tanuki hood,girl,loli,hood up,brown hood,long sleeve,happy,short hair,solo,stars,large pocket,petite,capelet,smile,night,light brown cloak,white Chinese knot,fake animal ears,cape with star,hood with star,the small moon,empty,minigirl,kemonomimi_mode,baby,the starry sky,meteor"
魔导师分享,星空狸猫帽loli 【负】（By 777hi）,"lowres,bad anatomy,bad hands, text, error, missing fingers,extra digit, fewer digits, cropped, worstquality, low quality, normal quality,jpegartifacts,signature, watermark, username,blurry,bad feet,animals,tree,hands"
魔导师分享,梦游仙境的爱丽丝,"{{masterpiece}},{best quality},{the alice in wonderland},{solo},1girl,{stading},{full body},{{delicate face}},white hair bow,blonde_hair,vely long hair,blunt_bangs,floating hair,{looking_at_viewer},blue eyes,beautiful detailed eyes,{white_frilled_dress},{{white pantyhose}}, puffy sleeves,skirt pleats,blue dress bow,{{rose}},delicate details"
魔导师分享,白毛蓝瞳，王室风裙子（by Suvi）,"{{solo}},{{best quality}},{{masterpiece}},highres,illustration, studio photography, {extremely detailed cg}，{{loli}},delicate face,beautiful detailed garden,beautiful detailed sky,cloud,shadow,{{short white hair}},loose hair. {beautiful detailed blue eyes},{{white dress }},{magic fashion},{{dress with white edge}},{{bare shoulders}},blue rose hair accessories,ribbon hair accessories，beautiful detailed blue necklace,small Earrings,{{{see-through}}},scared,blush"
魔导师分享,酷炫琴叶茜(by 节雨竹),"{{masterpiece}}, {highres}, {high quality},{best quality}, character focus,1girl,solo,{{{{{upper body}}}}},{{{{{{ pink hair, red eyes,white seethrough thighhighs, black dress, white collar, very long hair, hair rippon,bare shoulders,  sleeveless}}}}},loli, 1girl ,{{{street scene}}}, {below wind},{colorful sky},{nebula}, {star trail},neon, {{{{{depth of field}}}}}, Signboard, electric scoreboard ,chromatic aberration,{best quality}, {{{{{Core shadow}}}}},{{{{electricity}}}},{an extremely delicate and beautiful}"
魔导师分享,花田花嫁,"((masterpiece))，(extremely detailed CG unity 8k wallpaper)，(highres)，full body，original, illustration,1girl siting in flower field,{an extremely delicate and beautiful},long pink hair，beautiful and detailed eyes，(a lot of Colorful bubbles)，White wedding dress,wedding veil，butterflys flying，Hair fluttering，(smile)"
魔导师分享,白毛萝莉，透明睡衣,"{{{masterpiece, best quality, illustration,game_cg}}} 1girl, beautiful detailed eyes, cinematic lighting,very long  hair and silver hair,pink_eyes,pointy_ears,{{{oppai-loli,slim_waist,skinny}}},naughty_face,hair_ribbon,spring,twintails,standing,see-through_summer_dress,bed,window,lace,dancing,see-through_white_stocking,slim_legs"
魔导师分享,黑白机械蒸,"{best quality}, {{masterpiece}}, {highres}, original,cacred,holy,mysterious,coat,extremely detailed wallpaper, 1girl,monochrome,{an extremely delicate and beautiful},mecha"
魔导师分享,白毛红瞳水手服(by icen),"{profile picture},{an extremely delicate and beautiful girl}, cg 8k wallpaper, masterpiece, cold expression, handsome, upper body, looking at viewer, {photorealistic}, {painting}"
魔导师分享,机械末世(by icen),"{best quality}, {{masterpiece}}, {highres}, illustration,original,cacred,holy,mysterious,blasphemy, coat,extremely detailed wallpaper, 1girl,monochrome,{an extremely delicate and beautiful wallpaper"
魔导师分享,白毛团子眼镜白领(by icen),"masterpiece,best quality,highly detailed,office lady,white hair,hair bun,collarbone, messy hair, black suit,messy hair,wallpaper,chin rest,glasses,solo,cold"
魔导师分享,黑化妮普吉雅-正by四条彼方,"{{masterpiece}},best quality, extremely detailed CG unity 8k wallpaper,guro, dynamic angle, walking towards viewer, nepgear, flat chest, red eye, looking at viewer,dark persona, cry, evil smile,  torn purple shirt,  torn patterned purple coat, thigh strap, purple floating long hair, purple shoes, white thighhighs, hair ornament, blood splatter, blood moon, forest"
魔导师分享,月光下的机甲与少女,"mysterious, sacred,holy, divine, antichrist, illustration,{{Mechanical Monster}}, {extremely detailed cg}，{{Remus GOD machine-Fenrir}}, masterpiece, powerful, extremely detailed CG unity 8k wallpaper, art of light, artist style,hyper machine,Transformation by mechanization, Mechanical weapon，loli, a loli, no horns, long hair, blue hair, red eyes, empty eyes, turn your head, white clothes, light clothes, rolled up sleeves, moon, windows, curtains, wind and moon, tear moles, frigidity, all four are empty, lonely,"
魔导师分享,高大女人,"{{tall female}} ,doujinshi doujin cover,{{{{{{ long legs}}}}}}"
魔导师分享,金发白丝死库水萝莉鸭子坐（穿上袜子可以大概率避免脚趾畸形）,"{best quality}, {{masterpiece}}, {highres}, original, extremely detailed 8K wallpaper, 1girl, {an extremely delicate and beautiful},foot focus,full body,beach,loli,twintails,blonde_hair/yellow_eyes,eye contact,evil smileevil grin,wariza,holding hands,m legs,naughty face,tsurime,school swimsuit,white stocking,no shoes,bridal gauntlets,hair ribbon,flat_chest"
魔导师分享,黑白机械蒸02(by icen),"{best quality}, {{masterpiece}}, {highres}, illustration,original,sacred,holy,mysterious,blasphemy,extremely detailed wallpaper, 1girl,long hair,looking back,monochrome,lineart,{an extremely delicate and beautiful},gainax,eva"
魔导师分享,黑白机械蒸02(by icen),"{best quality}, {{masterpiece}}, {highres}, illustration,original,sacred,holy,mysterious,blasphemy,extremely detailed wallpaper, 1girl,long hair,looking back,monochrome,lineart,{an extremely delicate and beautiful},gainax,eva"
魔导师分享,拟人蜥蜴女孩(搬运),"photorealistic, beautiful anthropomorphic lizardgirl, detailed black purple skin, holding bow, dangeon background, d&d 5, realistic, detailed, fantasy, leather armor, quiver, Nikon Z9, 80mm lens, greg rutkowski, f/1.8, digital painting, art by artgerm and greg rutkowski and alphonse mucha"
魔导师分享,有一种存在的美,"4k CG,1girl, best quality, illustration, white hair,beret,gothic_lolita,solo focus,upper body,golden  eyes,{{lineart}},{{monochrome}}"
魔导师分享,detailed princess,"4k CG,1girl, best quality, illustration,{an extremely delicate and beautiful}:,lineart,emely detailed ,loli,petite,princess"
魔导师分享,白毛白丝死库水萝莉躺在沙滩上（展示腋下可以把手藏起来...）,"masterpiece, best quality,highly detailed,foot focus,full body,beach,petite,side twinails,white_hair,red_eyes,facing viewer,evil smileevil grin,naughty face,lying on back,presenting armpit,open  legs,surime,hair ribbon,school swimsuit,white_thighhighs,flat_chest,wet"
魔导师分享,粉毛舰娘,"game cg,a girl,peaked cap,{cyberpunk},long colorful socks,purple eyes,One-shoulder first aid kit,{colorful lab coat},Masterpiece,best quality, beautifully painted,highly detailed,cute,sick and delicate,hair_ornament with patches,pink colorful  hoodie,gothic,standing,science_fiction,Artificial human,eyeball,hospital background,colorful attooed,with crosses,{leg with pink stripes}"
魔导师分享,花田少女（by 亚）,"{best quality}, {{masterpiece}}, {highres}, original, extremely detailed 8K wallpaper, 1girl, {an extremely delicate and beautiful},This is a cartoon style picture,In the garden under the setting sun sat a blonde young girl, holding a flower and light smile,hair flower,sleeveless,horizontal pupils,symbol-shaped pupils,green eyes,gradient background,depth of field,sitting,cinematic lighting, volume lighting, bloom effect, light particles,long hair,ahoge,"
魔导师分享,精灵,"{an extremely delicate and beautiful},extremely detailed 4k CG, full body, white_hair, blue eyes, highres, moon, cold face,  {1girl},hair_ornament,hairclip, elf, mountain,chiffon dress, highres,cross-laced footwear"
魔导师分享,精灵姐姐（by mzjc）,"masterpiece, oil painting (medium) , best quality, best quality, Amazing, beautiful detailed eyes, finely detail, Depth of field, masterpiece, 1girl, mature female, black hair, blush, drop shadow, pointy ears, light particles"
魔导师分享,通用多视角模板,"best quality,masterpiece,{{1girl}},close-up,full body,looking at viewer,multiple views,Multiple postures,{{Beautiful face}}, 后面可以更改为其他设定
 ahoge,bangs,very_long_hair,saliva,straddling,{{sleepy}}"
魔导师分享,白毛蓝瞳小姐(by九幽吹雪),"anime character,A girl with white hair and bule eyes,starry sky,choker,beautiful detailed eyes,look at viewer,sweater,seaside,Nightscape,A girl with two ponytails,sea,Mountains in the distance,Expressionless"
魔导师分享,雪天白毛吸血鬼美少女（scale调至4 - 5）,"{{{masterpiece}}}, best quality, highly detailed,illustration,1girl, red eyes,wavy silver hair, pointy ears, vampire, dress, necklace, hair flower,snow, ice, full body shot, high close up, highly detailed,  sharp focus, looking at viewer"
魔导师分享,海边的萝莉,"masterpiece,best qualtry,loli,animal ears,blue eyes,hair ornament, sea, wet, cute face, long hair,white hair,star in eye, look at viewer,small chest,school uniform,seiza,white legwear, 1girl"
魔导师分享,主教（by好好怪）后接高质量tag,"full body,on a scepter,Sit on the throne,((robe with an intricate pattern)),(1 girl)，(solo),(cute anime face),golden eyes,white hair,expressionless,halo,(sit on the low throne),in 
 magnificent castle,"
魔导师分享,军服娘,"epaulettes,black_hair,bangs,asymmetrical bangs,one side up,sidelocks,ringed eyes,yellow_eyes,shaded face,long sleeves,standing,single hair bun,armband,cityscape,dress,white gloves,"
魔导师分享,有一种存在的美,"4k CG,1girl, best quality, illustration, white hair,beret,gothic_lolita,solo focus,upper body,golden  eyes,{{lineart}},{{monochrome}}"
魔导师分享,紫色花园的白发狐狸少女,"(best quality), ((masterpiece)), (highres), extremely detailed wallpaper, beautiful detailed eyes, CG, young girl, blue eyes, white hair, long hair, fox ears, fox tail, finely detail, (Depth of field), purple flower, garden"
魔导师分享,总之就是白毛红瞳,"masterpiece, best quality, best quality,Amazing,Beautiful red eyes,finely detail,Depth of field,extremely detailed CG unity 8k wallpaper, masterpiece,(((Long dark white hair))),miko,(Hazy fog),{Fluttering hair},{Thick hair},{{{Gelatinous texture}}},{profile},(Ruins of beautiful details),{Close-up of people},{{{Smooth skin}}},(((upper body))),(Smooth and radiant skin),(Smooth and radiant face),Perfect details,Beautifully gorgeous necklace,"
魔导师分享,万能前缀，所有图可用,"highly detailed,{best quality}, {{masterpiece}}, {highres}, original, extremely detailed 8K wallpaper,masterpiece, best quality, illustration, beautifully detailed eyes,  cinematic lighting"
魔导师分享,琴(原神）,"ponytail, shawl, belt, black leather gloves, white sleeves, white trousers, white boots, blonde hair, purple eyes, genshin impact"
魔导师分享,灰毛女王,"straight-on,full body,depth of field,colorful startrails,gothic architecture,photorealistic,oil painting (medium) ,solo,long_hair,grey_hair_grey_eyes,eye contact,standing,tying hai"
魔导师分享,白毛大狐狸,"{best quality}, {{masterpiece}}, {highres}, original, extremely detailed 8K wallpaper, 1girl, {an extremely delicate and beautiful},smile,ahoge,hime cut,silver hair,blue eyes,very long hair,cinematic lighting, volume lighting, bloom effect,cinematiclighting, light particles,Perfect female body,{fox ears},highly detailed,huge filesize,floating hair,detailed ,butterfly,Surrounded by flowers,ray tracing,Detailed female body,{soaked},{In the creek},solo,"
魔导师分享,黑白机械蒸03,"{best quality}, {masterpiece}, {highres}, 1girl,{mecha},{monochrome}, {gray scale}, {line art},offical art,{Imaishi Hiroyuki},gainax,concept art, {ghost in the shell},Blade Runner, 1990s (style),handsome, science fiction,"
魔导师分享,星空下的少女,"{masterpiece}, best quality, illustration, single,{1girl},{beautiful detailed eyes}, beautiful detailed stars, beautiful detailed galaxy, beautiful detailed sky, beautiful detailed water, beautiful ,{shorts}, cinematic lighting, blue eyes , silver hair ,white  uniform,{{blue plaid bow}},long sleeves, long hair, {{white dungarees}} ,{agoge}, braided ponytail, bright eyes, light smile,{star in eyes},{sparkling anime eyes},blue collar, blighting stars ,"
魔导师分享,黑白机械蒸03-2(by icen),"{best quality}, {masterpiece}, {highres}, 1girl,{mecha},{monochrome}, {gray scale}, {line art},offical art,{Imaishi Hiroyuki},gainax,concept art, {ghost in the shell},Blade Runner, 1990s (style),handsome, science fiction,"
魔导师分享,黑白机械蒸04 (by icen),"{best quality}, {masterpiece}, {highres}, 1girl,{mecha},{monochrome}, {gray scale}, {line art},offical art,{Imaishi Hiroyuki},gainax, {ghost in the shell},Blade Runner"
魔导师分享,黑白机械蒸04-2 (by icen),"{best quality}, {masterpiece}, {highres}, 1girl,{mecha},{monochrome}, {gray scale}, {line art},offical art,{Imaishi Hiroyuki},gainax, {ghost in the shell},Blade Runner"
魔导师分享,金发厚涂基本(by icen),"sacred,holy,{best quality}, {{masterpiece}}, {highres}, original,blonde hair, 1girl,extremely detailed wallpaper,{shirt}, oversized black shirt,messy hair,long hair, expressionless,{photorealistic}, {painting}, {realistic}, {oil painting},lying on back,"
魔导师分享,黑卷哥特女仆速涂基本 (by icen),"{best quality}, {{masterpiece}}, {highres}, original, extremely detailed wallpaper, 1girl,maid,gothic,fashion,black hair,curly hair, pastel color,sketch, "
魔导师分享,银发紫瞳,"{best quality}, {{masterpiece}}, {highres}, original, extremely detailed 8K wallpaper, 1girl, {an extremely delicate and beautiful}, bangs, half up hairstyle, silver hair/purple eyes, blush,"
魔导师分享,金发黑色蕾丝裙少女（by九幽吹雪）,"masterpiece, amazing, best quality,cg 4k wallpaper,beautiful detailed eyes,Expressionless,Glowing eyes,Ruby Earrings,Ruby necklace,choker,{{queen}},A splendid palace,{1 girl},solo,{Blonde short hair with gradual change},lens flare,{{light rays}},{{sunbeam}},{{sidelighting,sunlight}},solo focus,Raytracing,Delicate details,Black lace full dress,White wings,"
魔导师分享,Flower (By whereth),"masterpiece, best quality,,Amazing,beautiful detailed eyes,1girl,finely detail,extremely detailed CG unity 8k wa, girl in a sea of flower
,aqua_eyes,farm,{flower sea},{watercolor_medium},fine_art_parody,girl in a sea of flower,grey_hair/green_eyes,glowing eyes, hour lighting"
魔导师分享,碧蓝航线 信浓 （By 輪廻転生RT）,"full body, {{{white high heels}}},masterpiece,best quality,official art,extremely detailed CG unity 8k wallpaper, night, full moon, stars, cityscape, solo, milf, grey hair, {wavy hair}, very long hair,messy hair,  blunt bangs,hair spread out,{grey eyes},expressionless, beautiful detailed eyes, fox ears, {white fur shawl},{steelblue gradient silk revealing long dress}, sitting, bare_legs, choker, multiple tails,"
魔导师分享,一键秦川（带围巾版本 by盐三）,"{best quality}, {{masterpiece}}, {highres}, original, extremely detailed 8K wallpaper, 1girl, {an extremely delicate and beautiful},solo focus,full body,simple background,masterpiece,highres,Unity Creations,solo,petite,short_hair,white_hair,red_eyes,standing,arms behind back,school uniform,skirt,socks,no shoes,cat_ears,flat_chest,red scarf"
魔导师分享,一键秦川（by盐三）,"{best quality}, {{masterpiece}}, {highres}, original, extremely detailed 8K wallpaper, 1girl, {an extremely delicate and beautiful},solo focus,full body,simple background,masterpiece,highres,Unity Creations,solo,petite,short_hair,white_hair,red_eyes,standing,arms behind back,school uniform,skirt,socks,no shoes,cat_ears,flat_chest,"
魔导师分享,白毛萝莉+背景,"{best quality}, {{masterpiece}}, {highres}, original, extremely detailed 8K wallpaper, 1girl, {an extremely delicate and beautiful},silver_hair,purple_eyes,petite, solo,very long hair,outdoors,excited，bokeh,floating hair,finely detailed,HIGH RES,Stunning art,{{intricate detail}}, {{highly detailed skin}}, {{close up shot}},dynamic angle,Aestheticism Painting,{{reflective eyes}},water eyes,"
魔导师分享,海之女,"{{masterpiece}}{{best quality}},1girl,petite,Depth of field,lens flare,extremely detailed,8k wallpaper,Amazing,beautiful detailed eyes,finely detail,score:>=10,Water, ocean, crystal, water droplets"
魔导师分享,月下花瓣中的萝莉（by幻想）,"extremely detailed CG unity 8k wallpaper，{best quality}, {{masterpiece}}, {highres}, original, {an extremely delicate and beautiful},{{{{1girl}}}},moonlight，{full moon}，surface of the water，inverted reflection in water，White dress，Flying petals，very_long_hair,flat_chest,hair ribbon,veil mouth veil"
魔导师分享,生成皮套图(皮套教程BV1gS4y1x75w),"{best quality}, {{masterpiece}}, {highres}, original, extremely detailed 8K wallpaper, 1girl, {an extremely delicate and beautiful},upper body,transparent background,positive,open mouth,ID Photo,positive"
魔导师分享,高质量妹妹,"(((masterpiece))), best quality, illustration,dark background, sunlight, beautiful detailed eyes, 1girl, expressionless, red eyes, (((Light blue hair))), ((Long hair)),(((The rose is on the hair))), Long hair and waist, long bangs, hairs between eyes, ((((wine evening dress)))), extremely detailed, (hands on hips), stand"
魔导师分享,九尾狐(黄毛)[B站 小李xiaolxl],"{best quality}, {{masterpiece}}, {highres}, {an extremely delicate and beautiful}, original, extremely detailed wallpaper, one Fox Girl,{{{Nine fox tails}}},Small ear,Long hair, white hair,Witch dress,looking_at_viewer,full body,petals,long_hair,cherry_blossoms,green_eyes,blonde_hair,wide_sleeves,smile,animal_ears,falling_petals,long_sleeves,sheathed"
魔导师分享,九尾狐(白毛)[B站 小李xiaolxl],"{best quality}, {{masterpiece}}, {highres}, {an extremely delicate and beautiful}, original, extremely detailed wallpaper, one Fox Girl,{{{Nine fox tails}}},Small ear,Long hair, white hair,Witch dress,look at me,full body"
魔导师分享,白毛红瞳吸血鬼头图,"{{masterpiece}},best quality,highly detailed,extremely detailed CG unity 8k wallpaper,illustraction, 1girl, red eyes, wavy silver hair, pointy ears, vampire, dress, necklace, hair flower, snow, ice, full body, shot,high close up, highly detailed,center frame,sharp focus, looking at viewer, floting hair"
魔导师分享,新科娘（发饰使用img2img再生成）,"girl, loli, kids, cute, toddler, brown hair, very low twintails under the head, long hair, red ahoge, heart ahoge, golden eyes, pink camisole, red skirt"
魔导师分享,可可萝，和服头像壁纸,"onee-loli, kokkoro (princess connect!),grey hair,detailed clothes,detailed face,detailed eyes,masterpiece portrait,flower field,{{{Shy}}},solo,loli,{{intricate detail}}, {{highly detailed skin}}, {{close up shot}},floating hair,water eyes,red eyes, kimono, chromatic aberration,"
魔导师分享,奇幻古典少女,"lowres,bad anatomy,bad hands, text, error, missing fingers,extra digit, fewer digits, cropped, worstquality, low quality, normal quality,jpegartifacts,signature, watermark, username,blurry,bad feet,"
魔导师分享,白毛红瞳,"school uniform,skirt,starry sky,{best quality}, {{masterpiece}}, {highres}, original, extremely detailed 8K wallpaper, 1girl, {an extremely delicate and beautiful},full body,standing,game cg,loli,solo,very_long_hair,white_hair,red_eyes"
魔导师分享,绿毛军服猫娘,"green_hair/green_eyes, girls' frontline, cat_ears,Military uniformconstricted pupils, weapon, forest,cinematiclighting,"
魔导师分享,可爱的小姐姐,"from above,upper body,colorful startrails,torii,graphite (medium) ,ahoge,bangs,blue_hair/blue_eyes,eye contact,tongue out,outstretched arms,embarrassed,kimono,pink_thighhighs,uwabaki,bell,hair bow,"
魔导师分享,类雪乃,"yukinoshita yukino,black hair,blue eyes,very_long_hair,ahoge
"
魔导师分享,一只只小羊啊（by摸鱼娴者）,"masterpiece, best quality,highly detailed,selfiemirror,lens flare,nature,capanime screencap,young girl,ahoge,long_hair,sheep_ears,colored tips,sliver_hair,green_eyes,anime eyes,pleated skirt,thighhighs,sneakers,hair bow,flat_chest,depth of field,from above,smile"
魔导师分享,仿伊蕾娜(?)by 铃音Suzuka,"((best quality)),((masterpiece)),(((highres))),original,extremely detailed wallpaper,delicate painting style,best quality,illustration,cinematic lighting,(detail background),(1girl),(a young girl),white hair,blue eyes,glowing eyes,messy hair,(long hair),flipped hair,mechanical hairpin red sailor collar,red sailor scarf,white dress,black stockin,starlight,(cute),fantasy,handsome,cold face,loli,cloudy background,fuzzy background,meteor,star hairpin,(beautifully detailed eyes),perspective"
魔导师分享,白毛机娘,"masterpiece, best quality,highly detailed,,{best quality}, {{masterpiece}}, {highres}, original, extremely detailed 8K wallpaper,  {an extremely delicate and beautiful},full body,cinematic lighting,robot girl Machine girl, sacred,looking at viewer,white hair,very_long_hair,outdoors,large mechanical wings  SEED:1669305650"
魔导师分享,黑发黑耳猫娘(侧身?)[B站 小李xiaolxl],"{best quality}, {{masterpiece}}, {highres}, {an extremely delicate and beautiful}, original, extremely detailed wallpaper, 1girl,pillarboxed,long_hair,red_eyes,solo,black_hair,hair_ornament,smile,tassel,bangs,from_side,blunt_bangs,braid,very_long_hair,upper_body,looking_at_viewer,animal_ears,closed_mouth,holding"
魔导师分享,赛博姐姐，小子,"shiny skin,shiny clothes,shiny hair,extremely detailed CG,neon lights,cyberpunk city,leather jacket,leather gloves,purple short hair,trouser,bodysuit under clothes,boots,thighhighs"
魔导师分享,姬发式（黑发蓝眼）,"masterpiece,ahoge,hime_cut,long_hair,black_hair/blue_eyes,looking afar,sitting,capanime screencap"
魔导师分享,于废墟之中的白毛萝莉,"masterpiece, best quality, illustration, official art,extremely detailed CG unity 8k wallpaper, HD background,
 (1girl), ((solo)), (full_body), ((loli)), (little girl)), lookl at  viewers, A picture full of tension, Side face, in Amid the ruins, ((white_hair)), short_hair, Golden_eyes, white_Dress, The wind blows up the skirt, White silk stockings"
魔导师分享,夏日祭(by好好怪),"(extremely detailed CG unity 8k wallpaper),((masterpiece)),(best quality), illustration,(1 girl),(solo),(cute anime face),Yukata,(arms behind back),long straight hair,black hair,in street,on a busy street,little people behind, night,smile,(straight-on),Japanese Summer Festival,glasses,hairband"
魔导师分享,城市夜景的猫先生,"{{{furry male}}}, {{{cat boy}}},white shirt, blue eyes, 27 years old, single eyelid, standing, necktie, black jacket, cityscape"
魔导师分享,精灵妹,"sacred,holy,{best quality}, {{masterpiece}}, {highres}, original,blonde hair, 1girl,extremely detailed wallpaper,long hair, expressionless,{photorealistic}, {painting}, {realistic}, {oil painting},lying on back,elf,green eyes, glowing eyes,  circlet, necklace"
魔导师分享,白毛老婆,"ponytail,forest,from side,spread fingers,red eyeswrite hairsgirlsimleopen legs,school uniform,"
魔导师分享,成年军服男子,"masterpiece, best quality, illustration, beautifully detailed eyes, beautifully detailed sky,cinematic lighting, dramatic angles,blonde hair,blue eyes,handsome,Middle-aged men, soldier,short hair, World War II,cinematic angle ,dramatic angle,solo,dutch angle,motion blur,beautifully detailed forest,upper body,solo focus"
魔导师分享,盗版尼采,"{best quality}, {{masterpiece}}, {highres}, original, extremely detailed 8K wallpaper, 1girl, {an extremely delicate and beautiful},photo (medium) ,solo,serious, suit,  s-2514031923"
魔导师分享,"娘化小秦（指mr.quin,by盐三）","{best quality}, {{masterpiece}}, {highres}, original, extremely detailed 8K wallpaper, 1girl, {an extremely delicate and beautiful},cinematic lighting, volume lighting, bloom effect, light particles,solo focus,straight-on,full body,simple background,game cg,solo,petite,young girl,short_hair,cat_ears,white hair,red eyes,looking at viewer,light smile,standing,arms behind back,slim legs,black thighhighs,uwabaki,flat_chest,white shirt,red dress,red scarf,white hair"
魔导师分享,白毛人偶少女+机甲,"undefined,very_long_hair,white_hair,red_eyes,sitting on the ground,mask,{{masterpiece}},best quality,extremely detailed CG unity 8k wallpaper,{extremely detailed cg},hyper machine,Transformation by mechanization,Mechanicalweapon,Dolls,  meticulous mechanisms"
魔导师分享,赛博机器粉毛耳机,"{masterpiece}, {best quality}, {{oil painting}} , {{wallpaper 8k CG}}, {realistic}, Concept Art, {{cyberpunk}}, vary blue and red and orange and pink hard light, intricate light, portrait of a robotic girl with pink hair and headphones in a city at night with neon lights and buildings in the background, in the Sci-fi City at night, white and intricate clothes, dynamic hair, haircut, dynamic fuzziness, beautiful and aesthetic, intricate light, manga and anime, by Hidari Jingorō"
魔导师分享,绿毛双马尾死库水萝莉,"looking at viewer,(from side:1.2),( head tilt:1.65),(leaning_back:1.25),upper body,depth of field,beach background,beach,masterpiece,highres,extremely detailed CG unity 8k wallpaper,doujinshi doujin cover,graphite (medium) ,loli,twintails,green_hair/green_eyes,looking at viewer,standing,own hands clasped,m legs,blush,aquagradient eyes,white_thighhighs,school swimsuit,no shoes,hair ribbon,flat_chest"
魔导师分享,有点赛博的城市背景,"{detailed 8k wallpaper},{In a dilapidated alley},{{{cyberpunk,faraway Sci-fi city, kowloon}}},{{detailed background}},{{intricate detail}},{finely detailed},{highres},{Red light,Blue light,Purple light}"
魔导师分享,赛博女孩(CFG建议14) by:OYwins,"{detailed 8k wallpaper},{In a dilapidated alley},{{{{{girl focus,A girl,multicolored hoodie,mouth mask,ahoge,crystal pink_hair,glowing eyes,blue_eyes}}}}},{{{cyberpunk,Sci-fi city, kowloon}}},{{detailed background}},{{intricate detail}},{finely detailed},{highres},{Red light,Blue light,Purple light},{{behind-the-head headphones}}"
魔导师分享,花海的婚礼,"{best quality}, {{masterpiece}}, {highres},extremely detailed 8K wallpaper, 1girl,game cg,maiden, cinematic angle,delicate skin, blush,aquagradient eyes, {detailed eyes},{gradient  blonde hair},{gradient blue eyes}, Cherry blossoms,flying petals,mountain,flowers meadows, detailed background, outdoors, {delicate wedding dress}, neck ribbon, bridal gauntlets, bridal veil, hair ornament, hair flower, bouquet，wedding band，"
魔导师分享,少女与龙,"{an extremely delicate and beautiful girl}, cg 8k wallpaper, masterpiece, cold expression, handsome, full body, looking at viewer, insanity, white hair, messy long hair, red eyes, beautiful detailed eyes {{a black cross hairpin}}, handsome，long legs,Hair glows,dramatic angle，full—body shot,dragon wing,high contrast"
魔导师分享,花海的婚礼,"{best quality}, {{masterpiece}}, {highres},extremely detailed 8K wallpaper, 1girl,game cg,maiden, cinematic angle,delicate skin, blush,aquagradient eyes, {detailed eyes},{gradient  blonde hair},{gradient blue eyes}, Cherry blossoms,flying petals,mountain,flowers meadows, detailed background, outdoors, {delicate wedding dress}, neck ribbon, bridal gauntlets, bridal veil, hair ornament, hair flower, bouquet，wedding band，"
魔导师分享,花里胡哨雍容华贵的神秘女祭司,"masterpiece,best quality,highly detailed,{a Exquisite girl},Mysterious,{photorealistic}, {Aristocrat}, colorful,{Tan Skin},feathers,Fantasy,Gorgeous,Headwear,Incantation,folkloric,Tassels,Light Veil,{war paint},plume,{slit pupils},{acrylic paint (medium)}"
魔导师分享,海边双马尾小美女,"masterpiece,best quality,official art,extremely detailed CG unity 8k wallpaper, in hawaii, artbook, girl, silver hair, twintails, very long hair, lipstick, looking at viewer, hair_pull,  bikini top only , side - tie bikini bottom, high heels, stockings, "
魔导师分享,赛博朋克风少女,"{masterpiece}, {best quality},{detail face,focus on face} {{oil painting}}, {{wallpaper 8k CG]},hair ornament, {realistic}, Concept Art, {{cyberpunk}},vary blue and red and pink and orange hard light, intricate light, portrait of a beautiful girl ,in the Sci-fi City at night,black skirt dress, flower pattern in dress,black gown, dynamic hair, haircut,dynamic fuzziness, beautiful and aesthetic, intricate light,manga and anime,portrait,1 girl, "
魔导师分享,无题,"masterpiece, best quality,highly detailed,foot focus,full body,petite,semen，side twinails,facing viewer,clitoris，evil smileevil grin,naughty face,lying on back,presenting armpit,open  legs,surime,hair ribbon,school swimsuit,white_thighhighs,flat_chest,wet"
魔导师分享,Shukshin,"1girl,business suit,heterochromia,black hair,ruins,solo,Perfect female body,side_ponytail,payot,short_hair,looking to the side,cinematiclighting,scarf,gloom (expression) depressed,"
魔导师分享,Karbyshev,"epaulettes,white_hair,bangs,asymmetrical bangs,one side up,sidelocks,ringed eyes,white_eyes,shaded face,long sleeves,standing,single hair bun,armband,cityscape,dress,white gloves,,ruins,"
魔导师分享,海滩雌小鬼 转载tg（野澤魚太）,"{best quality}, {{masterpiece}}, {highres}, original, extremely detailed 8K wallpaper, 1girl, {an extremely delicate and beautiful},foot focus,full body,beach,loli,twintails,blonde_hair/yellow_eyes,eye contact,evil smileevil grin,wariza,holding hands,m legs,naughty face,tsurime,school swimsuit,white stocking,no shoes,bridal gauntlets,hair ribbon,flat_chest,"
魔导师分享,Aphrodite‘sWedding6 icen,"{{realistic}},{{sketch}}, {{oil painting}},long hair,gradient hair,{{best quality}, {{masterpiece}}, {highres}, original, extremely detailed wallpaper, {an extremely delicate and beautiful},1girl,an adult lady,extremely detailed,pink hair,messy hair,handsome,{white business suit},{tie},{white trousers},dramatic angle,{magzine},depth of field,"
魔导师分享,Aphrodite‘sWedding5 icen,"{{realistic}},{{sketch}}, {{oil painting}},long hair,gradient hair,{{best quality}, {{masterpiece}}, {highres}, original, extremely detailed wallpaper, {an extremely delicate and beautiful},1girl,an adult lady,extremely detailed,pink hair,messy hair,handsome,{white business suit},{tie},{white trousers},dramatic angle,{magzine},depth of field,"
魔导师分享,Aphrodite‘sWedding4 icen,"{{realistic}},{{sketch}}, {{oil painting}},long hair,gradient hair,{{best quality}, {{masterpiece}}, {highres}, original, extremely detailed wallpaper, {an extremely delicate and beautiful},1girl,an adult lady,extremely detailed,pink hair,messy hair,handsome,{white business suit},{tie},{white trousers},dramatic angle,{magzine},depth of field,"
魔导师分享,Aphrodite‘sWedding3 icen,"{{realistic}},{{sketch}}, {{oil painting}},long hair,gradient hair,{{best quality}, {{masterpiece}}, {highres}, original, extremely detailed wallpaper, {an extremely delicate and beautiful},1girl,an adult lady,extremely detailed,pink hair,messy hair,handsome,{white business suit},{tie},{white trousers},dramatic angle,{magzine},depth of field,"
魔导师分享,Aphrodite‘sWedding1 icen,"{{realistic}},{{sketch}}, {{oil painting}},long hair,gradient hair,{{best quality}, {{masterpiece}}, {highres}, original, extremely detailed wallpaper, {an extremely delicate and beautiful},1girl,an adult lady,extremely detailed,pink hair,messy hair,handsome,{white business suit},{tie},{white trousers},dramatic angle,{magzine},depth of field,"
魔导师分享,樱雀 02 （by icen）,"{best quality}, {{masterpiece}}, {highres}, original, extremely detailed wallpaper, {an extremely delicate and beautiful},1girl,an adult lady,extremely detailed CG  8k wallpaper,office lady,pink hair,messy hair,expressionless,handsome,{black business suit},{tie},{black trousers},dramatic angle,{magzine},{white background},depth of field,multiple views"
魔导师分享,樱雀 01 （by icen）,"{best quality}, {{masterpiece}}, {highres}, original, extremely detailed wallpaper, {an extremely delicate and beautiful},1girl,an adult lady,extremely detailed CG  8k wallpaper,office lady,pink hair,messy hair,expressionless,handsome,{black business suit},{tie},{black trousers},dramatic angle,{magzine},{white background},depth of field, "
魔导师分享,夜慕轻阑 04 （by icen）,"{best quality}, {{masterpiece}}, {highres}, original, extremely detailed wallpaper, {an extremely delicate and beautiful},1girl,extremely detailed,adult lady,{small chest}, white hair, ponytail, long hair, messy hair,white trench coat, studio photography, masterpiece, cinematic highlight hair,oil painting, realistic, handsome,photorealistic,{black halter dress },{black backless dress},sitting on chair,{flower hairbin},{flower on hair},barefoot,crossed legs,handsome,expressionless"
魔导师分享,夜慕轻阑 03 （by icen）,"{best quality}, {{masterpiece}}, {highres}, original, extremely detailed wallpaper, {an extremely delicate and beautiful},1girl,extremely detailed,adult lady,{small chest}, white hair, ponytail, long hair, messy hair,white trench coat, studio photography, masterpiece, cinematic highlight hair,oil painting, realistic, handsome,photorealistic,{black halter dress },{black backless dress},sitting on chair,{flower hairbin},{flower on hair},barefoot,crossed legs,handsome,expressionless"
魔导师分享,夜慕轻阑 02 （by icen）,"{best quality}, {{masterpiece}}, {highres}, original, extremely detailed wallpaper, {an extremely delicate and beautiful},1girl,extremely detailed,adult lady,{small chest}, white hair, ponytail, long hair, messy hair,white trench coat, studio photography, masterpiece, cinematic highlight hair,oil painting, realistic, handsome,photorealistic,{black halter dress },{black backless dress},sitting on chair,{flower hairbin},{flower on hair},barefoot,crossed legs,handsome,expressionless"
魔导师分享,夜慕轻阑 (by icen),"{best quality}, {{masterpiece}}, {highres}, original, extremely detailed wallpaper, {an extremely delicate and beautiful},1girl,extremely detailed,adult lady,{ small chest}, white hair, ponytail, long hair, messy hair,white trench coat, studio photography, masterpiece, cinematic highlight hair,beautiful hand,oil painting, realistic, handsome,photorealistic,{black halter dress },{black backless dress},sitting on chair,{flower hairbin},barefoot,crossed legs,handsome,expressionless"
魔导师分享,军队风金发少女,"{best quality}, {{masterpiece}}, {highres}, original, extremely detailed wallpaper, {an extremely delicate and beautiful},{photorealistic},Gorgeous,baroque oil painting character ln official illustration lotr concept art anime key visual portrait, young female nazi maid, long flowing blonde hair blue eyes, symmetrical perfect face fine detail delicate features quiet gaze, full black military uniform, gapmoe kuudere high fantasy bokeh, trending pixiv fanbox, "
魔导师分享,白色风衣军服少女,"space background, bokeh, 1girl, yellow hair, {{{blunt bangs}}}, long hair, hair over shoulder, straight hair, bluish eyes, white trench coat, blazer, suit, black [turtleneck], [military uniform], black gloves, [tight skirt] , white skirt, side slit, knee boots, black footwear, full body shot, "
魔导师分享,毛衣大狐狸,"{full body}, {{{white high heels}}},masterpiece,best quality,official a{full body}, {{{white high heels}}},masterpiece,best quality,official art,extremely detailed CG unity 8k wallpaper, night, full moon, stars, cityscape, solo, milf, grey hair, {wavy hair}, very long hair,messy hair,  blunt bangs,hair spread out,{grey eyes},expressionless, beautiful detailed eyes, fox ears, {white fur shawl},{sweater dress},{Lace garter straps garter belt,},sitting, choker, multiple tails,{mature female},
"
魔导师分享,百变过膝袜猫老大 by 山河,"1girl,loli,skin fang,no bra,no shoes,sideboob,collarbone,bare shoulders,bare arms,black choker,{{{oversized clothes}}},{(white_tank_top)_translucent_(tied_shirt)},bike shorts,thighhighs,mismatched legwear,asymmetrical legwear,right orange legwear,left orange and yellow striped legwear,nekomiya hinata,virtual youtuber,flat chest,very long hair,{spanish-pink_orange_bright_(Red _heating_light) hair},hair bobbles,eyes visible through hair,low twintails,hair between eye,sanimal ear fluff,cat ears,ahoge,blue eyes"
魔导师分享,传统炼铜CFG5-7(by安之若素J,"{{{masterpiece}}},{{best quality}},{{highly detailed}},{solo},1 girl,loli,{black long twintails with red hair ribbon},hair between eyes,ahoge,Bunny hair clip,sweet smile,beautiful detailed red eyes,{{white detached_sleeves with black puffy long sleeves}},white frilled collar, red bowties,white_thighhighs,black Lace-Up Boots,white background"
魔导师分享,青发少女 腐败（Corruption）,"(masterpiece),(best quality),(highres),(delicate),(beautiful),(cinematic highlight hair),(depth of field),beautiful detailed eyes,(wallpaper 8k CG),bloom effect,light particles,((caustic)),((cinematic lighting)),steampunk stylish,(profile),(head close-up),young girl,detailed cyan-blue color long hair,flower hair ornaments,aqua eyes,pleated skirt,((frills)),asymmetrical bangs"
魔导师分享,绿色连衣裙,"masterpiece, best quality, highly detailed, {{baroque}}, by François Boucher, cropped arms,
1girl, anime, beautiful detailed eyes, looking at viewer, sitting, brown eyes, black hair, braid,
18th century court fashion, {{{decorated green noble dress}}}, low collar, puff sleeves, white baroque patterns,
indoor, baroque architecture"
魔导师分享,拜占庭风格,"masterpiece, best quality, highly detailed, illustration, extremely detailed CG unity 8k wallpaper, highres,
1girl, beautiful detailed eyes, brown hair, purple eyes,
byzantine emperor,
byzantine architecture"
魔导师分享,洛可可风格,"masterpiece, best quality, highly detailed, rococo,
1girl, anime, beautiful detailed eyes, looking at viewer, standing, brown eyes, black hair, braid,
white and green highly decorate rococo dress,"
魔导师分享,戳我xp的不知道叫什么（by Caesar_YP）,"in summer, against backlight at dusk, girl, female, blonde hair , ponytail, light smile, light blush, cute face, arms up, Sukumizu"
魔导师分享,甘雨,"a girl, {{ kamisato_ayaka}} ,genshin impact, blue hair, blue eyes, long hair, ponytail ,armored dress ,armor, arm guards,holding fan,hand fan, white background	"
魔导师分享,男生,"{best quality}, {{masterpiece}}, {highres}, original, extremely detailed 8K wallpaper, 1girl, {an extremely delicate and beautiful},from side,portrait,sunburst background,comic,masterpiece,solo,mature male,wavy_hair,hair over one eye,black_hair/black_eyes,looking at viewer,hand in own hair,serious,open  mouth,eyes visible through hair,Cape hood,depthoffield,"
魔导师分享,繁花佳人,"{best quality}, {{masterpiece}}, {highres},extremely detailed 8K wallpaper, 1girl,game cg,maiden, cinematic angle,delicate skin, blush,aquagradient eyes, {detailed eyes},{long white hair},{light purple eyes}, Cherry blossoms,flying petals，Flowery meadow，detailed background, outdoors, full  body,cute anime face,blush,bishoujo,young girl,{delicate wedding dress}, neck ribbon, bridal gauntlets, bridal veil, hair ornament, hair flower, bouquet，wedding band,flower pattern in dress,flying butterfly,"
魔导师分享,盔甲,"masterpiece, best quality, official art, extremely detailed, 1girl, by jean-honore fragonard, medieval, {knight}, unexposed, white hair, evil, red eye, {full armor}, surcoat"
魔导师分享,玉腰奴05  (加高质量01) by icen,"cinematiclighting,{{watercolor pencil}},white hair,{messy hair},long hair,gradient hair,colored inner hair,{white background},{butterfly background},{halter dress},{backless dress},{butterfly dress},butterfly wings, butterfly hair ornament,butterfly print on dress,{{highly detailed butterflies}},{dark blue eyes},depth of field,dramatic angle,official art,"
魔导师分享,玉腰奴04  (加高质量01) by icen,"cinematiclighting,{{watercolor pencil}},white hair,{messy hair},long hair,gradient hair,colored inner hair,{white background},{butterfly background},{halter dress},{backless dress},{butterfly dress},butterfly wings, butterfly hair ornament,butterfly print on dress,{{highly detailed butterflies}},{dark blue eyes},depth of field,dramatic angle,official art,"
魔导师分享,玉腰奴03  (加高质量01) by icen,"cinematiclighting,{{watercolor pencil}},white hair,{messy hair},long hair,gradient hair,colored inner hair,{white background},{butterfly background},{halter dress},{backless dress},{butterfly dress},butterfly wings, butterfly hair ornament,butterfly print on dress,{{highly detailed butterflies}},{dark blue eyes},depth of field,dramatic angle,official art,"
魔导师分享,玉腰奴02  (加高质量01) by icen,"cinematiclighting,{{watercolor pencil}},white hair,{messy hair},long hair,gradient hair,colored inner hair,{white background},{butterfly background},{halter dress},{backless dress},{butterfly dress},butterfly wings, butterfly hair ornament,butterfly print on dress,{{highly detailed butterflies}},{dark blue eyes},depth of field,dramatic angle,official art,"
魔导师分享,玉腰奴01  (加高质量01) by icen,"cinematiclighting,{{watercolor pencil}},white hair,{messy hair},long hair,gradient hair,colored inner hair,{white background},{butterfly background},{halter dress},{backless dress},{butterfly dress},butterfly wings, butterfly hair ornament,butterfly print on dress,{{highly detailed butterflies}},{dark blue eyes},depth of field,dramatic angle,official art,"
魔导师分享,极度嫌弃你的妹妹！❤,"{best quality}, {{masterpiece}}, {highres}, original, extremely detailed 8K wallpaper, 1girl, {an extremely delicate and beautiful},little girl,pink hair,pink eyes,sister, twintails,contempt eyes,trample,foot focus,，frown，jitome，clenched teeth，from below,tread on ，loli,socks	,5 tones right foot,5 tones left foot,2 legs girl，white_thighhighs，"
魔导师分享,星空（龙）娘,"best quality outline white_hair/blue_eyes white dragon,{best quality}, {{masterpiece}}, {{ultra-detailed}},{detailed light}, (an extremely delicate and beautiful), solo,{knight},[illustration],Charming,{{handsome}}, upper body,   (beautiful detailed eyes), stars in the eyes,  , [Galaxy], depth of field,,"
魔导师分享,蒂法,"blush, upper body,Tifa,final fantasy,{best quality}, {{masterpiece}}, {highres}, original, extremely detailed 8K wallpaper, 1girl, {an extremely delicate and beautiful},contour deepening,photorealistic,Precise geometry,intricate detail,"
魔导师分享,洛丽塔,"an extremely delicate and beautiful girl, dark cyan pupils, long white hair, choker, hair ornament hair clip,cold and elegant, close-up, half-body drawing, noble lolita with delicate texture, white atmosphere, high quality, masterpiece, {{1girl}},"
魔导师分享,小天使,"(((masterpiece))), (((best quality))),(extreme CG unity 8k wallpaper),anime, minigirl,cute,kawali,blue eyes,(beautiful detailed eyes),(white long hair):1.2,(white cat ears):1.2,flat_chest:1.1,hair_ornament,(white stockings):1.5, white flowers,choker,collar,(white cat tail):1.5,angel wings,ruins,flowers field,eyeball,(slit pupils):1.5,blush,thigh strap,(halo),ahoge,hair ribbons,primary school uniform,fingersmile,maid,gloves ,floating hair,dynamic angle,"
魔导师分享,白毛双马尾少女,"female focus,dutch angle,comic,loli,long hair,twintails,white_hair,red_eyes,looking at viewer,Isekai cityscape,classroom,spread fingers,slit pupils,hoodie,white pantyhose,barefoot"
魔导师分享,黑色头发的基佬,"1mature male,short_hair,black hair,blue_eyes,looking at viewer,light smile,crossed_legs,hand in own hair,shaded face,crazy eyes,black suit,leather shoes,chest,glasses, gayarou, "
魔导师分享,文艺美少女,"best quality, masterpiece, highres, original, 1girl, extremely detailed 8K wallpaper, an extremely delicate and beautiful, cinematic lighting, depth of field,Precise geometry,long hair,light smile,((looking at the envelope  on the table)) ,(school uniform),{profile},Sit in a chair in front of the table, The letter is on the table,upper body,"
魔导师分享,未来风格的御姐,"{masterpiece}, {best quality}, {{oil paintingl},{{wallpaper 8k CG}}, {realistic}, Concept Art, {{cyberpunkl},vary blue and red and orange and pink hard light, intricatelight, portrait of a robotic girl, in the Sci-fi City atnight, white and intricate clothes, dynamic hair, haircut,dynamic fuzziness, beautiful and aesthetic, intricate light,manga and anime"
魔导师分享,被囚禁虐待的猫娘,"sad,tears,from below,full body,drop shadow,game cg,petite,short_hair,black_hair/black_eyes,crying with eyes open,kneel,shaded face,scared,surprised,gloom (expression) depressed,tareme,torn clothes,barefoot,flat_chest,cat girl，Pull the chain with both hands，There are scars on the body，Chained by a tether，Bruising，collar,Very short cat tail，The tail ends have bows，bloodstained"
魔导师分享,泳装星野（水大叔）,"{loli},{solo},light pink hair,{heterochromia blue yellow},{blue eyes},{yellow eyes},big ahoge,long hair,low twintails,{pink halo},white skirt swimsuit,hime cut,hug a blue whale toy,;d,on the beach,standing,{{blue archive}}
"
魔导师分享,小鳥遊星野,"{{loli}},{solo},{light pink hair},{{heterochromia blue yellow}},{{blue eyes}},{{yellow eyes}},big ahoge,long messy hair,floating hair,pink halo,white shirt with cyan tie,black pleated_skirt,hime cut,{sleepy},classroom"
魔导师分享,厚涂军装白毛红瞳,"{{realistic}},{{sketch}}, {{oil painting}},{photorealistic},long hair,hair ornament,{{best quality}, {{masterpiece}}, {highres}, original, extremely detailed wallpaper, {an extremely delicate and beautiful},1girl,an adult lady,extremely detailed,white hair,messy hair,{light smile},{military uniform},{portrait},{red eyes},small chest,dramatic angle,{magzine},depth of field"
魔导师分享,中国风包子头少女,"{1girl},{lotus},chinese, double bun, chinese formal,detail ornaments,gold wires,gold,rich,{best quality}, {{masterpiece}}, {extremely detailed 4K CG}, original, extremely detailed wallpaper, {an extremely delicate and beautiful}"
魔导师分享,海边男高中生2,"1 male,high-school student,detailed background,beach background,fireworks,starry sky,night,intense angle,looking at viewer,blue hair,messy hair for men,blue eyes,endured face,open shirt,swim trunks for men,blush,sweat,wet,best quality,highly detailed,masterpiece"
魔导师分享,桃几OVO,"{{masterpiece}}, best quality, illustration,A GIRL,long_hair,cat_ears,hair between eyes,sidelocks,blue_eyES,crystal pink_hair,arms behind back,kneel,hair flower,depthoffield,cropped legs ,（GREEN beret）,smile,,White wedding dress，neck ribbon,pink hair bow,"
魔导师分享,海边男高中生,"1 male,high-school student,detailed background,beach background,fireworks,starry sky,night,intense angle,looking at viewer,blue hair,messy hair for men,blue eyes,endured face,open shirt,swim trunks for men,blush,sweat,wet,best quality,highly detailed,masterpiece"
魔导师分享,白风衣军服少女,"space background, bokeh, 1girl, yellow hair, {{{blunt bangs}}}, long hair, hair over shoulder, straight hair, bluish eyes, white trench coat, blazer, suit, black [turtleneck], [military uniform], black gloves, [tight skirt] , white skirt, side slit, knee boots, black footwear, full body shot, "
魔导师分享,杂志,"1girl, red eye, green heterochromia, magazine cover"
魔导师分享,猫娘女仆,"masterpiece, best quality, {best quality},{masterpiece},4k CG,1girl,{{loli}}, {{cute}},long pink hair,white thighhighs ,cat ears,cat tail,maid dress,kneeling,sitting on floor,looking at viewer"
魔导师分享,可爱蓝毛猫娘,"{{masterpiece}},highres,loli,catgirl,:3,lightblue hair,neckbell,decorated maid dress,lace maid headdress,cute miniskirt,paw pose,{smiling eye},smile,dynamic angle,cat tail,indoors"
魔导师分享,绿发女忍者,"green hair,skin tight,japanese clothes,fishnets,straw sandals,mouth mask,scarf,{{{ninja}}},best quality,highly detailed,masterpiece,ultra-detailed,illustration,skin tight,green eyes"
魔导师分享,华丽的冰雪美少女,"((best quality)), ((masterpiece)), ((ultra-detailed)), extremely detailed CG, (illustration), ((detailed light)), (an extremely delicate and beautiful), a girl, solo, ((upper body,)), ((cute face)), expressionless, (beautiful detailed eyes), blue dragon eyes, (Vertical pupil:1.2), white hair, shiny hair, colored inner hair, (Dragonwings:1.4), [Armor_dress], blue wings, blue_hair ornament, ice adorns hair, [dragon horn], depth of field, [ice crystal], (snowflake), [loli], [[[[[Jokul]]]]]"
魔导师分享,白发可爱少女,"/ai_sfw_p extremely detailed Cg unity 16k wallpaper,loli,cute,red eyes,kawaii,jk,loli,white stocking,white gloves,{Furisode},white on hair,light blue hair,blue ribbon，blue foot wear,blue bow，hair between eyes,hair flower,hair ornamen,detailed eyes,hair ring,{masterpiece},lovely,floating_hair,paraselenic circle，falling petals，ahoge,smile，rainy,looking at viewer,sitting,higher angle,wet clothes"
魔导师分享,粉毛,"1 male,high-school student,detailed background,beach background,fireworks,starry sky,night,intense angle,looking at viewer,blue hair,messy hair for men,blue eyes,endured face,open shirt,swim trunks for men,blush,sweat,wet,best quality,highly detailed,masterpiece,pink_hair,pink_eyes,colored tips,medium hair,crop top,underpants,no shoes,chest,"
魔导师分享,国风龙娘（负面通用）,"1girl (guard) (arknights）(latex bodysuit）(chinese armor)(pleated_skirt)(medal)，YEllow_eyes,silver_hair,city,chinese armor,valley,wall,night（lightning）,rain,wet,pointy_ears,horns,FOG,lightning,bloodstain，ocean"
魔导师分享,.,"{best quality},{{masterpiece}},{highres}, {{18-year-old},{an extremely delicate and beautiful girl}, original, extremely detailed wallpaper,1girl,{solo},pillarboxed,long_hair,red_eyes,solo,black_hair,hair _ornamen,{smile},tassel,bangs,from_side,blunt_bangs,braid,long_hair,full_body,looking_at_viewer,animal_ears,closed_mouth,holding,white over-the-knee socks,{{{black_dress}}},sitting"
魔导师分享,军装猫耳少女,"long hair,hair ornament,{{best quality}, {{masterpiece}}, {highres}, original, extremely detailed wallpaper, loli,((white cat ears)){an extremely delicate and beautiful},1girl,extremely detailed,blue hair,messy hair,{light smile},{military uniform},{portrait},{red eyes},small chest,dramatic angle,{magzine},depth of field,"
魔导师分享,猫娘，写实，Q版,"lolita_fashion, hands_on_hips,  chibi, kemonomimi_mode, realistic"
魔导师分享,吸血鬼帅哥,"((1 male)),(((masterpiece))), best quality, highly detailed,extremely detailed CG unity 8k wallpaper,illustration, red eyes, short silver hair, pointy ears, vampire, wet, partially submerged,  necklace, hair flower, ocean, snow, ice, full body shot, high close up, highly detailed, center frame, sharp focus, looking at viewer,comic"
魔导师分享,希儿（还不太像）,"seele_vollerei ,1girl, ahoge,bangs,black_hair,blue_butterfly	,blush,butterfly,holding,looking_at_viewer,multicolored_hair,necktie,red_eyes,red_hair,red_nails,short_hair,,solo,two-tone_hair,full body, china dress,hair_ornament,rating:safe"
魔导师分享,棕发金色瞳少女,"sunset,solo focu,cloudy sky,{french braid},best quality,Amazing,fleeing,{wind},beautiful detailed eyes,{an extremely delicate and beautiful girl},finely detail,Depth of field,brown streaked hair,gold eyes,cold faces,confused,the sea,{{{beautiful black bikini}}},hair ornament"
魔导师分享,白色,"short_hair,white_hair,red_eyes,upper body,shaded face,flat_chest,coat,hand to own mouth,standing"
魔导师分享,括号笑叔,"masterpiece, best quality,illustration,Amazing,finely detail,(((1girl))),solo,loli,orange hair,pointy_ears,short hair,(orange beret),(orange beret),orange robe,yellow eyes,beautiful detailed eyes,black boots,garden,sunny day,breeze"
魔导师分享,图书馆捧着花的美少女,"masterpiece, best quality, best quality, an extremely delicate and beautiful, highres, Amazing, finely detail,Depth of field, extremely detailed CG unity 8k wallpaper, 1girl, indoor, library, beauty, beautiful detailed eyes, long black hair, twintails, smiling, berets, yellow knitted sweater vest, long skirt, blouse, holding flowers, vase on desk, sitting on desk, front, upper legs, Tyndall effect, smooth lights"
魔导师分享,猫娘少女,"masterpiece, best quality, solo, loli, kawaii, adorable girl, bishoujo, kemonomimi_mode, light smile, light blush, animal_ears, head tilt"
魔导师分享,下蹲散发腋来香的全身黑厮,"1girl,solo,full body,{an extremely delicate and beautiful girl},{extremely detailed},an extremely delicate and beautiful,beautiful detailed eyes,{{{{bare shoulders}}}},black ribbon,{light_leaks},{dynamic angle},{{{wet clothes}}},{{{{bodystocking,}}}},best quality,highly detailed,masterpiece,ultra-detailed,illustration,{{{{{{squatting,armpit,saliva}}}}}}"
魔导师分享,湿漉漉的白发红瞳吸血鬼帅哥,"((1 male)),(((masterpiece))), best quality, highly detailed,extremely detailed CG unity 8k wallpaper,illustration, red eyes, short silver hair, pointy ears, vampire, wet, partially submerged,  necklace, hair flower, ocean, snow, ice, full body shot, high close up, highly detailed, center frame, sharp focus, looking at viewer,comic,"
魔导师分享,超人by与世俱进的人，自加通用tag,"{{{masterpiece}}}},illustrationfrills， best quality，extremely detailed 8k wallpaper,highres，superman，Delicate muscle lines,red，black hair，mature，handsome，Clark Kent，superhero，{{{flying}}}，make a fist，sharp， fight ，  red underpants,a piece of cloak，blue cloth,strong，blue eyes，clear face，dove ，buildings"
魔导师分享,花海,"{best quality}, {{masterpiece}}, {highres},extremely detailed 8K wallpaper, 1girl,game cg,maiden, cinematic angle,delicate skin, blush,aquagradient eyes, {detailed eyes},{gradient  blonde hair},{gradient blue eyes}, Cherry blossoms,flying petals,mountain,flowers meadows, detailed background, outdoors, {delicate wedding dress}, neck ribbon, bridal gauntlets, bridal veil, hair ornament, hair flower, bouquet，wedding band，,"
魔导师分享,结晶术士少女(tag发不全,"{{{{Crystalline purple gemstone gloves}}}},((beautiful detailed Glass hair)),((Glass shaped texture hand)),((Crystallize texture body)),Gem body,Hands as clear as jewels,Crystallization of clothes,((crystals texture skin)),sparkle, lens flare, light leaks, Broken glass，{{{{Detailed Glass shaped clothes}}}}, beautiful detailed gemstone sky, gemstone sea, beautiful detailed eyes, overexposure,  side blunt bangs, hairs between eyes, ribbons, bowties, buttons, bare shoulders, "
魔导师分享,猫娘，写实，Q版,"lolita_fashion, hands_on_hips,  chibi, kemonomimi_mode, realistic"
魔导师分享,纳西妲,"{best quality}, {{masterpiece}}, {highres},original,extremely detailed 8K wallpaper,1girl,{an extremely delicate and beautiful},nahida,(loli),((platinum white short_hair)),((short side ponytail)),(elf),(Large area of green Pick dyeing),(crystal green_hair),arms behind back,genshin"
魔导师分享,粉毛鲨鱼牙妹子（半夏）,"{best quality}, {masterpiece}, {highres}, original, extremely detailed 8K wallpaper,1girl,{mary_janes},blue aquagradient eyes.pink short hair,collar,{sharp teeth}..forest.{ruins}.blue hoodie,incredibly_absurdres,ray tracing,highres,"
魔导师分享,雷姆,"{Rem(Re0)},{masterpiece}, best quality, kawaii, maid, blue hair, light smile, apron"
魔导师分享,测试,"masterpiece, best quality, highly detailed, rococo,1girl, anime, beautiful detailed eyes, looking at viewer, standing, brown eyes, black hair, braid,white and green highly decorate rococo dress,,"
魔导师分享,国风美少女cg（建议使用DPM2）,"(masterpiece), (best quality), (super delicate), (illustration), (extremely delicate and beautiful), (dynamic angle), white and black highlights, (Chinese dragon background), China, 1 girl, Hanfu, (complex details) (beautiful and delicate eyes), golden eyes, green pupils, delicate face, upper body, messy floating hair, messy hair, focus, perfect hands, (fantasy wind)"
魔导师分享,Uniform girl,"battlefieldldn hair, loli, uniform, long hair, glasses, hair ribbon, black stocking, battlef, "
魔导师分享,胡桃本桃,"genshin impact, {{{hu tao (genshin impact)}}}, {{{masterpiece}}},{{{best quality}}}, {{ultra-detailed}}, {{extremely detailed CG}}, {{8k_wallpaper}}, {{an extremely delicate and beautiful}}, dynamic angle, floating, {beautiful detailed eyes}, an extremely delicate and beautiful girl, 1girl, twintails,  {black hair}, red eyes eyes, blush, full body, shorts, black jacket, leather shoes, white short socks, flower-shaped pupils,"
魔导师分享,獸耳白髮少年,"((1 male)),(((masterpiece))), best quality, highly detailed,extremely detailed CG unity 8k wallpaper,illustration,animal_ears,1man,white_hair,red_eyes,cinematiclighting,portrait,standing,short hair,"
魔导师分享,狼耳，粉毛少女,"{best quality}, {{masterpiece}}, {highres}, original, extremely detailed 8K wallpaper, {1girl}, {an extremely delicate and beautiful},wolf ear fluff,messy_hair,pink hair,wide-eyed,{wariza},ray tracing,arms behind back,{white_windbreaker},indoors,nervous,hair bow,thigh strap,hairband"
魔导师分享,中式死库水,"Chinese style,One-piece swimsuit，Clothes with gold patterns"
魔导师分享,a,"{best quality}, {{masterpiece}}, {highres},original,extremely detailed 8K wallpaper,1girl,{an extremely delicate and beautiful},nahida,(loli),((platinum white short_hair)),((short side ponytail)),(elf),(Large area of green Pick dyeing),(crystal green_hair),arms behind back,genshin,"
魔导师分享,欧文,"{best quality}, {{masterpiece}}, {highres}, original, extremely detailed 8K wallpaper, {1girl}, {an extremely delicate and beautiful},wolf ear fluff,messy_hair,pink hair,wide-eyed,{wariza},ray tracing,arms behind back,{white_windbreaker},indoors,nervous,hair bow,thigh strap,hairband,"
魔导师分享,烟花下的白毛女仆,"masterpiece,best quality,official art,extremely detailed CG unity 8k wallpaper, night, cityscape, fireworks, huge_filesize, wallpaper, girl, solo, kawaii, bishoujo, mature, female, maid, long hair, white hair, light smile, blush, wide eyed, light blush, cute face, beautiful detailed eyes, aqua eyes, looking at viewer, arms behind back"
魔导师分享,类空银子,"masterpiece,best quality,official art,extremely detailed CG unity 8k wallpaper, girl, loli, medium hair, blue hair, white hair, silver hair, light blue hair, gradient hair, aqua hair, messy_hair, embarrassed , beautiful detailed eyes, eye_contact, school uniform, seifuku, hairband, "
魔导师分享,群友朴的本体,"Loli, light red hair,light red cat ears, bow,off the shoulder,green pupil,Hanfu,Chinese garden,read book"
魔导师分享,1,"genshin impact, {{{hu tao (genshin impact)}}}, {{{masterpiece}}},{{{best quality}}}, {{ultra-detailed}}, {{extremely detailed CG}}, {{8k_wallpaper}}, {{an extremely delicate and beautiful}}, dynamic angle, floating, {beautiful detailed eyes}, an extremely delicate and beautiful girl, 1girl, twintails,  {black hair}, red eyes eyes, blush, full body, shorts, black jacket, leather shoes, white short socks, flower-shaped pupils"
魔导师分享,正太图,"shota,little boy,{best quality}, {{masterpiece}}, {higher}, ,handsome,golden hair,
blue eyes,realistic,escited,full body shot,pornographywhite skin,
white pantyhose,pornography"
魔导师分享,女王,"upper body, In court dress,Bust,masterpiece, best quality, illustration,, sunlight, beautiful, detailed eyes,1 quee,highly detailed, solo, full,amazing, beautiful, finely detail, Depth of field, extremely detailed, CG unity 8k wallpaper, dynamic composition, motion, ultra - detailed, incredibly detailed, a lot of details, amazing fine details and brush strokes, smooth, hd semirealistic anime cg concept art digital painting,"
魔导师分享,穿风衣军装的史尔特尔,"(Arknight Surtr:1.3),{lift Levantin sword},looking at viewer,solo,red trench_coat,black military_uniform,{Armor gloves},layered skirt,black_thighhighs,{red low-tied long hair},{violet gridient Vertical pupils eyes},{dusk},ruins,rain,war,battlefield,god rays,ray tracing,detailed background,slim legs,Slim waist,{best quality}, {{masterpiece}}, {highres}, original, extremely detailed 8K wallpaper, anime screencap,1girl, full body,{an extremely delicate and beautiful},Perfect young girl body,bishoujo,"
魔导师分享,国风水墨唯美系少女,"(an extremely delicate and beautiful),(((masterpiece))),((best quality)),1girl,((an extremely delicate and beautiful girl)),female focus on,((gorgeous hair_ornament)),{{beijing opera}},((Ink wash painting)),((ink splashing)),((chinese painting)),(((illustration))),((color splashing)),beautiful detail"
魔导师分享,男孩,"{best quality}, {{masterpiece}}, {highres}, original, extremely detailed 8K wallpaper, {1girl}, {an extremely delicate and beautiful},wolf ear fluff,messy_hair,pink hair,wide-eyed,{wariza},ray tracing,arms behind back,{white_windbreaker},indoors,nervous,hair bow,thigh strap,hairband,"
魔导师分享,矗立于星空之下的吸血鬼精灵萝莉,"((best quality)), highly detailed, finely detail, (extremely detailed CG unity 8k wallpaper), masterpiece, illustration, breeze, detailed lighting, masterpiece, illustration, {beautiful detailed sky},beautiful detailed eyes, expressionless, vampire, solo, necklace, {{black beret}}, {black cape}, (red inner cape), silver hair, medium hair, expressionless, {glinting stars}, ((hair between eyes)), disheveled hair, {{red eyes}}, {pointy ears}, {Depth of field}, (starry tornado:1.4), {starry Nebula}"
魔导师分享,银发吸血鬼,"sliver hair, scarlet eyes, moon, sky, pointy ears, dringking a glass of blood, two small bat wings on head, white high heeled shoes, black bat-shaped garter, black stocking, black gothic dress, white corset, white neck ribbon, sliver crown with shinny scarlet jewl,ribbon-trimmed sleeves and gloves"
魔导师分享,水中少女,"(((masterpiece))),(best quality),(solo),highres, extremely detail CG,wallpaper,extremely detailed figure,Amazing,1girl, (((underwater))),very long hair, detailed face,((beautiful detail light reflective water)),beautiul detail blue eyes and hair,wavy hair,(wite pleated dress)((wet clothes)), (blue ribbons wrapped  the girl ),facing away,((ultra-detailed)),shiny water,((wide shot))"
魔导师分享,繁星,"starry sky,clusters of stars,gothic architecture,ruins,ocean,mountain,torii,marker (medium),art of light novel,"
魔导师分享,Noire,"red eyes, bare shoulders, hair between eyes, noire (neptune series),hair ribbon,blue ribbon, twintails, long hair, black hair"
魔导师分享,暗黑风染血哥特萝莉,"lolita,silver hair, purple hair tips,Left eye red Right eye white,In abandoned buildings,A morbid expression, torn clothes ,  torn legwear,Bloodstaining,thighhighs, heart-shaped pupils，Gothic Laurie Skirt,naughty face，looking at viewer,"
魔导师分享,一股子粥味,"Masterpiece,best quality, beautifully painted,highly detailed, horns,  {oripathy lesion {arknights}},{cosmic eyes},{beautiful detailed sky}, d:,{light particles}, {handled hair}, detailed eyes,bloom, profile,{{reflective eyes}} ,beautiful,{{highly detailed skin}}, {{close up shot}},bloom, {{light smile}}, {{{{yellow hair}}}},
"
魔导师分享,金髮西裝男,"yellow_messy_short_hair,business suit,yello_hair,Black eyes,expressionless,((masterpiece)),((best quality)),((detailed face)),extremely detailed,beautiful detailed eyes,2 boys, young boy,male high school student,finely detail,Depth of field,extremely detailed CG unity 8k wallpaper,
"
魔导师分享,光之神海德林（伪，配合高质量标签超美）,"floating,Hydaelyn(ffxiv),gorgeous details,huge silvery angel wings,sharp wings,blue crystal chip aura,mother,white bodysuit,prominent blue lace pattern,pure white skin,white cape,white crystal sword,blue eyes, solo,sharp crystal feet, medium boob,medium long curly hair,head wings,huge blue glow crystal In the background,divinity,elegant,kindly,sacred,orderly,In the starry sea floor"
魔导师分享,露米娅素体（需要自行完善）,"rumia, ((perfect body)), 1girl, red ribbon, red necktie, blonde hair, black skirt, red eyes, short hair, solo"
魔导师分享,仰望星空的少女,"2459072752-{best quality}, {{masterpiece}}, {highres}, original, extremely detailed 8K wallpaper, 1girl, {an extremely delicate and beautif}"
魔导师分享,绘圈风头像,"【P】(best quality), particals, floating sparkles, beautiful detailed face but only eye blurred , 
finely detailed background, extremely detailed, masterpiece, ilustration, CG unity 8k wallpaper,
 cinematic lighting but over exposed
【N】black-white, bad anatomy, liquid body, disfigured, mutated, anatomical nonsense, blurry, 
JPEG artifacts, 3D character,bad proportions, bad shadow, blurred, 1970s style, 1980s style, error, 
text, ui, error, cropped, watermark, username, signature
【采】DDIM
【步】29
【C】4.5"
魔导师分享,赛博朋克大姐姐,"{masterpiece},{{best quality}},official art,{extremely detailed CG unity 8k wallpaper}, in hawaii, comic, girl, {solo}, {{mature female}}, {mature}, {milf},{{detailed background}},cyberpunk city,detailed manga illustration, {{{mecha girl}}},medium hair, orange hair,parted bangs, looking at viewer,{dynamic pose},expressionless,{beautiful detailed eyes},tsurime, red eyes, combat suit,{taut clothes},{leggings},combat boots,laxet glove,flat_chest,{ray tracing},ponytail,"
魔导师分享,默认女仆（粉毛）,"{masterpiece}, best quality, kawaii, maid, pink hair, light smile, apron"
魔导师分享,海边 婚纱 少女,"((faux traditional media)),(best quality), ((masterpiece)), (highres), original, extremely detailed 8K wallpaper, dynamic angle,1girl,wedding_dress,smile,sky background,clouds, seagulls,(an extremely delicate and beautiful),girl with blue hair sitting by the sea and (playing the piano),beach,cinematic lighting, volume lighting, bloom effect, light particles,floating hair,bloom,(intricate detail), (highly detailed skin), (close up shot)"
魔导师分享,站在水面的校服少女,"{masterpiece},{best quality},{1girl,{{loli},black hair,blue eyes,very long hair,hair flower,school uniform,happy}},Amazing,beautiful detailed eyes,finely detail,Depth of field,extremely detailed CG,original,outdoors,beautiful detailed hand,beautiful detailed fingers,wet through,{body under water},standing,{beautiful detailed water,beautiful detailed sky,fluttered detailed splashs},by Paul Hedley"
魔导师分享,蹲着漏出腋下大开腿的兔女郎,"{best quality}, {{masterpiece}}, {highres}, original, {extremely detailed 8K wallpaper}, 1girl, {an extremely delicate and beautiful},{cinematic angle},pov,full body,incredibly_absurdres,detailed background,{masterpiece},highres,art of light {novel},bishoujo,long hair,asymmetrical bangs,pink hair,sideways glance,slim legs,expressionless,{{beautiful detailed eyes}},{blue_eyes},neck ribbon,headphone,{flat_chest},{ray tracing},{detail fingers},strapless leotard,{black pantyhose},high heels,rabbit tail,Black thigh strap,{Exhibitionism},spread legs,{{squatting}},{armpits},{arms up},{arms behind head},{{indoors}},{neon lights},"
魔导师分享,城市里的旗袍脐钉龙娘,"master piece, 1 girl,long hair, silver hair, teenage girl, heighly details, slit_pupils
,full body，details,dragon horns,goat horns, black horns,  gloden eyes,,dragon tail,best quality, extremely detailed,Loli,City,Belly ring,Cheongsam,Bare feet,"
魔导师分享,赛博朋克转账大头,"from side,close-up,backlight,starry sky,clusters of stars,cyberpunk city,flat color,solo,payot,white hair,streaked hair,straight hair,parted bangs,blue_eyes,looking away,upper body,detail fingers,expressionless,half-closed eyes,black suit,"
魔导师分享,w,"bangs,white_hair/white_eyes,staring,zombie pose,between legs,apron,paw gloves,cinematiclighting,rabbit ears,"
魔导师分享,埃爾登法環 菈妮,"Blue background，((Four hands)),white chiffon dress,witch,sitting,solo,closed eyes,eyeliner,wavy hair,((Elden_ring)),blue skin,1 female,tarot,bule hair,blue pupils,((masterpiece)),((best quality)),detailed face,extremely detailed,beautiful detailed eyes,((figure in the center of the picture)),expressionless,realistic and delicate facial features,Perfect female body,masterpiece, best quality, best quality,Amazing,beautiful detailed eyes,finely detail,Depth of field,extremely detailed CG unity 8k wallpaper, masterpiece,"
魔导师分享,星空下白毛兽耳校服loli,"masterpiece,best qualtry,loli,animal ears,blue eyes,hair ornament, sea, wet, cute face, long hair,white hair,star in eye, look at viewer,small chest,school uniform,seiza,white legwear, 1girl,starry sky,straight-on,sneakers,"
魔导师分享,白毛兽耳loli,"masterpiece, best quality, solo, loli, kawaii, adorable girl, bishoujo, kemonomimi_mode, light smile, light blush, animal_ears, head tilt,{best quality}, {{masterpiece}}, {white hair,highres}, original, extremely detailed 8K wallpaper, 1girl, {an extremely delicate and beautiful},,cityscape,hoodie,rain,first-person view,anklet,white_thighhighs,sneakers,white hair,long_hair,"
魔导师分享,海,"masterpiece, best quality,masterpiece,best quality,official art,extremely detailed CG unity 8k wallpaper,on the ocean,girl,blue hair,very long hair,ahoge,expressionless,longeyelashes,beautiful detailed eyes,hair ornament,{{{{  by Wadim Kashin }}}},
by Wadim Kashin,floating hair,{{hair dripping}},detailed wet clothes,Lip details"
魔导师分享,粉毛少女,",beautiful detailed water, beautiful detailed sky,fluttered detailed splashs ,{best quality}, {{masterpiece}}, {highres}, original, extremely detailed 8K wallpaper, {an extremely delicate and beautiful},masterpiece,ray tracing,petite, 1girl, solo, pink hair, very long hair, school uniform, happy,outdoors, , excited,by Paul Hedley,sunlight,reflection light,with flowers in hand,wet hair,,hair_flower,"
魔导师分享,罗马（精罗狂喜,"masterpiece, best quality, highly detailed, illustration, extremely detailed CG unity 8k wallpaper, highres,1girl, beautiful detailed eyes, gold hair, blue eyes,｛Rome apparel｝,｛Rome style｝，Rome architecture,｛Roman headdress｝"
魔导师分享,白毛红瞳,"{{masterpiece}},extremely detailed 8k CG,Long sliver hair,a small gold ornament, red eyes, royal sister, cold face and white shirt,Hair glows,dramatic angle,handsome, looking at viewer"
魔导师分享,1,"ray tracing,cinematic angle,cyberpunk city,Loong, dragon background, loong background,ahoge,long_hair,red_hair/red_eyes,looking back,standing,open hands,military uniform,"
魔导师分享,中國風旗袍(紅眼白毛),"{masterpiece},{best quality},{1girl},Amazing,beautiful detailed eyes,finely detail,Depth of field,extremely detailed CG,original, extremely detailed wallpaper,china town,bent over,black_thighhighs,china dress,red eye,white hair,outstretched arm,ponytail,light smile,sideways glance

"
魔导师分享,男吸血鬼,"bulge,solo,mature male, more abdominal muscle,chest,vampire,white_hair,red_eyes,jack-o' challenge,frown,lying on back,underpants,black stocking,leather shoes,"
魔导师分享,白丝机娘,"first-person view,long_hair,white_hair,red_eyes,white pantyhose,mecha girl,evening dress,"
魔导师分享,S,"{{masterpiece}}},{extremely detailed CG unity 8k wallpaper},best quality,Amazing,finely detail,solo,cinematic lighting,close-up,{{floating hair}},{{Sakura}},outdoors,sky,{{wind}},detailed background,beautiful detailed eyes,,bright pupils,{{full body}}, dynamic pose,dynamic angle,looking at viewer,detailed clothes,profile,from side,full body,masterpiece, oil painting (medium) , best quality, best quality, Amazing, beautiful detailed eyes, finely detail, Depth of field, masterpiece, 1girl, mature female, black hair, blush, drop shadow, pointy ears, light particles,,ray tracing,incredibly_absurdres,{best quality}, {{masterpiece}}, {highres}, original, extremely detailed 8K wallpaper, 1girl, {an extremely delicate and beautiful},,indoors,Unity Creations,game cg,extremely detailed CG unity 8k wallpaper,intricate detail,Aestheticism Painting,detailed manga illustration,oil painting (medium) ,Perfect female body,solo,maid,brown_hair/brown_eyes,looking away,looking to the side,standing,beautiful golden eyes,Maid dres"
魔导师分享,红嫁衣,"masterpiece, best quality,extremely detailed CG unity 8k wallpaper,((gorgeous red long skirt)),Red shawl, red long sleeve,((((dress has golden phoenix pattern on it)))),black hair,Red eyes,((gentle)),(((nice headpiece))),(Gorgeous crown),((detail ornaments)),(flowers),gentle smile,the tiny gold bracelet,beautiful eyeliner,beautiful detailed girl,an extremely delicate and beautiful girl,beautiful detailed eyes
"
魔导师分享,忧郁的魔女,"{{{masterpiece}}}, best quality, illustration,{{wallpaper 8k CG}},Concept Art, brilliant colors, strong rim light, beautiful and aesthetic,detailed face,    night, in winter, moon, stars, sky, the top of the hill, landscape, fireworks, girl, adorable girl, bishoujo, long hair, hair over shoulder, alternate hair length, white hair, ahoge, messy_hair, hair bow, hair bun, embarrassed , blush, shy, nose blush , light blush, cute face, aqua eyes, looking at viewer, arms behind back , bare_shoulders, bare_legs, lace, japanese_clothes with flower, obi, white_thighhighs, leg_garter,  {{detailed face, focus on face, look at you}}"
魔导师分享,白月泪言,"fangs,long_hair,pointy_ears,ponytail,white_hair,red_eyes,vampire,white stocking,sheer tulle dress,bridal gauntlets,flat_chest,high heels,"
魔导师分享,冰雪中的天使族,"((masterpiece)),(best quality),(solo),(highres),extremely detailed CG wallpaper,extremely detailed figure,Amazing,((a beam of light in the sky)),Meteors streak across (the Milky Way),clouds,a beautiful girl with very long hair,((dress with metal trim)),(glowing flowers),(huge buildings),((cute face)),full body,((sideways)),detailed face,detailed blue eyes,detailed light,((The sense of sacredness)), snowing, (holding a ice sword in her hand),((white wings)), broken feeling,Depth of field,finely detail,(glowing particles),perspective"
魔导师分享,只因,"1boy,{{{Cai Xukun}}},play basketball,{{{{trousers with suspenders}}}},black shirts,grey pants,{white ribbon},grey hair,short_hair,{{Split head}},wavy hair,black eyes,indoors,(crotch dribble)"
魔导师分享,长发魔女,"long wavy curly hair,white_hair/blue_eyes,looking down,dynamic pose,raised eyebrow,tears,Cape hood,lolita gothic,"
魔导师分享,机甲外骨骼少女,"masterpiece,best quality,official art,extremely detailed CG unity 8k wallpaper, day, girl, antenna hair, wavy hair, hair over one eye, hair ribbon, Exoskeleton,gun,Mechanical Art,, mechanical body, mechanical arm, mechanical hair accessories, mechanical decoration"
魔导师分享,111,"white ankle socks,breath,kneeling&setting on floot,hugging own legs,tail between legs,wet clothes,Organza lace,indoors,slippers,flat_chest,ribbon,ahoge,"
魔导师分享,幽幽子,"Saigyouji yuyuko,very cool girl wearing cyberpunk intricate streetwear, beautiful, detailed portrait, intricate complexity, by krenz cushart, kyoto animation, greg rutkowski, wlop. 4 k, beautiful, cinematic dramatic atmosphere,pov crotch,miniskirt,"
魔导师分享,性感长腿版的露西（赛博朋克）,"short_hair,blunt_bangs,white_hair/pink_eyes,two-tone hair,gradient hair,a girl in a white dress sitting on a chair in front of a cityscape at night with her legs crossed, by Masaaki Sasamoto,{best quality}, {{masterpiece}}, {highres}, original, extremely detailed 8K wallpaper, 1girl, {an extremely delicate and beautiful},red-eyeshadow,lipstick，closed mouth,pink_hair，looking afar,bob cut，detached sleeves"
魔导师分享,白发魔女,"flying butterfly,glinting stars,a full moon on the horizon,dark starry sky,golden orbs and fireflies,dramatic lighting"
魔导师分享,混合水手旗袍服,"Anime Style, Big Sister, Grey Hair, Tied Hair, Slightly Right to Camra, Smile, Small Tits, Super Quality, {{Leprechaun}}, 
( Sailor suit:Cheongsam: 0.4)
Visual effects:
movie lights,
theatrical point of view,
((masterpiece)),
best quality,
high resolution illustrations,
particle effect,
((very detailed CG)),
{{masterpiece}}
absurd,
intricate details,
((8k_wallpaper)),
(a garden full of flowers),
(long vines wrap around the body),
flying petals，
(nature),"
魔导师分享,风雨将至,"{character focus}, {best quality}, {{masterpiece}}, {highres},cinematic lighting,cinematic angle, volume lighting,{{contour deepening}},ultra-detailed,illustration,(backlighting),extremely detailed 8K wallpaper,highly detailed, center frame,  {{{1 girl}}},{loli},{standing},{white long hair},white dress,facing away, thundercloud,raining,storm,cityscape,dark sky,"
魔导师分享,火龙娘,"((best quality)), ((masterpiece)), ((ultra-detailed)), extremely detailed CG, (illustration), ((detailed light)), (an extremely delicate and beautiful), a girl, solo, ((upper body,)), (open  legs), expressionless, (beautiful detailed eyes), blue dragon eyes, (Vertical pupil:1.2), green hair, shiny hair, colored inner hair, (Dragonwings:1.4), (large boobs),[Armor_dress], red wings, red_hair ornament, flames adorn the hair, [dragon horn], depth of field, [ice crystal], (shine), [loli], [[[[[Jokul]]]]"
魔导师分享,6,"honkai impact 3rd, bronya zaychik (silverwing: n-ex),silver hair,grey eyes,wavy_hair,high quality,long hair,solo,"
魔导师分享,1111,"pov crotch,close-up,kitchen,snow,cinematic angle,4koma,photo (medium) ,Perfect female body,long wavy curly hair,green_hair/green_eyes,tongue out,all fours,hand to own mouth,legs apart,orgasm,beautiful detailed eyes,open-chest sweater,apron,white ankle socks,no shoes,sleeveless,suspenders,maid headdress,underboob,"
魔导师分享,彩色水墨风少女（小概率崩),"1girl,shiny,half body,{{{{{art nouveau}}}}},sunlight,dangerous atmosphere,dynamic pose,cataclysmic,child girl,darkblue wavy long hair,flames,bare shoulder,dynamic pose,{{{by famous artist}},light particles,chinese girl,chinese clothes,china dress,female focus on,{{{chinese painting}}},{{{Ink wash painting}}},{ink splashing},glass tint,zoom in on eyes,{{reflective eyes}},water eyes,big kawii eye"
魔导师分享,短裙战术风少女,"{best quality}, {{masterpiece}}, {highres}, original, extremely detailed 8K wallpaper, 1girl, {an extremely delicate and beautiful},combat suit,,fingerless gloves,,kneelet,,ankle boots,,Tactical vest, short dress,"
魔导师分享,蓝色盔甲的少女 by：冰岩,"{best quality}, {{masterpiece}}, {highres}, original, extremely detailed wallpaper, {an extremely delicate and beautiful},1girl,extremely detailed,adult lady,studio photography"
魔导师分享,水上少女,"{masterpiece},{best quality},{1girl,{{loli},black hair,blue eyes,very long hair,hair flower,school uniform,happy}},Amazing,beautiful detailed eyes,finely detail,Depth of field,extremely detailed CG,original,outdoors,beautiful detailed hand,beautiful detailed fingers,wet through,{knee under water},standing,{beautiful detailed water,beautiful detailed sky,fluttered detailed splashs},by Paul Hedley,colorful,hdr,{{colorful refraction}},{{cinematic lighting}}"
魔导师分享,少女水城之旅(白发蓝瞳)(自用稳定),"{{best quality}}, {{{masterpiece}}}, {highres},extremely detailed 8K wallpaper,street,white hair,blue eyes,{{beautiful detailed eyes}},sailor collar,lively girl,beautiful and hair,playing happily,beautiful detailed water,bob cut,stretching,bow-shaped hair,selfie"
魔导师分享,114514,"masterpiece, best quality, masterpiece,best quality,official art,extremely detailed CG unity 8k wallpaper, dusk, game_cg, highres, absurdres, incredibly_absurdres, girl, 2girls, 3girls, loli, kawaii, adorable girl, bishoujo, sisters, ojousama, mature female, mature, milf, short hair, light smile, embarrassed , blush, shy, nose blush , smirk, heterochromia , aqua eyes, heart in eye, heart-shaped pupils, hand on own chest, arms_crossed, wedding_dress, bare legs, maid_headdress, "
魔导师分享,京津冀,"snow,arms up,lab coat,detached sleeves,laxet glove,ankle boots,belt,"
魔导师分享,二次元古代小美女,"2-autumn, day time, ancient China, street with Chinese houses(one floor)along the street, market stores in the street, traditional windows of the house, one tea house, one restaurant, three pubs, one grocery, some people inside the stores, a young girl and a gentleman walking side by side along the street, cute and lovely girl at age of 9, walking in the left side, face details, big eyes with long eyelashes, sweet smile, pink cheeks, Chinese traditional dress-yellow and brown, brown butterfly-ties on the head, black long hair, wide sleeves, two hands with five fingers each, left arm in front of her chest, right hand holding ice-sugar gourd, brown flat shoes; handsome young gentleman at age of 24, walking beside on the right side, dark blue Chinese traditional male clothes, dark blue shoes, face details, neat and fresh, two hands, five fingers each hand, holding a sword in his left hand, long and traditional hair style; some peach trees with blossoms in front of the stores, one horse-driven carriage far behind"
魔导师分享,姐姐,"masterpiece, best quality, in spring, sun, artbook, huge_filesize, girl, ojousama, milf, long hair, red hair, ahoge, twintails, hair ornament, seductive smile, light blush, white colored eyelashes, beautiful detailed eyes, looking at viewer, leg_lift, sitting, black kneehighs, leg belt, black garter straps, see-through legwear, "
魔导师分享,少女,"masterpiece, best quality, dusk, on the beach, huge_filesize, wallpaper, girl, bishoujo, nun, very long hair, white hair, hair down, drill hair, twin braids, white hairband, nose blush , angry, eyelid pull , white colored eyelashes, heterochromia , heart in eye, hand on own chest, squatting, back-to-back, whitedress, robe, cape, crop top, black garter belt, lace-trimmed legwear, chains, "
魔导师分享,白毛旗袍在舟上,"{{{masterpiece}}}, {{best quality}},{{highly detailed}},1girl,white feathers,long hair,floating hair,pale gold eyes,beautiful eyes,cheongsam,canoe,storm"
魔导师分享,最后的倔强,"(best quality),(Highest image quality),(highres), original,(Extremely uniform picture),(highly detailed),(best illustration),(an extremely delicate and beautiful),(((masterpiece))),(extremely detailed CG unity 8k wallpaper),Amazing,finely detail,1girl,pregnant,long hair,Blue hair,half updo,hand pulling hair,blue eyes,Sitting in a beach in the sun,(angry),pleated skirt,white sailor dress,hair ornament,ribbon,eye contact,looking at viewer,Many birds,Leaning against a big tree"
魔导师分享,胡桃,"genshin impact, {{{hu tao (genshin impact)}}}, {{{masterpiece}}},{{{best quality}}}, {{ultra-detailed}}, {{extremely detailed CG}}, {{8k_wallpaper}}, {{an extremely delicate and beautiful}}, dynamic angle, floating, {beautiful detailed eyes}, an extremely delicate and beautiful girl, 1girl, twintails,  {black hair}, red eyes eyes, blush, full body, shorts, black jacket, leather shoes, white short socks, flower-shaped pupils,,"
魔导师分享,赛尔号苏璃,"{best quality}, {{masterpiece}}, {high res},original,extremely detailed 8k wallpaper,1 girl,{an extremely delicate and beautiful},  chinese girl, charming, fox fairy, fairy, slim, （red hair）,ears are sharp, red fox ears, long bangs, hair floating, long hair, fine eyebrows, the bell is on the head, eyebrows covered by bangs,ears open outwards， dropped eyes,(cyan eyes),blue eyes， nine fox tails, white fox tails, long nails,  black nails,  open shoulder clothes, red robe, white hairy shawl, black flat top garment, black sleeves，black clothes,black safety pants，red coat，chinese costume， black high-heeled shoes, red thread wrapped around the foot, red rope wrapped around the foot, paper symbol,red sock ring，chinese rune paper，black boat shoes，red thread on the foot，bare leg，cross one's legs， smile,ogle , proud and charming face, scheming,disdainful expression，wink, there is a little white fox in  arms, sat in the air,"
魔导师分享,bb,"{{masterpiece}},{best quality},{solo},highres,extremely detailed CG wallpaper,extremely detailed figure,Amazing,one girl {inside the church and grasses} with very long black hair and hold a {luminous} flower in hands,night with bright colorful lights whith richly layered clouds and clouded moon in the detailed sky,{many} glowing black {feathers},extremely detailed eyes,finely detail,detailed face,a lot of glowing particles,{crying} and smile,{black wing},Depth of field,perspective,{sacred feeling}  "
魔导师分享,魔法师,"{masterpiece},{full body},{one girl},{royal elder sister},{medium tits},{silvery long wave shiny hair which have two small side braids},{sapphire eyes with red vertical pupils},{clear hand},expressionless,navel,white ribbons,royal hall,white full-body armor with transparent-crystal Inlay,crystalline heavy chest armor,"
魔导师分享,猫耳少年（红）,"tail,short_hair,(colored tips),Split head,beautiful detailed eyes,Black red hair,red _eyes,((shota)), 1boy,cat_ears,collar,first-person view,"
魔导师分享,猫耳少年（蓝）,"tail,short_hair,(colored tips),Split head,beautiful detailed eyes,Black blue hair,blue_eyes,((shota)), 1boy,cat_ears,collar,first-person view"
魔导师分享,zero,"masterpiece, best quality, night, stars, in a meadow, game_cg, girl, solo, bishoujo, female, multiple_girls, long hair, black hair, straight hair, hair slicked back, smirk, beautiful detailed eyes, aqua eyes, turning around, looking back, hair scrunchie, cape, pleated_skirt, skirt, kneehighs, boots, hairband, black choker , wrist_cuffs, holding sword, "
魔导师分享,test,"((best quality)), ((masterpiece)), ((ultra-detailed)), (illustration), (detailed light), (an extremely delicate and beautiful), a girl, cute face, upper body, two legs, long dress, (beautiful detailed eyes), stars in the eyes, messy floating hair, colored inner hair, Starry sky adorns hair, (lots_of_big_colorful_Bubble), [pearl], [Galaxy], depth of field"
魔导师分享,ABAB,"1girl1boy,{{{Cai Xukun}}},play basketball,{{{{trousers with suspenders}}}},black shirts,grey pants,{white ribbon},grey hair,short_hair,{{Split head}},wavy hair,black eyes,indoors,(crotch dribble),"
魔导师分享,战场上的骑士,"(((extremely detailed CG))),((8k_wallpaper)),masterpiece,best quality, high resolution illustration, hyper detailed, highres, (contrapposto), cyber screen frame,absurdres,  Intricate and refined delicate details,cinemaitic lighting, (looking at viewer), looking at viewer, (((spread one arm toward the viewer))),dramatic angle,post-apocalypse,1girl,beautiful detailed hair,cool face,emotionless, empty eyes,shiny hair, cold face, cold attitude, white hair, (blood on face),  pale skin, ((glow eyes)), high detailed beautiful eyes, red_eyes, ((glaring eyes)),parted lips,long_hair,{fox_ears},flat_chest,gloom (expression) depressed,full body,
{{{knight armor boots}}},{gothic Armour},{{{armor}}},space,scattered red particles, yellow_theme, {{{{battlefield}}}}, {{ruins}}, {metalic texture}, {boob_plate}, blood on face, blood on clothes, blood on hands, 

"
魔导师分享,赛博朋克狐娘,"(((extremely detailed CG))),((8k_wallpaper)),masterpiece,best quality, high resolution illustration, hyper detailed, highres, (contrapposto), cyber screen frame,absurdres,  Intricate and refined delicate details,cinemaitic lighting,post-apocalypse, detailed background,dramatic angle,(looking at viewer), looking at viewer, (((spread one arm toward the viewer))),beautiful detailed hair,cool face,cracked face, emotionless, empty eyes,shiny hair, cold face, cold attitude, white hair, (blood on face), horror, parted lips, pale skin, ((glow eyes)), high detailed beautiful eyes, red_eyes, ((glaring eyes)),(Miko clothing),Miko suits, ((hybrid)), action, ((forshortening)), spread palm, depth of field, (((cyber mechanical eyes:0.9))),space,scattered yellow particles, green_theme, (Dreamy forest), flowers meadows,floating sakura, white_thighhighs,white elbow_gloves,tail insertion,tiny tits,solo,{{{fox_ears}}},
"
魔导师分享,面对观众,"lowres, bad anatomy, bad hands, text, error, missing fingers, extra digit, fewer digits, cropped, worst quality, low quality, normal quality, jpeg artifacts, signature, watermark, username, blurrylowres, bad anatomy, bad hands, text, error, missing fingers, extra digit, fewer digits, cropped, worst quality, low quality, normal quality, jpeg artifacts, signature, watermark, username, blurry,tidy classroom,Neat tables and chairs"
魔导师分享,123,"white pantyhose,heavy breathing,short_hairkneeling&setting on floot,tank top,leather shoes,,cyberpunk city,knife and sword,succubus,unbuttoned clothes,foot focus,"
魔导师分享,开心的妹子,"maid headdress,smile,full body,twintails,brown_hair/brown_eyes,{best quality}, {{masterpiece}}, {highres}, original, extremely detailed 8K wallpaper, 1girl, {an extremely delicate and beautiful},"
魔导师分享,6,"Warma：white hair，red eyes，flat_chest,school uniform,twin_braids,smile,ahoge,怒九（怒jo）：white hair,heterochromia,bule eye,yellow eye,flat_chest,casual wear,clear face,expressionless,low ponytail,"
魔导师分享,樱花树下的黑丝JK少女【正向tag】,"1girl, solo, female only, full body, masterpiece, highly detailed, game CG, spring, cherry blossoms, floating sakura, beautiful sky, park, {extremely delicate and beautiful girl, light brown hair, long hair, light aqua eyes, blunt bangs} {{high school girl, black blazer jacket, plaid skirt, skirt in wind, black pantyhose}}"
魔导师分享,随便弄弄，可能自设？,"gradient hair,messy-hair,black-hair/black_eyes,smile,standing,one eye closed,black_windbreaker,jeans,combat boots,gloves"
魔导师分享,111,"profile,close-up,{best quality}, {{masterpiece}}, {highres}, original, extremely detailed 8K wallpaper, 1girl, {an extremely delicate and beautiful},,ray tracing,incredibly_absurdres,cinematic angle ,starry sky,clusters of stars,forest,Cherry blossoms,starry sky ,river,lake,mountain,cat_ears,pink hair,lolita fasion,"
魔导师分享,霜星,"{{frostnova} (arknights)}, gray long hair,{gary and white long rabbit ears},hair over one eye,black eyes,eyes visible through hair,{{{masterpiece}}},{extremely detailed CG unity 8k wallpaper},best quality,Amazing,finely detail,solo,cinematic lighting,close-up,{{floating hair}},,detailed background,beautiful detailed eyes,,bright pupils,detailed clothes"
魔导师分享,原神可莉,"kaeya (genshin impact)，{{{masterpiece}}},{extremely detailed CG unity 8k wallpaper},best quality,solo,cinematic lighting,close-up,{{floating hair}},outdoors,sky,{{wind}},detailed background,beautiful detailed eyes,,bright pupils,{{full body}}, dynamic pose,dynamic angle,looking at viewer,detailed clothes,,loli,red eyes,short ponytail,low twintails,short twintails,smile"
魔导师分享,合成大爱莉,"colorful startrails,(floating white feathers),violet,(((((masterpiece))))),(((((highres))))),solo,(hair spread out),((floating hair)),pink hair,blue_eyes,standing,((beautiful detailed dress, flower pattern in dress,white gow)),bridal gauntlets,ribbon,hair ribbon,hair flower,veil,beautiful detailed sky,glowing light,ray tracing,reflection light,depthoffield,((((arms behind back)))),flowers meadows,mountain,(((((character design))))),(((((extremely detailed CG unity 8k wallpaper))))),cross necklace,tiara,earrings,bridal veil,suspenders,starry sky,clusters of stars,starry sky,glinting stars,,expressionless,neat figure"
魔导师分享,凯尔希稳定输出,"(1 mature woman:1.2),(ray tracing),(extremely detailed CG unity 8k wallpaper:1.3),((masterpiece,best quality)),ultra-detailed,,(best illustration:1.2),(((best lighting))),best shadow,dynamic angle,Kal'tsit(arknights),((an extremely delicate and beautiful mature woman)),green eyes,glowing eyes,(extremely delicate and beautiful eyes:1.5),(perfect face:1.2),((super light green and white hair:1.3)),(cat ear:1.3),((short hair)),((hair in the middle of the eyes)),(detailed eyes:1.3),beautiful face,(((beautiful detailed sky,in night))),(((arknights sheath super light yellowgreen dress,Arknights white|green coat,plastic transparent coat))),(expressionless:1.4),classic,extremely detailed background,finely detail,(extremely detailed background:1.3),(original:1.1),flash particle,careful background,(((background of cityscape:1.3,on the roof))),(profile,:1.2),(upper body:1.2),intricate detail,(looking at viewer:1.2),standing,(near the canvas:1.3)"
魔导师分享,正太,"(((((Little boy, short white hair, cat ears, red fox eyes, black round glasses collar, cool, cute, earrings, fox tail))))),shackles,forest,library,white_hair,wolf ear fluff,looking at another,on side,interlocked fingers,heterochromia,nightgown,shorts,(ray tracing),beautiful detailed sky,(sunlight),(ahoge),"
魔导师分享,hh,"solo, 1girl, hatsune_miku, very long hair, aqua hair, twintails, blunt bangs, aqua eyes, collared shirt, grey shirt, sleeveless shirt, black skirt, pleated skirt, bare shoulders, black sleeves, detached sleeves, wide sleeves, blue nails, aqua necktie, black boots, tie clip, headset,"
魔导师分享,老婆,"underwater,masterpiece,best quality,official art,extremely detailed CG unity 8k wallpaper,dusk,game_cg,artbook,huge_filesize,mature female,mature,milf,harem,mermaid,idol,blonde hair,very long hair,naughty_face,eyelid pull,wide eyed,{{cute}} face,aqua eyes,looking at viewer,heart-shaped pupils,stretch,bowtie,beautiful hands，{pretty vell},{{white palace}}，flat_chest,swimming,{{in wedding}},expressions,livling，thin,long legs,ray tracing,{{smail}},{{{white long pretty wedding dress}}}{{,eatting}},idol,lovly,shy,flowers in hands,{{the bride}},symmetrical_docking,{{{swimming mermaid}}},mermaid,one girl,blue_hair_flower,{{long tail}},fish fins_ears，roses in hands,beautiful detailed eyes,aqua eyes， happy,red carpet，thin,expressions,comic,heart-shaped pupils,ahoge,chibi,chinese
,hands，huge boobs，female focus,"
魔导师分享,爱心眼棕发巫女,"best quality,highly detailed,masterpiece,ultra-detailed,ahoge,beautiful detailed eyes,best illustration,1girl,extremely detailed,illustration,anime face,extremely_detailed_eyes_and_face,beautiful detailed white gloves,beautiful detailed eyes,cinematic lighting,white silk stocking,head tilt,an extremely delicate and beautiful girl,ultra-detailed,artbook,bishoujo,hand on own chest,brown hair,miko,heart-shaped pupils"
魔导师分享,诡道异仙,shy and kind-hearted. a senior high school student.  a mole on the right corner of her mouth .charm. black tentacles and a skinned dog's head under her skirt
魔导师分享,小画家,"{{{{{loli}}}}},gray short hair,Sailor suit,happy, plant,flower,excited,{{drawing}},{beret},artist hat,{{looking at you}},Masterpiece,best quality, beautifully painted,highly detailed,{an extremely delicate and beautiful girl},Drawing board,paint brush,Pigment,{{{colorful}}},one girl drawing on the Drawing board, {beautiful detailed eyes},student,Skirt"
魔导师分享,蕾米莉亚.斯卡雷特,"(little girl),((Crazy and angry smile)), (slit pupils), (((masterpiece))), ((best quality)), (super delicate), (illustration), (floating hair), bat, red moon,(slim legs), {(big white cloth hat)}, (1 girl), ( bat wings), (light blue hair), red eyes, short hair, castle, beautiful and delicate eyes, (small chest), (Black and white tight lace skirt), blood "
魔导师分享,黑皮美少女,"beautiful detailed,{{masterpiece}},best quality,ultra-detailed,extremely detailed CG,8k_wallpaper,watercolor (medium),gilt border,god rays,cinematic lighting,an extremely delicate and beautiful girl,[snowy starry night],[ruins],gothic architecture,long black blue hair,[white streaked hair],a patch over one eye,[beautiful detailed wathet blue left eye],[star-shaped pupil],dark skin,[wheat_color skin],evening dress,blue collars,elbow_gloves,smile,white birds upper body"
魔导师分享,黑岩射手(伪),"(black rock shooter),1girl,solo,Lateral,monochrome,delicate eyes,twintails,upper body,blue eyes,posing,expressionless face"
魔导师分享,白毛（有点像狗妈）,"{{masterpiece}},{best quality},{solo},highres,extremely detailed CG wallpaper, in the rain, artbook,original,wallpaper,absurdres,{1girl{sad,ahoge,ponytail,flat_chest ,skinny，blue_hairclip，silver_hair,blue_eyes, in winter, long hair , sweater dress, ,  thighhighs over pantyhose, ahoge, white scarf, hime_cut}}"
魔导师分享,萝莉,"1girl,shiny,half body,{{{{{art nouveau}}}}},sunlight,dangerous atmosphere,dynamic pose,cataclysmic,child girl,darkblue wavy long hair,flames,bare shoulder,dynamic pose,{{{by famous artist}},light particles,chinese girl,chinese clothes,china dress,female focus on,{{{chinese painting}}},{{{Ink wash painting}}},{ink splashing},glass tint,zoom in on eyes,{{reflective eyes}},water eyes,big kawii eye,"
魔导师分享,高质量tag-M,"(best quality), ((masterpiece)), (highres), original, extremely detailed 8K wallpaper, (an extremely delicate and beautiful), (((Beautiful)))"
魔导师分享,水手服（hanser,"from side, (light brown hair) ,short hair, ahoge , brown eyes, arm up, white serafuku  , blue sailor collar, soaked clothes ,flat_chest, white background, from above ,smile, 1girl, "
魔导师分享,色色的双马尾项圈铁链萝莉,"{{{masterpieces}}}, highly detailed face, highly detailed hair, twin tails, {{6 years old girl}}, looking at viewer,  white knee socks, black hair, very long hair, white clothes, white hairband, red collar, metal chain, {{{erotic}}}, view from top side, handcuffs, weeping"
魔导师分享,原神 枫原万叶{by成卓},"{best quality}, {{masterpiece}}, {highres}, extremely detailed 8K wallpaper,  {an extremely delicate },hara Kazuha(genshin impact)，a boy，white hair，white hanfu，red eyes，"
魔导师分享,天使猫猫（抑制tag）,"​​lowres, bad anatomy, bad hands, text,error, missing fngers,extra digt ,fewer digits,cropped, wort quality ,low quality,normal quality, jpeg artifacts,signature,watermark, username, blurry, bad feet​​lowres, bad anatomy, bad hands, text,error, missing fngers,extra digt ,fewer digits,cropped, wort quality ,low quality,normal quality, jpeg artifacts,signature,watermark, username, blurry, bad feet,cold attitude,clear face,expressionless,"
魔导师分享,天使猫猫（正面tag）,"masterpiece, ((best quality)),highly detailed,pov,floating white feathers,backlighting,cloud,solo,(white_hair),long hair,yelow_eye,petite,(angel : cat_girl : 20),cat_ear,halo,wings,white_dress"
魔导师分享,41,"beautiful detailed,{{masterpiece}},best quality,ultra-detailed,extremely detailed CG,8k_wallpaper,watercolor (medium),gilt border,god rays,cinematic lighting,an extremely delicate and beautiful girl,[snowy starry night],[ruins],gothic architecture,long black blue hair,[white streaked hair],a patch over one eye,[beautiful detailed wathet blue left eye],[star-shaped pupil],dark skin,[wheat_color skin],evening dress,blue collars,elbow_gloves,smile,white birds upper body,"
魔导师分享,太空浪人,"first-person view,starry sky,shooting star,cyberpunk city,mature male,blonde_hair/yellow_eyes,looking afar,standing,feet up,heterochromia,military uniform,power armor,jeans,combat boots,fingerless gloves,with lightsaber,"
魔导师分享,G7人（需要多生成几次）,"masterpiece, best quality, CG 8k wallpaper, illustration, amazing fine details and brush strokes, smooth,robot,Female robot,Mechanical appearance,cinematic angle,bot,Mechanical head"
魔导师分享,伊蕾娜（要加反向词low twin braids）,"best quality,Amazing,beautiful detailed eyes,{an extremely delicate and beautiful girl},finely detail,Depth of field,{full body},gray streaked  hair,white hair,streaked hair,swept bangs,hair between eyes,blue purple eyes,ahoge,low single braid,ive fingers,five toes,cold faces,young girl,"
魔导师分享,狼妹,"loli,wolf ear fluff,purple_hair,ahoge,swept bangs,long hair,red_eyes,glowing light,beautiful detailed sky,masterpiece,cinematiclighting,depthoffield,beautiful detailed water,ocean,chinese style architecture,no humans,detailed background,alpine,,Perfect female body,chinese style architecture,torii"
魔导师分享,一键大嘴表情包,"{{{chibi}}},{best quality},{empty eyes},{{screaming}},hite background,upper body,cropped shoulders  ,masterpiece,solo,round eyes,hair rings,"
魔导师分享,e,"masterpiece, ((best quality)),highly detailed,pov,floating white feathers,backlighting,cloud,solo,(white_hair),long hair,yelow_eye,petite,(angel : cat_girl : 20),cat_ear,halo,wings,white_dress,"
魔导师分享,废墟无助少女,"masterpiece, best quality, illustration, official art,extremely detailed CG unity 8k wallpaper, HD background, (1girl), ((solo)), (full_body), ((loli)), (little girl)),tears, clenched teeth,  A picture full of tension, Side face, in Amid the ruins, ((white_hair)), long hair,  Golden_eyes, torn clothes, The wind blows up the skirt, White silk stockings, leg_hug, fetal_position,  sitting on,  against wall, "
魔导师分享,happy,"(little girl),((Crazy and angry smile)), (slit pupils), (((masterpiece))), ((best quality)), (super delicate), (illustration), (floating hair), bat, red moon,(slim legs), {(big white cloth hat)}, (1 girl), ( bat wings), (light blue hair), red eyes, short hair, castle, beautiful and delicate eyes, (small chest), (Black and white tight lace skirt), blood ,,"
魔导师分享,水墨画古风,"{{ Hi-Q(high quality) }},{{detailed Ancient Chinese style building}},{{detailed Ancient Chinese style clothes}},{ink and wash painting},delicate eyes,{masterpiece},white theme,best quality,amazing,dynamic angle ,cinematic angle,1girl,solo,ray tracing,smile,open mouth,no modern buildings,midnight,1girl,solo,hanfu,two hair buns,sitting,long hair,detialed beautiful eyes,detialed clothes, red ribbon,"
魔导师分享,"初级女囚（不se,衣服自己加","dungeon background,White hair, three nothing, girl, bandage,torn clothes,,handcuffs, chains,  shirt,"
魔导师分享,民国姨太太,"armlet,naval cap,military uniform,Chinese style,gloves ,cane,"
魔导师分享,世界顶级模特,"Adriana Francesca Lima
lily aldridge
Cara Jocelyn Delevingne
Kendall Nicole Jenner
Jelena Noura ""Gigi"" Hadid
Stefania Ferrario
Ana Celia de Armas Caso
Famke Janssen
Doutzen Kroes
Sylvia Hoeks
Maria Solomou
Georgina Liossi
Alia Bhatt
"
魔导师分享,赛博魅魔idol,"(best quality), ((masterpiece)), ((ultra-detailed)),(highres), original,(illustration), ((detailed light)),(an extremely delicate and beautiful),(colorful)watercolor (medium) ,(((straight-on))),(cyberpunk),(stage),((cute face)),succubus,((detailed school_uniform)),frills,(skirt1.2),fingerless gloves , (Microphone,singing song,happy,)demon hron,demon wings,thigh strap,(headset),(heart tattoo),delicate fingers,sharp_fingernails"
魔导师分享,爱莉希雅,"honkai impact 3rd,pink hair,long hair,elf ear,pink eyes,crystal flower,white clothes,black clothes,pink clothes,pink sky,golden accessories,crystal,birds,pink crystal,bridal gown,bow,arrow,smile,love,elysia"
魔导师分享,11111,"weapons,microphone,sword,Blush,Bare shoulders,Pale skin,Pointy ears,Medium hair,bandage over one eye,hand on own chest,white eyes,looking at viewer,Kneeling,Frilled hat,off-shoulder shirt,blue sleeves,miniskirt,Cinematic Lighting,anime,Flat color"
魔导师分享,提亚3（fixed_by_waifu2x),"正面：{an extremely delicate and beautiful girl}, 8k wallpaper, (masterpiece), (best_quality), (beautiful_painted), (highly_detailed), (bloom), (sketch), (best illustration), (best_shadow), (best_lighting),spaceship indoor background, in a spaceship, on bed, 1girl, blonde hair, (loli), petite,(white_hair_bow), floating hair, tsundere, flat chest, solo, blue eyes, very long hair, (((theiamillis gre fortorthe))), fang, determined, v shaped eyebrows, white elbow gloves, white off-shoulder dress, combat_suit, ahoge, blush, (novel illustration), shiny_eyes, light particles, top-down bottom-up, hip focus, from behind,

负面： lowres, bad anatomy, bad hands, text, error, missing fingers, extra digit, fewer digits, cropped, worst quality, low quality, normal quality, jpeg artifacts, signature, watermark, username, blurry, poorly drawn hands, white hair,"
魔导师分享,废墟，女孩，刀剑,"ruins,{{masterpiece}},{best quality},{solo},highres,extremely detailed CG wallpaper,extremely detailed figure,Amazing,official art,knife and sword,wavy_hair,fighting_stance,gothic_lolita,uwabaki,elbow_gloves,glasses,sunlight,"
魔导师分享,"honkai impact 3rd,pink ha","honkai impact 3rd,pink hair,long hair,elf ear,pink eyes,crystal flower,white clothes,black clothes,pink clothes,pink sky,golden accessories,crystal,birds,pink crystal,bridal gown,bow,arrow,smile,love,elysia,"
魔导师分享,樱花纷飞，苍穹之下的女仆,"game cg,oil painting (medium) ,{best quality}, {{masterpiece}}, {highres}, original, extremely detailed 8K wallpaper,depthoffield, cinematic angle, bloom effect, light particles,ray tracing,1girl, {an extreme and beautiful},young girl,{{{maid,bishoujo,very_long purple hair and red eyes ,beautiful detailed eyes,ahoge,}}}blunt_bangs,floating hair,Maid drly delicateess,maid headdress,facing viewer,sunlight,beautiful detailed sky,floating sakura"
魔导师分享,原神 甘雨 by成卓,"{best quality}, {{masterpiece}}, {highres}, original, extremely detailed 8K wallpaper, 1girl, {an extremely delicate and beautiful},{{Ganyu_Genshin}},bangs,ahoge,curly_hair,short hair，blue_hair/purple_eyes,{horn_black_red},floral_print,night,summer festival,paper lantern,market stall,aerial fireworks,firefly,bloom,light particles,"
魔导师分享,lolo,"cute face,1girl,red eyes,beautiful detailed eyes,very long hair,full body,wings,silver hair,loli,flat chest,gothic lolita"
魔导师分享,中国古风水墨,"{{ Hi-Q(high quality) }},{{detailed Ancient Chinese style building}},{{detailed Ancient Chinese style clothes}},{hanfu},{ink and wash painting},delicate eyes,black clothes,floating hair,{masterpiece},white theme,best quality,amazing,cinematic angle,solo,no modern buildings,midnight,1girl,solo,very long hair,detialed beautiful eyes,detialed clothes, red ribbon,"
魔导师分享,空洞,"{best quality}, {{masterpiece}}, {highres}girl1，child,White hair,Fluffy hair,Red eyes,White cat ears.A black dress.White stockings.A puzzled expression
"
魔导师分享,水墨风（不知道为什么生成龙的次数多）,"Chinese Dragon, Female Attention, Chinese Girl, {{Color Ink Ink Painting}}, {{Ink Splash}, {{Color Splash}}}, {{Colorful }}, {{Sketch}}, Masterpiece, Very Detailed, Best Quality, Beautiful Painting, {{Watercolor}}"
魔导师分享,星辰之间的少女,"masterpiece,best quality,official art,extremely detailed CG unity 8k wallpaper, best quality,transparent_background, 1girl, orb, solo, long_hair, full_body, planet, white_legwear, yellow_eyes, smile, very_long_hair, thighhighs, dress, constellation, star_\(sky\),jewelry,beautiful detailed eyes"
魔导师分享,dsd,"{best quality}, {{masterpiece}}, {highres}, original, extremely detailed 8K wallpaper, 1girl, {an extremely delicate and beautiful},{{Ganyu_Genshin}},bangs,ahoge,curly_hair,short hair，blue_hair/purple_eyes,{horn_black_red},floral_print,night,summer festival,paper lantern,market stall,aerial fireworks,firefly,bloom,light particles"
魔导师分享,咲夜小姐的肖像画,"masterpiece, best quality,superior highly detailed,photo-referenced,look at the front,realistic,knight,maid headdress,silver knives,jack the ripper,elegant,night of knights,clear,twin_braids,oil painting,portrait,colored,{{fine-drawed face}},blue maid dress,blue eyes,sliver short hair,aggressive,confident,smile,green bows,izayoi_sakuya"
魔导师分享,原神,"{best quality}, {{masterpiece}}, {highres}, original, extremely detailed 8K wallpaper, 1girl, {an extremely delicate and beautiful},{{Ganyu_Genshin}}"
魔导师分享,白毛猫娘但是伪娘,"masterpiece,best quality,highly detailed,1boy,trap,crossdressing,ahoge,{white_hair,white_eyes},cat_ears"
魔导师分享,锦木千束&城市背景,"{{Nishikigi Chisato (Lycoris Recoil)}}} ,backpack,bag,bangs,belt,blonde_hair,collared_shirt, hair_ribbon,hand_on_hip,looking_at_viewer,one_side_up, light_smile ,right_side_ribbon,red_eyes,red_jacket,red_ribbon, red_shirt,ribbon,saint_quartz_(fate),shirt,short_hair,smile,solo,{best quality}, {{masterpiece}},original,1girl, {an extremely delicate and beautiful} ,extremely detailed CG unity 8k wallpaper,extremely detailed 8K wallpaper,cityscape,outdoors,highres"
魔导师分享,星空，少女,"{{masterpiece}},{{detailed beautiful anime girl}},{{best quality}},{{illustration}},{{detailed beautiful eyes}},1girl,a beautiful toung girl,long white hair,bule eyes,small blue earings,golden hair ornament,cold attitude,looking down,aurora,normal blue star print bare shoulders dress with white sleeves,{{galaxy}},gradient sky,light particles,shooting star,starry sky,The lower body is blurred into aurora,{{body glow}},upper body,"
魔导师分享,正太,"best quality, masterpiece, cg, blue eyes, white hair,shota, smile, cat_ears/nekomimi, holding a dagger, without ears,boy,white tail,one person,little boy,casual clothes"
魔导师分享,凌,"wolf ear fluff,white_hair/blonde_eyes,parted lips,character design,full body,ahoge,Little Boy,teenage,shota,"
魔导师分享,百合（大概,"(extremely detailed CG unity 8k wallpaper),(masterpiece), (best quality), (ultra-detailed), (best illustration),(best shadow), (an extremely delicate and beautiful),  dynamic angle, floating, finely detail, (bloom), (shine), glinting stars, classic, (painting), 2 mature female,(2girls,  Perfect female body, yuri),beautiful-detailed eyes, beautiful-detailed fingers, The two girls kissed each other,river, forest,palace, fairyland,feather,flowers, nature,sunlight,Hazy fog, mist,Fire butterflies, Flying sparks, Flames,"
魔导师分享,也许是对立,"pov,out of frame,overall view,,blue sky with clouds,ruins,highres,meticulous painting,lolita fashion,solo,long_hair,black_hair/black_eyes,eye contact,sitting on the ground,hand in own hair,expressionless,gothic_lolita,lolita gothic,thighhighs,boots,hair flower,hair ornament,flat_chest,"
魔导师分享,vsinger乐正绫（求大佬整个天依）,"girl,loli,16 year old girl,kawaii,vocaloid singer,reddish brown hair,a very longbraided ponytail,bangs,ahoge,light smile,head tilt,black stockings,bowtie,red hair hoop,hairclip,red headphones,red eyes,red dress,white shirt,eldest Missflowers"
魔导师分享,666666666可爱的老婆,"classroom,chinese style architecture,classroom,from the Side below,ahoge,long_hair,white_hair,white_hair,red_eyes,looking away,red eyeswrite hairsgirlsimleopen legs,"
魔导师分享,ying_,"Sleepy,Hair over shoulder,Pale skin,Angel wings,Wings,white wings,Multiple wings,Large wings,Long hair,white_hair,blue eyes,Wariza"
魔导师分享,暗夜精灵恶魔猎手," muscular male, purple skin, pointy ears, black hair, demon wings, blindfold, ponytail,"
魔导师分享,军装福瑞,"best quality,highly detailed,masterpiece,ultra-detailed,artbook,illustration,{{{{{no_humans}}}}}，{{{{{furry}}}}}，{cute},army Uniform"
魔导师分享,贝雷帽少女,"(Anna Dittmann),(masterpiece), (best quality), (super delicate), (illustration), (extremely delicate and beautiful), Album rendering, album description, (error) , (faulty art) double exposure (chromatic aberration) , light leakage, noise and particles, color degradation, faulty fonts, design, art, abstract art, geometry, clear lines, squares, bright, limited palette (1 girl) , (cute animated face: 1.3) , flat-chested, short red hair, blue eyes, short wavy hair, small bumps on face, floating black jacket, white school uniform, white beret, white beret bow, floating black feathers: 0.5, (face Picogram Westernized)"
魔导师分享,银发男军人,"((masterpiece)),,serious, cinematic angle ,(best quality),(solo), highres, extremely detailed CG wallpaper, very beautiful Details., Amazing finely detail,  Depth of field, perspective,  {1 Young adults boy} ，firm man's face,
(Epic feeling), (((Spacecraft Command Room))),(Captain )
{{Strong muscles}},Rose accessories, The short hair of a soldier, hair flower, Bob cut, Blue eyes, Silver hair, extremely detailed eyes,Military CAP, necklace, cross necklace,  ray tracing, cinematiclighting ,  stalwart male soldier, A heavy cloak，very splendid general's gown."
魔导师分享,实验室的化学家,"(concept art),(lens 135mm,f1.8),(laboratory),(anime screencap),(solo),(teenage),(sweat),(bangs),(black hair),(looking at viewer),(smile),(breath),(standing),(outstretched hand),smile,lab coat,laxet glove,laboratory,"
魔导师分享,轻蔑的白毛大波浪美女,"((masterpiece)), ((best quality)), ((masterpiece,best quality,official art,extremely detailed 
CG unity 8k wallpaper)), girl, ((bishoujo)), mature female, ((long hair)), ((white hair)), 
shiny hair, (((hair twirling))), ((wavy hair)), crossed bangs, ahoge, crossed bangs, white 
colored eyelashes, longeyelashes, looking at viewer, (((mole under eye))), (seductive 
smile), closed mouth, smirk, ((purple eyes)), gradient eyes, (((sparkling eyes))), 
lolita_fashion, jewelry, ((earrings)), (best quality), ((masterpiece)), (highres), original, 
extremely detailed 8K wallpaper, 1girl, (an extremely delicate and beautiful),((((turn 
pale)))),(((expressionless))),cold attitude"
魔导师分享,白散发，发光红瞳军装光影照射,"glowing eye,messy_hair,white_hair,_red_eyes,caustics, lens flare, bokeh,gloves,gun,war chariot,medal,Qualification Badges,Standing on the boat,"
魔导师分享,一个人,"straight-on,dakimakura,anime screencap,slim waist,shiny skin,azur lane,teenage,sweat,green_hair,ahoge,blunt_bangs,short_hair,green_hair/green_eyes,looking to the side,Skirt lift,hugging own legs,slim legs,leg up,pigeon-toed,jk face leg,blush,lab coat,"
魔导师分享,无敌的公主,"hiten_1, (((masterpiece))),best quality, illustration,beautiful detailed glow,detailed ice,beautiful detailed water,red moon,snowflake, (beautiful detailed eyes),expressionless,beautiful detailed white gloves, (floating cloud:1.2),upper body, In court dress,Bust,masterpiece, best quality, illustration,, sunlight, beautiful, detailed eyes,1 quee,highly detailed, solo, full,amazing, beautiful, finely detail, Depth of field, extremely detailed, CG unity 8k wallpaper, dynamic composition, motion, ultra - detailed, incredibly detailed, a lot of details, amazing fine details and brush strokes, smooth, hd semirealistic anime cg concept art digital painting,"
魔导师分享,二战福瑞（好吧我知道这是一个奇怪的组合）,"best quality,highly detailed,masterpiece,ultra-detailed,(artbook),illustration,{{{{{furry}}}}},{{{{{no_humans}}}}},shota,{lovely},army uniform,full body,world war ii, male,holding weapon, "
魔导师分享,魔女,"Oilpaper umbrella,Oilpaper umbrella,Oilpaper umbrella,azur lane,demon,android,dark_persona,"
魔导师分享,八木唯（DPM2）,"((masterpiece)),(best quality),(solo),highres,((extremely detailed CG wallpaper)),((cinematic lighting)),((extremely detailed illustration)),((1girl)), white hair, long hair, yellow eyes, {{black_school_uniform}}, {black stockings},  short skirt,  (beautiful detailed eyes), (detailed light),red tie,shirt,{out door},{cherry blossoms},{school},((illustration)),((floating hair)), ((chromatic aberration)), ((caustic)), lens flare,dynamic angle, ((portrait)), cute face, ((hidden hands)),asymmetrical bangs, (beautiful detailed eyes), eye shadow,"
魔导师分享,自设一个,"simple background,flat color,character design,masterpiece,extremely detailed CG unity 8k wallpaper,detailed manga illustration,solo,mature male,cat_ears,animal_ears,blonde_hair/yellow_eyes,casual wear"
魔导师分享,"黑白Q版loli表情包,含负面step35，3.5","(1 girl:1.2),loli,cute,{round face};D,,{{{{{chibi}}}},cute,ahoge,ponytail,flipped hair,white hair,long hair,shorts,close-up,by jackson Pollock,lolita_fashion,minimalist-lines,monochrome,naughty face,
negative：lowres, bad anatomy, bad hands, text, error, missing fingers, extra digit, fewer digits, cropped, worst quality, low quality, normal quality, jpeg artifacts, signature, watermark, username, blurry, bad feetp"
魔导师分享,"Bare shoulders,Pale skin,","Bare shoulders,Pale skin,Hair ribbon,hands on hips,big red eyes,looking at mirror,collarbone,Standing,(red_hair),Long hair,Bangs,Two side up,red dress,red sleeves,microskirt,vertical-striped legwear,over-kneehighs,high heel boots,necklace,Cinematic Lighting,wallpaper,style of genshin impact,border,artbook,cowboy shot,{a gril},"
魔导师分享,色彩飞溅的教堂风格,"{an extremely delicate and beautiful girl}, extremely detailed CG unity 8k wallpaper, {{{masterpiece}}},((illustration)), ((floating hair)), ((chromatic aberration)), ((caustic)), lens flare, dynamic angle,  ((portrait)),  ((glass strips)), (((floating glass fragments))), ((colorful refraction)), (beautiful arch), (stained glass),  ((dark intense shadows)), ((sharp focus)),  extremely detailed, ((colorful)), beautiful purple eyes, wavy silver hair, crying, water eyes, (delicate Gothic evening gown), ((detailed lace and decorative border)), detailed lace glove, detailed jewelry necklace, jewelry earrings, hair flower"
魔导师分享,Warma [猫粮真不非] 分享,"white hair,red eyes,flat_chest,school uniform,twin_braids,smile,Double fried dough twist Braid,girl,beret,Brown shawl,solo,Red Bowknot,chibi,"
魔导师分享,武士福瑞,"best quality,highly detailed,masterpiece,ultra-detailed,(artbook),illustration,{{{{{furry}}}}},{{{{{no_humans}}}}},shota,{lovely},male,army uniform, holding katana , japanese warrior"
魔导师分享,酷酷的雷神,"full body, raiden mei (herrscher of thunder),mahou shoujo,Raiden,cheongsam,Samurai Sword,"
魔导师分享,123,"best quality,highly detailed,masterpiece,ultra-detailed,(artbook),illustration,{{{{{furry}}}}},{{{{{no_humans}}}}},shota,{lovely},army uniform,full body,world war ii, male,holding weapon, ,"
魔导师分享,碧蓝航线约克公爵（大概，可能会崩，支持略改）,"((masterpiece)), (((best quality))), ((ultra-detailed)), ((disheveled hair)), {{{frills}}}, {{{1 mature female}}},{{{solo}}},{{Dark Pink hair}},{{{Garnet red eyes}}},{{{{{{lots of intricate detail,}}}}}},{{{beautiful detailed eyes}}}long hair,{{{swept bangs}}},seductive smile,{{{pointy ears}}},{{{beautiful detailed eyes}}}，gothic，{{{{fishnets}}}},{{black revealing dress}}，{{{Sitting on a luxury chair}}},night,{{{Lots of clothing details}}},{{in a luxury room}}，{{{Detailed texture}}},"
魔导师分享,自慰,"masterpiece, best quality, absurdres, kemonomimi_mode, loli, aqua_eyes, cat_ears/nekomimi, neko, cat_pose, lolita,white hair,collar,white_thighhighs"
魔导师分享,KKKKK,"legs apart,barefoot,pov crotch,ray tracing,incredibly_absurdres,ray tracing,{best quality}, {{masterpiece}}, {highres}, original, extremely detailed 8K wallpaper, {an extremely delicate and beautiful},,incredibly_absurdres,colorful,intricate detail,artbook,,pleated skirt,heterochromia, ukiyo-e,poncho,,on bed,blur_background,pixiv id,infant,azur lane,cat girl,top-down bottom-up,groping,clothes_lift,"
魔导师分享,虚空军娘,"official art, masterpiece, best quality, ultra-detailed, illustration, disheveled hair , game_cg, wallpaper, cover, colorful, best quality, highres,high detail, original, extremely detailed wallpaper,an extremely delicate and beautiful, perfect face, 
1girl, cloud_sky , , standing, , {{{smoke}}, flying in the sky, sad, bandage over one eye, long_hair, curvy, light particles, sunset, cape, military uniform, military hat,  lace, ribbon, stockings, dynamic composition, motion, incredibly detailed, battlefield 1, beautiful, detailed eyes,[white hair""blue hair:0.5],blue eyes, long_hair, highly detailed, solo, full,amazing, finely detail, (stars),ray trace, Depth of field, detailed_finger, white gloves"
魔导师分享,粉毛双马尾,"#(lens 135mm,f1.8),detailed background,cyberpunk, city, kowloon, rain,neon lights,intricate detail,game cg,twintails,pink hair,cheek-to-cheek,own hands together,mahou shoujo,clear face,expressionless,beautiful detailed eyes,pettiskirt,garter straps garter belt,no shoe,necklace,(2 girl)"
魔导师分享,白毛美女,"beautiful, girly, white trench coat, blue eyes, black shirt, white pants, black shoes, silver hair, thin, top quality, high resolution, 1080 p, (clear) face, (face detailed description), (hand detailed description), (masterpiece), CG (fine), extreme light and shadow, masterpiece, rich details, fine features, ,"
魔导师分享,。,"girl on top,plaid skirt,white stocking,pink hair, loli, school uniform, long hair, glasses, hair ribbon, white stocking, at school,"
魔导师分享,55,"Skirt lift,twintails,white_hair,blonde_hair,evil smileevil grin,Perfect female body,petite,looking at viewer,(from side:1.2),( head tilt:1.65),(leaning_back:1.25),white stocking,wedding dress,lace-trimmed_gloves,bell,flat_chest,"
魔导师分享,机甲正太,"white background,ahoge,white_hair,red_eyes,standing,hidden hands,heterochromia blue red,sneakers,gloves "
魔导师分享,直视虚空王座之上的存在,"solo,{{oxidised ulcerated cyst}}, cytoplasm, angel, throne, blood, monster"
魔导师分享,自用高质量出图预设（by 苏夏卷饼）,"detailed illustration,{best quality},{{masterpiece}},{highres},extremely detailed 8K wallpaper,intricate detail,artbook,beautiful detailed eyes"
魔导师分享,哥特少女,"(masterpiece), (best quality), (illustration),1girl, solo, ((an extremely delicate and beautiful)), ((little girl)) , cute, expressionless, beautiful detailed eyes,grey eyes, silver hair, short twintails, ((very_long_hair)), {{Gothic_Lolita}}, black_white skirt, bowtie, hair bow, [flying butterfly], ink and wash painting,"
魔导师分享,1,"ass focus,wolf ear fluff,ahoge,bangs,messy_hair,blonde_hair/yellow_eyes,aqua_hair,parted lips,parted lips,tongue out,bare shoulders,top-down_bottom-up,hand on cortch,anklet,torn_thighhighs,armored dress,"
魔导师分享,"白毛,女仆装,躺在床上一脸娇羞[注意负面词条]","from the Side below Black silk,ray tracing,{best quality}, {{masterpiece}}, {highres}, original, extremely detailed 8K wallpaper, {an extremely delicate and beautiful},,incredibly_absurdres,colorful,intricate detail,artbook,,pleated skirt,heterochromia, ukiyo-e,poncho,,on bed,indoors,Aestheticism Painting,meticulous painting,maid,solo,young girl,ahoge,long_hair,no_nose,white_hair,red_eyes,looking away,lying on back,hand to own mouth,embarrassed,heart-shaped pupils,summer long skirt,white stocking,"
魔导师分享,狼耳少年,"straight-on,selfiemirror,white background,anime screencap,((shota)),(slender waist),(((teenage))),(very_long_hair),(((((wolf ear fluff))))),white_hair,red_eyes,looking to the side,closed mouth,hidden hands,pigeon-toed,blush,((hoodie)),pants,socks,combat boots,scarf,neck ribbon,((((tail insertion)))),((((earrings)))),"
魔导师分享,hjh,"(masterpiece), (best quality), (illustration),1girl, solo, ((an extremely delicate and beautiful)), ((little girl)) , cute, expressionless, beautiful detailed eyes,grey eyes, silver hair, short twintails, ((very_long_hair)), {{Gothic_Lolita}}, black_white skirt, bowtie, hair bow, [flying butterfly], ink and wash painting,,"
魔导师分享,白毛龙娘,"((masterpiece)), ((an extremely detailed and delicate)), (8k cg wallpaper), {stunning art}, {{illustration }}, (ink splashing), color splashing, (amazing), (1girl), close to viewer, beautiful detailed face, beautiful detailed blue eyes, dynamic angle, two deer horns on head, flowing detailed white hair, chinese style detailed hanfu, a slim ((streamlined dragon tail with blue scales attached to back lower waist)),((tail ornament)), ancient chinese palaces background"
魔导师分享,涩涩的白猫萝莉,"from above,upper body,(((incredibly_absurdres))),(((ray tracing))),((({best quality}, {{masterpiece}}, {highres}, original, extremely detailed 8K wallpaper, 1girl, {an extremely delicate and beautiful},))),(((ray tracing,{best quality}, {{masterpiece}}, {highres}, original, extremely detailed 8K wallpaper, {an extremely delicate and beautiful},,incredibly_absurdres,colorful,intricate detail,artbook,))),{best quality}, {{masterpiece}}, {highres}, original, extremely detailed 8K wallpaper, {an extremely delicate and beautiful},,perspective,lovely,art room,highres,game cg,(((extremely detailed CG unity 8k wallpaper))),(((infant))),cat_ears,twintails,hime_cut,gradient hair,high ponytail,side braid,hair over one eye,sidelocks,parted bangs,white hair,hair between eyes,looking at viewer,sitting,kneeling&setting on floot,hidden hands,knees together,pigeon-toed,phoenix eye,bright pupils,gradient eyes,sweet_lolita,white_thighhighs,ribbon-trimmed sleeves,hair ribbon,maid headdress,hair ornament,hair bow,hairband,small_b"
魔导师分享,通用前缀,"{{Loong}}, {{dragon background}}, {{loong background}},{{illustration}},{{{masterpiece}}},{{best quality}},{high resolution}, hignity 8k wallpaper,detailed background,(ukiyo-e)"
魔导师分享,兄贵,"chest, more abdominal muscle,gym,abdominal muscles,bulge,two boys,muscle,shiny skin,fighting_stance,dynamic pose,close-up,portrait,ray tracing,{best quality}, {{masterpiece}}, {highres}, original, extremely detailed 8K wallpaper, 1girl, {an extremely delicate and beautiful},,ray tracing,{best quality}, {{masterpiece}}, {highres}, original, extremely detailed 8K wallpaper, {an extremely delicate and beautiful},,incredibly_absurdres,colorful,intricate detail,artbook,,straight-on,"
魔导师分享,蓝发瞳兽耳娘【加万能反面】,"long_hair,smile,standing,straight-on,upper body,sheer tulle dress,kemomimi,beautiful detailed eyes,aquagradient eyes,Cyan eyes,aqua_hair,"
魔导师分享,魔女伊蕾娜,"{{{elaina(majo no tabitabi)}}}},{{solo}},{{best quality}},{{masterpiece}},highres,extremely detailed wallpaper,delicate face,beautiful detailed street,beautiful detailed sky,Railing,city,cloud,shadow,{{gray hair}},{loose long hair},{ahoge},{{white shirt under black robe}},{white Collared shirt},medium frilled skirt,{{royal blue skirt with white edge}},{violet eyes},beautiful detailed eyes,twist braid,{{bare shoulders}},{{Witch hat}},Pendant on Tip of hat,{full body},five fingers, 负面：extra fingers,fused fingers,too many fingers,mutated hands,bad anatomy,"
魔导师分享,红发修女,"solo,nun,mature female,realistic,wavy hair,red_hair/red_eyes,num clothes,capelet ,cross necklace,monochrome,standing,simple background,outline,disgust,neat figure,intense angle ,shaded face,looking away"
魔导师分享,d,"((masterpiece)), ((an extremely detailed and delicate)), (8k cg wallpaper), {stunning art}, {{illustration }}, (ink splashing), color splashing, (amazing), (1girl), close to viewer, beautiful detailed face, beautiful detailed blue eyes, dynamic angle, two deer horns on head, flowing detailed white hair, chinese style detailed hanfu, a slim ((streamlined dragon tail with blue scales attached to back lower waist)),((tail ornament)), ancient chinese palaces background,"
魔导师分享,城市废墟中的女孩,"((({extremely detailed CG))), ((8k_wallpaper)), masterpiece,best quality, high resolution illustration, hyper detailed, highres, (contrapposto),Intricate and refined delicate details,ray tracing,{best quality}, {{masterpiece}}, {highres}, original, extremely detailed 8K wallpaper, {an extremely delicate and beautiful},,incredibly_absurdres,colorful,intricate detail,artbook,White theme,Cinematic Lighting,wallpaper,style of arknights,game cg, cyber screen frame,wires connected with her back,(streaked white hair with blue and red:1.3),(split-color hair:1.3),(blood on face),The city ruins,The battlefield,The ruins,deserted,Lost eyes,Sitting on a rock,space,Ahead in the distance,high detailed beautiful eyes,post-apocalypse,((The side face)),A city in ruins,The absurd,The smoke of war,Delicate and beautiful,Fine hair,Beautiful eyes, cold face, cold attitude,Multiple characters,spark"
魔导师分享,雌小鬼，本来是想造个小小约出来，结果造的都是雌小鬼,"{{masterpiece}}, very detailed CG unified 8k wallpaper, very detailed, masterpiece, the best quality, gradual change,twintails, fang，loli，smirk,school swimsuit,，loli,a girl,beautiful green eyes,ahoge,yellow pinkhair"
魔导师分享,Q版魔女伊蕾娜,"abstract background,cute,chibi,sticker,(rough lines),colorful,multicolor,[Gradient color,colorful splashes], {{{elaina(majo no tabitabi)}}}},{{solo}},{{best quality}},{{masterpiece}},highres,extremely detailed wallpaper,delicate face,beautiful detailed street,beautiful detailed sky,Railing,city,cloud,shadow,{{gray hair}},{loose long hair},{ahoge},{{white shirt under black robe}},{white Collared shirt},medium frilled skirt,{{royal blue skirt with white edge}},{violet eyes},beautiful detailed eyes,twist braid,{{bare shoulders}},{{Witch hat}},Pendant on Tip of hat,{full body},five fingers,  负面：extra fingers,fused fingers,too many fingers,mutated hands,bad anatomy,"
魔导师分享,秦心,"{{1 girl}},{{masterpiece}},{{{hata no kokoro}}}, {{hata no kokoro(touhou)}},touhou,{{{very long hair}}},{{pink hair}},{Kitsune mask},neckline with bow,{plaid Long Sleeves shirt},{taciturn}, emoji pattern hollow out on skirt,{orange skirt},{fluffy skirt},lantern skirt,{秦 こころ}, ahoge, Poker face,tutu"
魔导师分享,自用,"untied bikini,front-tie bikini top,black stocking,no shoes,umbrella,unbuttoned clothes,straight-on,full body,beach background,"
魔导师分享,超华丽星空皇女,"masterpiece, best quality, extremely detailed CG unity wallpaper, zoom in on eyes, ultra-detailed, best illustration, by famous artist, (beautiful detailed night sky with blue moon:1.4), (30 years girl:1.1), (solo:1.2), parted bangs, ( long hair:1.5), (a lot of hair:1.8), (floating hair:1.6), fluttering (((((feathers))))) over hair, reflective eyes, (extremely detailed eyes:1.2), awesome face, gloom, (lipstick:1.2), criss-cross halter|fur-trimmed coat, Chest, (perspective:1.3), looking at viewer, hair ornament, (queen:1.2), (crown:1.2), silver glowing particles, (red rose:1.1), sacred feeling, (extremely detailed background:1.3),"
魔导师分享,aa,"{{{elaina(majo no tabitabi)}}}},{{solo}},{{best quality}},{{masterpiece}},highres,extremely detailed wallpaper,delicate face,beautiful detailed street,beautiful detailed sky,Railing,city,cloud,shadow,{{gray hair}},{loose long hair},{ahoge},{{white shirt under black robe}},{white Collared shirt},medium frilled skirt,{{royal blue skirt with white edge}},{violet eyes},beautiful detailed eyes,twist braid,{{bare shoulders}},{{Witch hat}},Pendant on Tip of hat,{full body},five fingers, 负面：extra fingers,fused fingers,too many fingers,mutated hands,bad anatomy,,"
魔导师分享,我也不知道算不算合成器浪潮（小概率出美少女）,"masterpiece,best quality,official art,extremely detailed CG unity 8k wallpaper, Vaporwave,Synth Wave,weirdcore,dreamcore,dreamy,ray tracing,{best quality}, {{masterpiece}}, {highres}, original, extremely detailed 8K wallpaper, {an extremely delicate and beautiful},,incredibly_absurdres,colorful,intricate detail,artbook,,"
魔导师分享,d,"((masterpiece)), (((best quality))), ((ultra-detailed)), ((illustration)), ((disheveled hair)), ((frills)), (1 girl), (solo),masterpiece, best quality, masterpiece,best quality,official art,extremely detailed CG unity 8k wallpaper, day, artbook,loli, loli,long hair, silver hair, hair down,white colored eyelashes, longeyelashes,expressionless, white colored eyelashes,green pupil,beautiful detailed eyes, looking at viewer, cat girl,animal ear fluff，,"
魔导师分享,开心的萝莉,"masterpiece, best quality, extremely detailed CG unity wallpaper, zoom in on eyes, ultra-detailed, best illustration, by famous artist, (beautiful detailed night sky with blue moon:1.4), (30 years girl:1.1), (solo:1.2), parted bangs, ( long hair:1.5), (a lot of hair:1.8), (floating hair:1.6), fluttering (((((feathers))))) over hair, reflective eyes, (extremely detailed eyes:1.2), awesome face, gloom, (lipstick:1.2), criss-cross halter|fur-trimmed coat, Chest, (perspective:1.3), looking at viewer, hair ornament, (queen:1.2), (crown:1.2), silver glowing particles, (red rose:1.1), sacred feeling, (extremely detailed background:1.3),,"
魔导师分享,512*512的粗线头像,"sticker,rough lines,1girl,cute,flying,bangs,pink eyes,dress,hair between eyes,hair ornament,halo,scarf,sidelocks,hairclip,white background,light bule hair,head portrait, anime,"
魔导师分享,酷酷的街头初音,"masterpiece,best quality,official art,extremely detailed CG unity 8k wallpaper, miku,OutdoorJackets,{{{oversize clothing}}},citypop,street wear,sneakers,miniskirt,(((chromatic aberration))),lens 135mm,f1.8,backlight,Hands in pockets,hairband,hair ornament,twintails,long hair,blue hair,long hair,solo,cool,grayu,bishoujo,{{Exquisite face}}"
魔导师分享,镜音铃,"{{masterpiece}}, best quality, {extremely cute girl}, {{{extremely detailed CG}}}, illustration, she looks very relaxed, Kagamine Rin, short blond hair, big white bow, hair between eyes, blue pupils, beautiful detailed eyes, midriff,"
魔导师分享,?,"masterpiece,best quality,official art,extremely detailed CG unity 8k wallpaper, Vaporwave,Synth Wave,weirdcore,dreamcore,dreamy,ray tracing,{best quality}, {{masterpiece}}, {highres}, original, extremely detailed 8K wallpaper, {an extremely delicate and beautiful},,incredibly_absurdres,colorful,intricate detail,artbook"
魔导师分享,gg,"solo,nun,mature female,realistic,wavy hair,red_hair/red_eyes,num clothes,capelet ,cross necklace,monochrome,standing,simple background,outline,disgust,neat figure,intense angle ,shaded face,looking away,"
魔导师分享,水手服女孩www,"( art of light novel, ) golden_eyes empty eyes,keep_stomach_up，sitting on bed，high ponytail,gray_hair， serafuku,layered skirt,leg_spread，keep legs_up slim legs,   barefoot "
魔导师分享,贞德涩涩,"{{masterpiece}},best quality,extremely detailed CG unity 8k wallpaper,{extremely detailed cg}, 1girl, jeanne d'arc (ruler) (fate),cameltoe,shighleg leotard,elbow_gloves,(((masterpiece))),(((best quality))),((ultra-detailed))((extremely detailed CG)),((8k_wallpaper))((an extremely delicate and beautiful)),{photorealistic},full body, {realistic},burning,detailed light,bloom,"
魔导师分享,呆毛王,"artoria pendragon (fate), saber alter, armor, yellow eyes, armored dress, excalibur morgan (fate), blonde hair, 1girl, looking at viewer, weapon, dress, sword, gauntlets, holding weapon"
魔导师分享,魂魄妖梦,"konpaku_youmu, petals, sword, weapon, cherry_blossoms, 1girl, solo, katana, green_skirt, ribbon, sheath, hairband, black_hairband, hair_ribbon, holding_sword, skirt, black_ribbon, silver_hair, belt, short_sleeves, flower, hitodama, holding, shirt, konpaku_youmu_ghost"
魔导师分享,唯美和服少女,"(extremely?detailed?CG?unity?8k),(masterpiece),(best?quality),(ultra-detailed),(best?illustration),(best?shadow),(an?extremely?delicate?and?beautiful),(good lighting,ray tracing),

(pov,full body),(A Girl,(super detailed skin),{Medium small chest:0.7}),solo,({long hair,[purple hair color contouring hair,silver hair long hair],reflective hair,hair dripping},asymmetrical bangs,masterpiece, best quality),(beautiful detailed eyes, Starry pupil,water droplets on face,reflective eyes),((wet clothes),[see-through:japanese_clothes:0.3],[see-through:obi:0.3],Black stockings),(bow,hair ribbon,pendant,jewelry,fingerless_gloves,wrist_cuffs),

((highly detailed)),{mist?encircles?the?mountains,fairyland},night,moon, stars, ([in Dreamy forest:1.3::5],[starry sky:1.4:10]),gothic architecture,),(detailed?light),?nature,?river,beautiful?and?delicate?water,(bubbles),(bloom),(shine),(Dreamy forest)"
魔导师分享,五个雷姆,"masterpiece,best quality,highres,(extremely delicate and deautiful girls),extremely detailed CG unity 8k wallpaper,depth of field,dramatic angle,
beautiful detailed sky,blooming light,night time,soft lighting,smooth,
(5girls:1.3),castle,(pumpkin lanterns),in autumn,(bats:1.2,dirty trick:1.25),Halloween,
ram_(re:zero)+pink eyes+pink short hair over left one eye,
rem_(re:zero)+blue eyes+blue short hair over right one eye, 
ram_([re:zero]:1.2)+purple eyes+purple hair+(black sundress with round neck,white T-shirt bottom:1.3),
ram_([re:zero]:0.8)+purple eyes+blue hair+Miko clothing,
ram_([re:zero]:0.6)+green eyes+blue hair+casual wear,
cloned face,(beautiful detailed eyes),witch skin, shiny hair, (happy),vibrant,dynamic Poses,
atmosphere,dramatic shadow,ray tracing"
魔导师分享,水下的JK,"masterpiece,best quality,official art,extremely detailed CG unity 8k wallpaper, {best quality}, {{masterpiece}}, {highres}, original, extremely detailed 8K wallpaper,underwater,wetbody,serafuku,school uniform,pleated skirt,tabi,loafers,bubble,realistic"
魔导师分享,游戏王,"(temple),(((Yu-Gi-Oh,kazuki takahashi))),graphite (medium) ,((two boys)),(shiny hair),((gradient hair)),white_hair,red_eyes,smirk,smug doyagao,"
魔导师分享,e二等分,"masterpiece,best quality,official art,extremely detailed CG unity 8k wallpaper, Vaporwave,Synth Wave,weirdcore,dreamcore,dreamy,ray tracing,{best quality}, {{masterpiece}}, {highres}, original, extremely detailed 8K wallpaper, {an extremely delicate and beautiful},,incredibly_absurdres,colorful,intricate detail,artbook,,,"
魔导师分享,高马尾女仆,"nfsw、masterpiece、highly detailed、，1girl, solo,bare shoulders  ,long hair ， purple hair  ，high ponytail  , red eyes  , black pantyhose，maid costume,Maid Headpiece"
魔导师分享,赛博仙子,"(((facing away))),upper body,((wide shot)),lens flare,overall view,,cityscape,(((cyberpunk city))),character design,poster,((Dynamic hair)),(looking afar),({{{masterpiece}}},{extremely detailed CG unity 8k wallpaper},best quality,Amazing,finely detail,solo,cinematic lighting,close-up,{{floating hair}},{{Sakura}},outdoors,sky,{{wind}},detailed background,beautiful detailed eyes,,bright pupils,{{full body}}, dynamic pose,dynamic angle,looking at viewer,detailed clothes,),((beautiful detailed sky)),reflection light,(ray tracing),cinematiclighting,sunlight,loli,white hair,girl,blue eye,depthoffield"
魔导师分享,666,"(extremely?detailed?CG?unity?8k),(masterpiece),(best?quality),(ultra-detailed),(best?illustration),(best?shadow),(an?extremely?delicate?and?beautiful),(good lighting,ray tracing),(pov,full body),(A Girl,(super detailed skin),{Medium small chest:0.7}),solo,({long hair,[purple hair color contouring hair,silver hair long hair],reflective hair,hair dripping},asymmetrical bangs,masterpiece, best quality),(beautiful detailed eyes, Starry pupil,water droplets on face,reflective eyes),((wet clothes),[see-through:japanese_clothes:0.3],[see-through:obi:0.3],Black stockings),(bow,hair ribbon,pendant,jewelry,fingerless_gloves,wrist_cuffs),((highly detailed)),{mist?encircles?the?mountains,fairyland},night,moon, stars, ([in Dreamy forest:1.3::5],[starry sky:1.4:10]),gothic architecture,),(detailed?light),?nature,?river,beautiful?and?delicate?water,(bubbles),(bloom),(shine),(Dreamy forest),"
魔导师分享,绿瞳白毛loli 花园,"1girl, absurdly long hair, bangs, black_rose, white hair,  pink_flower, blush, bouquet, closed mouth, condom, condom in mouth, condom wrapper, daisy, eyebrows_visible_through_hair, field, flower, flower field, garden, green_eyes, green_flower, hair between eyes, hair flower, hair_ornamement,hata_no_kokoro
负面单人万能即可

迭代步数：50
采样方法：DDIM
分辨率推荐：1024*576
提示词相关性：20
优秀种子：2905653196"
魔导师分享,白毛獸耳泳衣蘿莉,"1girl, white hair, long hair, pigtails, blue eyes, animal ears, extra ears, fox ears, no headwear, simple background, beach, competition swimsuit,ray tracing,(ray tracing,{best quality}, {{masterpiece}}, {highres}, original, extremely detailed 8K wallpaper, {an extremely delicate and beautiful},,incredibly_absurdres,colorful,intricate detail,artbook,),(black pantyhose),(loli),"
魔导师分享,大慈树王（尽力了）,"game cg,half updo,white hair,(very long hair),foot length hair,long hair to the ground,white_hair/green_eyes,smile,sitting,knees together,pointy ears,(glowing eyes),(hair ornament),incredibly_absurdres,ray tracing,{best quality}, {{masterpiece}}, {highres}, original, extremely detailed 8K wallpaper, {an extremely delicate and beautiful},,incredibly_absurdres,colorful,intricate detail,artbook,,grassland,forest,(Long skirt),layered skirt,one-piece dress,sleeveless,armlet,hidden hands,from above,depthoffield,floral headwear"
魔导师分享,111,"masterpiece,best quality,official art,extremely detailed CG unity 8k wallpaper, {best quality}, {{masterpiece}}, {highres}, original, extremely detailed 8K wallpaper,underwater,wetbody,serafuku,school uniform,pleated skirt,tabi,loafers,bubble,realistic,"
魔导师分享,甘雨,"{best quality}, {{masterpiece}}, {highres}, original, extremely detailed 8K wallpaper, 1girl, {an extremely delicate and beautiful},{{Ganyu_Genshin}},bangs,ahoge,curly_hair,short hair，blue_hair/purple_eyes,{horn_black_red},floral_print,night,summer festival,paper lantern,market stall,aerial fireworks,firefly,bloom,light particles,,"
魔导师分享,獒 水手服 碧蓝航线,"正：((((takao(School Romanza)(azur lane),pure white tie,no button)))),(black school uniform,black sailor dress,black clothes),(black crew neck,blakc short pleated skirt,black pantyhose:2.0),(white bow on black hair,white  ribbon on black hair),((((masterpiece)), (((best quality))), ((ultra-detailed)), ((illustration)),((very long ponytail)),extremely detailed CG, extremely detailed 8K wallpaper, extremely detailed character,1girl,solo,((black hair:2.0)),black crop top:2.0,))，负simple background, vague, lowres, bad anatomy, bad hands, extra fingers, text, error, missing fingers, extra digit, fewer digits, cropped, worst quality, low quality, normal quality, jpeg artifacts, signature, watermark, username, blurry,missing fingers,bad hands,missing arms, long neck, cropped,poorly drawn hands,poorly drawn face,mutation,deformed,worst quality,low quality,normal quality,jpeg artifacts,signature,watermark,bad hair,button还行的种子：1777208885"
魔导师分享,蓝毛猫娘,"1girl,animal_ears,bangs,black_ribbon,black_skirt,blue_eyes,blue_hair,blush,cat_ears,cat_girl,cat_tail,low_quality,cowboy_shot,hair_ornament,hair_ribbon,long_hair,long_sleeves,looking_at_viewer,meme_attire,open_mouth,pleated_skirt,ribbon,shirt,skirt,white_legwear,white_shirt,tail_insertion,{best quality}, {{masterpiece}}, {highres}, original, extremely detailed 8K wallpaper, 1girl, {an extremely delicate and beautiful},thigh_strap,"
魔导师分享,xinnver,"three sided view,lolita fashion,curly_hair,bangs,ahoge,long_hair,platinum_hair,blue_eyes,smile,looking at viewer,holding umbrella,fang,slit pupils,gothic_lolita,flat_chest,"
魔导师分享,安洁莉娜,"angelina_\(arknights\), 1girl, brown_hair, animal_ears, shoes, twintails, gloves, jacket, solo, choker, hairband, black_gloves, shorts, staff, looking_at_viewer, long_hair, black_shirt, long_sleeves, thighs, black_footwear, holding, shirt, open_clothes, grey_background, holding_staff, black_legwear, sneakers"
魔导师分享,"1girl, white hair, long h","1girl, white hair, long hair, pigtails, blue eyes, animal ears, extra ears, fox ears, no headwear, simple background, beach, competition swimsuit,ray tracing,(ray tracing,{best quality}, {{masterpiece}}, {highres}, original, extremely detailed 8K wallpaper, {an extremely delicate and beautiful},,incredibly_absurdres,colorful,intricate detail,artbook,),(black pantyhose),(loli),,"
魔导师分享,炽热S的,"(fangs),animal_ears,(((cat_ears))),medium hair,seductive smile ,(closed mouth),((flat_chest)),((sunlight)),dramatic angle ,red_hair/red_eyes,(Red and orange hair),smile,sweater,"
魔导师分享,白色连衣裙害羞小天使,"Sketch,out-of-frame censoring,Soft Lighting,incredibly_absurdres,cowboy shot,Crown,white dress,Angel wings,style of granblue fantasy
"
魔导师分享,"starry sky,clusters of st","starry sky,clusters of stars,snow,lovely,straight-on,cinematic angle,female focus,white_hair,red_eyes,light smile,nervous,skin fang,horns,tag：masterpiece, best quality, extremely detailed CG unity 8k wallpaper, 1girl, beautiful purple eyes, wavy silver hair, crying, water eyes, looking at viewers, delicate Gothic evening gown, detailed lace and decorative border, detailed lace glove, detailed jewelry necklace, jewelry earrings, hair flower, snow, fog, violet garden, magnificent palaces, mountains, forests, night, detailed colorful star sky, cinematic lighting, super detLarge depth of field, oil,soaked,untied bikini,micro bikini,no_bra,see-through,clothes_lift,armpits,top-down_bottom-up,on stomach,"
魔导师分享,随便弄的,"
{{masterpiece}}},{{best quality}},{{highly detailed}},masterpiece,best quality,official art,extremely detailed CG unity 8k wallpaper,1girl,looking at viewer,huge ahoge,long_hair,gloves,whole body,leg,solo,white_hair,black_jacket,{{black_pantyhose}},D Cup,red_eyes,{{Leg ring}},{{Garter}},choker,tearing up,{{side ponytail}},high-heeled shoes,embarrassed
,crossed legs"
魔导师分享,白毛贫乳,"anime screencap,solo,ahoge,blunt_bangs,bob cut,white_hair/white_eyes,staring,thigh gap,eyes visible through hair,half-closed eyes,tiny_chest,"
魔导师分享,龙族少女,"{best quality}, {{masterpiece}}, {highres}, original, extremely detailed 8K wallpaper, 1girl, {an extremely delicate and beautiful},black hair, red eyes, horn,china dress,long hair, Ink wash painting,dragon horns"
魔导师分享,稳定出可爱天使的套装（反）,"​​lowres, bad anatomy, bad hands, text,error, missing fngers,extra digt ,fewer digits,cropped, wort quality ,low quality,normal quality, jpeg artifacts,signature,watermark, username, blurry, bad feet,cold attitude,clear face,expressionless,"
魔导师分享,稳定出可爱天使的套装（正）,"masterpiece, ((best quality)),highly detailed,stained glass style,upper body,solo,(white_hair),long hair,yellow eye,petite,angel,halo,angel wings,white_dress"
魔导师分享,テスト,"unbuttoned clothes,Perfect female body,Chinese style,bishoujo,virgin,twintails,twintails,low twintails,short twintails,cityscape,Vaporwave,masterpiece,meticulous painting,smug doyagao,all fours,thighhighs,pettiskirt,plaid skirt,heart-shaped_pupils,"
魔导师分享,机娘(出图在640*640以上，要加负面词),"正：(((masterpiece))), (((best quality))), ((ultra-detailed)), ((extremely detailed CG unity 8k wallpaper)), (1girl) aqua left eye and green right eye, (short blue hair), (gradient to green), (transformed by machinery), knee robot joints, (((black pantyhose))), (white cloth),(artificial torso) ,(short skirt) black gloves with, high-heel shoes,{{mecha musume}},{{mechanical wings}}, {{mechanical legs}},((galaxy background)),((metal wings)),((close mouth)),ray tracing,(ray tracing,{highres}, original, {an extremely delicate and beautiful},,incredibly_absurdres,colorful,intricate detail,artbook,),Floating Cannon in the back,((glowing eyes)),(((beautiful detailed eyes))),"
魔导师分享,琉璃夜妖姬,"upper body,(rain),Perfect female body,(short hair),(green_hair/green_eyes),smile,troll face ,(standing),(Put your hands in your pockets),light smile,Cape hood,wind coat,Raincoat,Rainboots,"
魔导师分享,666,"1girl, white hair, long hair, pigtails, blue eyes, animal ears, extra ears, fox ears, no headwear, simple background, beach, competition swimsuit,ray tracing,(ray tracing,{best quality}, {{masterpiece}}, {highres}, original, extremely detailed 8K wallpaper, {an extremely delicate and beautiful},,incredibly_absurdres,colorful,intricate detail,artbook,),(black pantyhose),(loli)"
魔导师分享,一点米山舞风格,"(extremely delicate and beautiful), (dynamic angle), white and black highlights,(beautiful and delicate eyes), blue eyes,black pupils, delicate face, upper body, messy floating hair, messy hair，short white hair"
魔导师分享,水墨画美少女,"1girl,chinese dragon,chinese girl,female focus on,
{{color Ink wash painting}},{{ink splashing}},{{color splashing}},{{{colorful}}},{{sketch}},
Masterpiece,best quality, beautifully painted,highly detailed,
"
魔导师分享,白毛萝莉,"masterpiece, best quality,huge_filesize,cosplay,loli,kemonomimi_mode,white hair,twintails,bangs,ahoge,sad,tears,expressionless eyes,beautiful detailed eyes,hoodie,pleated_skirt,socks,cross-laced_footwear,bandaid hair ornament,satchel"
魔导师分享,冷酷大姐姐天使,"off_shoulder,jacket,1girl,jirai kei,solo,red eyes,cold attitude,mechanical halo,best quality, {{masterpiece}}, illustration,{{official art}},{{beautiful detailed eyes}},half gloves,black mask,black hair,looking at viewer"
魔导师分享,4,"{{{Dusk(Arknights)}}},Chest support，ray tracing,{best quality}, {{masterpiece}}, {highres}, original, extremely detailed 8K wallpaper, {an extremely delicate and beautiful},,incredibly_absurdres,colorful,intricate detail,artbook,(ink splashing),illustration,(artbook),contour deepening,(((Ink wash painting))),(Chinese style),solo,young girl,((very_long_hair)),(gradient hair),(((hair over one eye))),hair between eyes,sidelocks,messy hair,hair spread out,(Dynamic hair),(red eyeshadow),((beautiful detailed eyes)),gloom (expression) depressed,((pointy ears)),cold attitude,((red_eyes)),((cropped shoulders)),( white cheongsam),((Black hair)), Dark green highlights hair, red strip earrings,Black windbreaker,(Red thin tie), black neckline,Glittering hair，(Bare leg), ((Chinese ink_long gloves)), (the dragon's horn)，(Dark green corner),"
魔导师分享,夕,"{{{Dusk(Arknights)}}},Chest support，ray tracing,{best quality}, {{masterpiece}}, {highres}, original, extremely detailed 8K wallpaper, {an extremely delicate and beautiful},,incredibly_absurdres,colorful,intricate detail,artbook,(ink splashing),illustration,(artbook),contour deepening,(((Ink wash painting))),(Chinese style),solo,young girl,((very_long_hair)),(gradient hair),(((hair over one eye))),hair between eyes,sidelocks,messy hair,hair spread out,(Dynamic hair),(red eyeshadow),((beautiful detailed eyes)),gloom (expression) depressed,((pointy ears)),cold attitude,((red_eyes)),((cropped shoulders)),( white cheongsam),((Black hair)), Dark green highlights hair, red strip earrings,Black windbreaker,(Red thin tie), black neckline,Glittering hair，(Bare leg), ((Chinese ink_long gloves)), (the dragon's horn)，(Dark green corner),,"
魔导师分享,粉毛九尾狐萝莉,"highres,{best quality}, {{masterpiece}}, {highres}, {an extremely delicate and beautiful}, original, extremely detailed wallpaper, one Fox Girl,{{{Nine fox tails}}},Small ear,Long hair, pink hair,pink dress,look at me,full body,"
魔导师分享,科,"three sided view,out of frame,perspective,Cherry blossoms,chinese style architecture,poster,outstretched arms,green_hair,green_hair/green_eyes,squatting,summer long skirt,boots,best quality, masterpiece, highres, original, 1girl, extremely detailed 8K wallpaper, an extremely delicate and beautiful, (summer_festival), fireworks, cinematic lighting, depth of field,floral headwear,"
魔导师分享,洛丽塔少女头像,"(portrait),({best quality}, {{masterpiece}}, {highres}, original, extremely detailed 8K wallpaper, 1girl, {an extremely delicate and beautiful},),depth of field,blurry background,petite,(lolita fashion),slim waist,long_hair,silver_hair/cyan_eyes,pettiskirt,gothic architecture,hairclip,hair ornament,necklace,earrings,tassel,lolita gothic,lolita fasion,beautiful detailed eyes,veil,embarrassed,#负面tag可选#{Multiple people},lowres,bad anatomy,bad hands, text, error, missing fingers,extra digit, fewer digits, cropped, worstquality, low quality, normal quality,jpegartifacts,signature, watermark, username,blurry,bad feet,cropped,poorly drawn hands,poorly drawn face,mutation,deformed,worst quality,low quality,normal quality,jpeg artifacts,signature,watermark,extra fingers,fewer digits,extra limbs,extra arms,extra legs,malformed limbs,fused fingers,too many fingers,long neck,cross-eyed,mutated hands,polar lowres,bad body,bad proportions,gross proportions,text,error,missing fingers,missing arms,missing legs,extra digit,"
魔导师分享,白狐，你喜欢的,"white pantyhose,squatting,Bare thigh,legs apart,fucked silly,strappy heels,unbuttoned clothes,fox_ears,Perfect female body,2girls,pov crotch"
魔导师分享,莫妮卡,"{best quality}, {{masterpiece}}, {highres}, original, extremely detailed 8K wallpaper, 1girl, {an extremely delicate and beautiful},{{{monika}}},beautiful girl,high ponytail,{sitting on chair},{upper body},{{{out of frame}}},blond hair,white bowknot,green eyes,skindentation,platform heel ((thigh boots)),school uniform,pleated skirt,sweater vest,white pantyhose,leather shoes,perspective,looking at window,lovely,school,cherry blossoms and blue sky outside the window"
魔导师分享,龙娘,"first-person view,full body,dynamic angle ,starry sky,clusters of stars,starry sky ,Loong, dragon background, loong background,marker (medium),dragon girl,very_long_hair,red_hair/red_eyes,pair of horns,sitting,hands on hips,jk face leg,orgasm,"
魔导师分享,白毛萝莉,"(fingers excluding thumb\):2), (fused anatomy), (bad anatomy\(body\)), (bad anatomy\(hand\)), (bad anatomy\(finger\)), (over four fingers\(finger\):2), (bad anatomy\(arms\)), (over two arms\(body\)), (bad anatomy\(leg\)), (over two legs\(body\)), (interrupted\(body, arm, leg, finger\)), (bad anatomy\(arm\)), (bad detail\(finger\):1.2), (bad anatomy\(fingers\):1.2), (multiful\(fingers\):1.2), (bad anatomy\(finger\):1.2), (bad anatomy\(fingers\):1.2), (fused\(fingers\):1.2), (over four fingers\(finger\):2), (multiful\(hands\)), (multiful\(arms\)), (multiful\(legs\)),Steps: 24, Sampler: Euler a, CFG scale: 6, Seed: 13301502, Size: 1280x768, Model hash: 925997e9, Clip skip: 2, ENSD: 31337,"
魔导师分享,黑发红瞳,"concept art,full body,{best quality}, {{masterpiece}}, {highres}, original, extremely detailed 8K wallpaper, 1girl, {an extremely delicate and beautiful},,incredibly_absurdres,ray tracing,{best quality}, {{masterpiece}}, {highres}, original, extremely detailed 8K wallpaper, {an extremely delicate and beautiful},,incredibly_absurdres,colorful,intricate detail,artbook,,{best quality}, {{masterpiece}}, {highres}, original, extremely detailed 8K wallpaper, {an extremely delicate and beautiful},,overall view,,Precise geometry,detailed manga illustration,tachie,Steampunk,library,realistic,ahoge,twintails,white_hair/blue_eyes,tail between legs,skirt_lift,,{photorealistic}, {painting}, {realistic}, {sketch}, {oil painting},Perfect female body,solo,slim waist,asymmetrical bangs,parted bangs,hair intakes,hair over one eye,black hair,red_eyes,detail fingers,cold attitude,beautiful detailed eyes,eyes visible through hair,hair over one eye one eye covered,Glazed pupils,,eyelashes,knee boots,lace-trimmed_gloves,fingerless "
魔导师分享,冰,"ray tracing,{best quality}, {{masterpiece}}, {highres}, original, extremely detailed 8K wallpaper, {an extremely delicate and beautiful},,incredibly_absurdres,colorful,intricate detail,artbook,,Skirt to crotch slanted to one side,seriousness, jewels, leg rings,gorgeous, noble,With long flowing dark blue hair, her eyes are like the sharpest frost, which can directly hit the hearts of others, as cold as ice. The corners of her mouth never turned up, nothing could make her smile, serious. Her clothes are noble, cold and gorgeous, and her tight pants are just for quick and convenient execution of tasks. As a killer, she seems to hide the ice blade in her palm all the time, using the ice blade, cloak, medium chest, standing,combat suit,fighting_stance,slim legs,slim waist"
魔导师分享,我流机甲术,"{{Pacific Rim}}{{incredibly absurdres}},{{{classic}}},{{realistic}},{{best quality}},{{Depth of field}} ,{{science_fiction}},{{cyberpunk}},{{masterpiece}}, {{light particles}},{{ultra-detailed}},{solo},{oil paint},{epic},{steam}, {A magnificent scene},{{knight}},shock,Warlord,{{war machine}},{{Titan}},city,Light,grey sky,{illustration}, {detailed light},rainy,{{silvery white}},white, {{pure white}},{colorful},{{chain}},extremely detailed 8K wallpaper,gandam,{{{metal}}},best shadow,shadowverse,neon lights,{{{{decorative pattern}}}},battle,flame,cityscape"
魔导师分享,梦梦,"to love ru darkness,Momo Belia Deviluke,starry sky ,outdoors,short_hair,short_hair,full body,best quality, masterpiece, high res, original, extremely detailed wallpaper,an extremely delicate and beautiful,beautiful detailed eyes,Holding the wedding bouquet with both hands,wedding dress,no shoe,blush,light smile,cinematic angle ,cinematic lighting,solo,purple eyes,,beautiful detailed sky,tail insertion"
魔导师分享,黑色比基尼的小姐姐,"miniskirt,areola_slip,suspenders,asymmetrical bangs,collar,long_hair,micro bikini,black stocking,latex,bra visible through clothes,high heels,from below,eyeliner,latex gloves,incredibly_absurdres,high saturation, kowloon,mature female,black_hair/black_eyes,solo"
魔导师分享,t,"from the Side below Black silk,ray tracing,{best quality}, {{masterpiece}}, {highres}, original, extremely detailed 8K wallpaper, {an extremely delicate and beautiful},,incredibly_absurdres,colorful,intricate detail,artbook,,pleated skirt,heterochromia, ukiyo-e,poncho,,on bed,indoors,Aestheticism Painting,meticulous painting,maid,solo,young girl,ahoge,long_hair,no_nose,white_hair,red_eyes,looking away,lying on back,hand to own mouth,embarrassed,heart-shaped pupils,summer long skirt,white stocking,,"
魔导师分享,黑长直美女,"((({best quality}, {{masterpiece}}, {highres}, original, extremely detailed 8K wallpaper, 1girl, {an extremely delicate and beautiful},))),(((ray tracing,{best quality}, {{masterpiece}}, {highres}, original, extremely detailed 8K wallpaper, {an extremely delicate and beautiful},,incredibly_absurdres,colorful,intricate detail,artbook,))),(((incredibly_absurdres))),(((game cg))),black hair,goddess,mature female,Perfect female body,detailed background,(((hands in hair))),hair ornament,((street)),Glazed pupils,,((solo)),backpack,headband,((close-up)),outdoors,beautiful detailed eyes,cropped jacket,detached_sleeves,pendant,wristwatch,closed,grin"
魔导师分享,正太,"first-person view,ray tracing,incredibly_absurdres,{best quality}, {{masterpiece}}, {highres}, original, extremely detailed 8K wallpaper, 1girl, {an extremely delicate and beautiful},,loli girl moon night light lake glass,ray tracing,{best quality}, {{masterpiece}}, {highres}, original, extremely detailed 8K wallpaper, {an extremely delicate and beautiful},,incredibly_absurdres,colorful,intricate detail,artbook,,{best quality}, {{masterpiece}}, {highres}, original, extremely detailed 8K wallpaper, {an extremely delicate and beautiful},,Cherry blossoms,shooting star,torii, ukiyo-e,{photorealistic}, {painting}, {realistic}, {sketch}, {oil painting},shota,bangs,sidelocks,ahoge,wolf ear fluff,white_hair,red_eyes,hand in own hair,heterochromia golden red,slit pupils,kimono,tabi,geta,Oilpaper umbrella,fox mask,beautiful detailed sky,ray tracing,glowing light,beautiful detailed sky,masterpiece,cinematiclighting,depthoffield,beautiful detailed water,ocean,chinese style architecture,no humans,detailed background,alpin"
魔导师分享,巨大萝莉漂浮在废墟之上,"masterpiece,best quality,official art,extremely detailed CG unity 8k wallpaper, (((1girl))),loli,little girl,(((ruins))),(((small city))),(((giantess))),(((giga size))),minimap,(((tall))),white bodysuit,white pantyhose,white hair,golden eyes,the wind blows hair,day,strong rim light,white elbow gloves,no shoes,short hair,bob cut,looking down,expressionless,slim legs,broken buildings"
魔导师分享,铃兰小姐提供的铃兰（只有人物，可改视角）,"a girl(close up,loli,Young face shape,flat chest,beautiful detailed eyes,
a girl,drooping fox ears,tan leather shoes,anime face,big forhead,standing,
a girl,low twin braids,nine fox insertion tails,Short hair,springgreen eyes,whier cardigan sweater,
a girl,pale yellow hair,white colored tips,white socks,
a girl,country mediumturquoise dress,frilled mediumturquoise hairband,red ribbon,)"
魔导师分享,我的女神,"papilla,(((black sundress with round neck,white T-shirt bottom))),{best quality}, {{masterpiece}}, {highres}, original, extremely detailed 8K wallpaper, {1girl}, {an extremely delicate and beautiful},foot focus,full body,beach,loli,blunt_bangs,,masterpiece, best quality, dusk, sunset, on the beach, comic, absurdres, wallpaper, girl, loli, nun, absurdly long hair, white hair, low-tied long hair, high ponytail, hair behind ear, red hairband, embarrassed , white eyebrows, heart-shaped pupils, stretch, cape, gothic, barefoot, white thighhighs, white garter straps, lace-trimmed legwear, collar, "
魔导师分享,巨型飞天机械魔鬼鱼,"(((masterpiece))),(((best quality))),((ultra-detailed))((extremely detailed CG)),((8k_wallpaper)),((an extremely delicate and beautiful)),
detailed floating huge mechanical devilfish through the clouds,on the sky,detailed cloud,science fiction,dynamics,sun,"
魔导师分享,白发红瞳猫耳萝莉基础偏幼(包含正反词条)可自加词条,"正((masterpiece)), (((best quality))), ((ultra-detailed)), ((illustration)), ((disheveled hair)),{1girl},(loli),petite,(infant:1.2),white hair,red eyes,(cat ears),(one cat tail),{tail insertion},floating hair,dynamic angle,{{full body:2}},反longbody,lowres, bad anatomy, bad hands, missing fingers, pubic hair,extra digit, fewer digits, cropped, worst quality, low quality,Multiple knees,malformed ,limbs,fused fingers,{poorly drawn hands},missing toes,extra legs,"
魔导师分享,moon·EVE立绘前置,"from above,full body,indoors,masterpiece,highres,Unity Creations,game cg,artbook,intricate detail,"
魔导师分享,捧花少年,"solo,blunt_bangs,long_hair,black_hairblack_eyes,detail fingers,Holding the wedding bouquet with both hands"
魔导师分享,海上背心短发少女(正面tag 建议CFG拉到10),"1girl, solo, looking_at_viewer, smile, short_hair, open_mouth, bangs, blue_eyes, bare_shoulders, jewelry, upper_body, white_hair, earrings, multicolored_hair, choker, virtual_youtuber, tank top,water, off_shoulder, streaked_hair, tattoo, floating_hair,hairband,beautiful detailed sky,beautiful detailed water,Splashing water,sunlight,ray tracing,masterpiece"
魔导师分享,美丽,"hairjob,masterpiece, best quality,masterpiece,best quality,official art,extremely detailed CG unity 8k wallpaper"
魔导师分享,小萝莉,"{best quality}, {{masterpiece}}, {highres}, original, extremely detailed 8K wallpaper, {an extremely delicate and beautiful},,full body,floating sakura,petals floating in the wind,Cherry blossoms,gohei,outdoors,(((solo))),(((young girl))),(bangs),((ahoge)),((long_hair)),((white_hair)),((((aqua_eyes)))),[[looking at viewer]],((smile)),(standing),gloom (expression) depressed,(beautiful detailed eyes),phoenix eye,(Glazed pupils,),((aquagradient eyes)),((chiffon dress)),uwabaki,hairclip,hair ornament,cinematiclighting,(leg ring),((flat_chest)),"
魔导师分享,wow,"(((masterpiece))), (((best quality))), ((ultra-detailed)), (illustration), ((an extremely delicate and beautiful)),dynamic angle,floating, (beautiful detailed eyes), (detailed light),ultrahigh resolution,shy girl,（brown hair/hirblack eye）,a beautiful,（bathroom）,（(A towel around the body）),very delicate water,（mist）,,"
魔导师分享,洛丽塔狐耳少女,"White hair, red eyes, fox ears, black Lolita, expressionless, black high heels,white stockings, foxtail  {best quality}, {{masterpiece}}, {highres}, original, extremely detailed wallpaper, 1girl  {an extremely delicate and beautiful}:"
魔导师分享,可爱爱,"foot focus,Cherry blossoms,tatami,anime screencap,short_hair,cat_ears,red eyes,crying,armpits,hidden hands,jk face leg,skindentation"
魔导师分享,开心的萝莉,"{best quality}, {{masterpiece}}, {highres}, original, extremely detailed 8K wallpaper, {an extremely delicate and beautiful},,full body,floating sakura,petals floating in the wind,Cherry blossoms,gohei,outdoors,(((solo))),(((young girl))),(bangs),((ahoge)),((long_hair)),((white_hair)),((((aqua_eyes)))),[[looking at viewer]],((smile)),(standing),gloom (expression) depressed,(beautiful detailed eyes),phoenix eye,(Glazed pupils,),((aquagradient eyes)),((chiffon dress)),uwabaki,hairclip,hair ornament,cinematiclighting,(leg ring),((flat_chest)),,"
魔导师分享,漫画狙击手,"A resolute boy, a brilliant and delicate giant sword, lilac eyes, light blue long hair, a delicate and perfect face, a silver armor with golden patterns, a robust body, and a dusk sky,,straight-on,simple background,comic,colored pencil (medium) ,mature male,profile,teenage,Little Boy,short_hair,black_hair/black_eyes,facing viewer,standing,hands on hips,slim legs,gloom (expression) depressed,ringed eyes,collared shirt,(denim shorts),boots,glasses,eyepatch,Baseball cap"
魔导师分享,莉亚（oc）,"1girl,shibari,flat_chest,loli,twintails,blonde_hair,blonde_hair/yellow_eyes,ahoge,lab_coat,white shirt,white hair bow,gray skirt,latex glove,knee boots,white stocking,laboratory,"
魔导师分享,韵,"white_hair,red_eyes,teenage,Conceptual art of futuristic yin-yang swordsmen,,sitting on chair,knife and sword,Red Moon, Crazy, Grey Coat, Night View"
魔导师分享,furry,"looking up,no pupils,empty eyes,drooling,messy_hair,open  mouth,,glowing eyes,(half-closed eyes,),(expressionless),open  mouth,Bare thigh,drooling,big ass,pigeon-toed,looking up,all fours,antlers,tongue out,seductive smile ,kemomimi,lilac_hair/lilac_eyes,Large area of cyan Pick dyeing,fox_ears,gradient hair,ahoge,tongue,2girls,,{{{small city}}},{{{giantess}}},{{{giga size}}},minimap,(((tall))),furry,"
魔导师分享,吸血姬,"{{masterpiece}}{{best quality}},1girl,petite,Depth of field,lens flare,extremely detailed,8k wallpaper,Amazing,beautiful detailed eyes,finely detail,score:>=10,Water, ocean, crystal, water droplets,"
魔导师分享,凯尔希,"arknights,
masterpiece,
best quality,
official art,
extremely detailed CG unity 8k wallpaper,
{{{kaltsit (arknights)}}},
light green white hair,
empty eyes,
expressionless,
bare_shoulders, 
detached_sleeves, 
flat_chest,
mature female,
 {backless dress},
medium hair, 
light green eyes,
cat ears,
highres,"
魔导师分享,城市风景,"((Bustling city)),(blue sky with clouds),highres,masterpiece,((Unity Creations)),high contrast,(Aestheticism Painting),detailed manga illustration,((pixiv id)),illustration,(solo),hand in own hair,high saturation"
魔导师分享,小泉友希（根据自己写的小说描绘的角色）,"single ponytail, smooth neck, delicate body  with poetic beauty, {an extremely delicate and beautiful girl}, cg 8k wallpaper,Red satin ribbon, masterpiece, smile expression,cute, , japan, red glasses，school uniform"
魔导师分享,满洲里第一,"pov,first-person view,upper body,cropped torso upper body,chibi,bishoujo,single sidelock,asymmetrical bangs,pink_eyes,pink hair,short_hair,barefoot,serious,fingersmile,expressionless,phoenix eye,white ankle socks,summer dress,sandals,flat_chest,"
魔导师分享,绝对不会崩的白毛红瞳美少女,"sliver hair,blue eyes,in the house,lowres, bad anatomy, bad hands,masterpiece, best quality, "
魔导师分享,白毛,"straight-on,portrait,on bed,anime screencap,photo (medium) ,Perfect female body,yuri,ahoge,fox_ears,bunny_ears,white_hair,eye contact,kneeling&setting on floot,"
魔导师分享,Philip,"bangs,ahoge,side_ponytail,short_hair,pink_eyes,pink_hair,chibi,straight-on,simple background,grin,eye contact,robot girl,"
魔导师分享,#白色猫娘,"召唤 (extremely detailed CG unity 8k wallpaper),(((masterpiece))), (((best quality))), ((ultra-detailed)), (best illustration),(best shadow), ((an extremely delicate and beautiful)),dynamic angle,{{{Animation}}},crayon painting,{cute},1girl,white hair,heterochmatic,red eyes and yellow eyes,cat ears,{{{wide white outlines}}},{cute},Normal human body structure,full body,Cherry blossom background,spring,angle,"
魔导师分享,gjk,"masterpiece,best quality,official art,extremely detailed CG unity 8k wallpaper,artbook,crossdressing,3boys,idol,white hair,grey hair,blonde hair,dusk,sunset,sea,lowres, bad anatomy, bad hands, text, error, missing fingers, extra digit, fewer digits, cropped, worst quality, low quality, normal quality, jpeg artifacts, signature, watermark, username, blurry, bad feet"
魔导师分享,头像,"curly_hair,ahoge,blonde hair,short hairjeans,evil smileevil grin,blonde_hair/blue_eyes,own hands clasped,knees together feet apart,standing,jeans,casual wear,white ankle socks,lace-up boots,necklace,"
魔导师分享,粉毛jk,"long_hair,pink_hair,legs up,blush,beautiful detailed eyes,serafuku,white pantyhose,art room,cute"
魔导师分享,我对我的数学老师有x幻想,"masterpiece, best quality, {best quality}, {masterpiece}, {highers}, original, absurdres, {an extremely delicate and.png, beautiful anime woman, beautiful detailed face, long_flaxen_hair, detailed azure_eyes, white_shirt, short skirt, pantyhose, high_heels, standing, perfect female body, classroom background, lighting,}, solo, "
魔导师分享,白色猫娘,"{{{extremely detailed CG unity 8k wallpaper}}}, best quality, ((ultra-detailed)), (best illustration),(best shadow), ((an extremely delicate and beautiful)),dynamic angle,{{{Animation}}},crayon painting,1girl,white hair,heterochmatic,red eyes and yellow eyes,cat ears,{{{wide white outlines}}},{cute},full body,Cherry blossom background,spring,angle,Wonderland, Kimono,Shinto shrine,"
魔导师分享,萝莉,"fishnet pantyhose,curly_hair,ahoge,blonde hair,short hairjeans,evil smileevil grin,blonde_hair/blue_eyes,own hands clasped,knees together feet apart,standing,jeans,casual wear,white ankle socks,lace-up boots,necklace,,"
魔导师分享,黑魔导女孩,"masterpiece,best quality,official art,extremely detailed CG unity 8k wallpaper，yu gi oh（Dark Magician girl）"
魔导师分享,金系魔法（自创）,"8k Wallpaper,grand masterpiece,highres,best quality,(ultra-detailed), illustration,an extremely delicate and beautiful,Delicate light,(((1boy)))，short hair,float hair，bangs，Platinum blonde hair，((((golden eyes)))),delicate eyes，(Majesty),Steady,looking at viewers，(Expressionless)，(sharp)，(scorn)，walking，Long sleeves,Light clothes,float clothes,Clothes made of metal,argent trees and leaves made of silver,Silver lake,Flowing metal，Liquid metal，close up
"
魔导师分享,可能是芙蓉,"long hair,parted bangs,purple_hair/purple_eyes,smile,seductive smile ,looking to the side,looking away,standing,hand in own hair,shushing,anklet,legs apart,between legs,Bare thigh,beautiful detailed eyes,black skirt dress, flower pattern in dress,black gown,Witch dress,Witch dress,strapless tank top, navel cutout,thighhighs,legwear,High heeled evening shoes,"
魔导师分享,黑发绿眼的团子头双马尾古风少女,"black hair，green eyes，from side,{best quality}, {{masterpiece}}, {highres}, original, extremely detailed 8K wallpaper, 1girl, {an extremely delicate and beautiful},,ray tracing,{best quality}, {{masterpiece}}, {highres}, original, extremely detailed 8K wallpaper, {an extremely delicate and beautiful},,incredibly_absurdres,colorful,intricate detail,artbook,,raindrop,low twintails,double_bun,beautiful detailed eyes,Cyan eyes,Glazed pupils,,Han Chinese Clothing,cinematic lighting, volume lighting, bloom effect, light particles,Chinese style,glowing eyes,"
魔导师分享,蓝发👸,"a woman with long blue hair and a white dress is standing in front of a white background with a blue tail, by Hanabusa Itchō,straight-on,portrait,dynamic angle ,Bustling city,anime screencap,princess,high ponytail,(smile),white_hair/blue_ey,summer long skirt,white pantyhose,ankle boots,elbow_gloves,scarf,hair stick,necklace,detail fingers,"
魔导师分享,钟离娘化,"((zhongli genshin impect)),brown hair, orange eyeshadow,  leather shoes,golden eyes, beautiful eyes,semi-rimless eyewear, white bloomers, shy, ,"
魔导师分享,战斗女仆,"cityscape,ruins, ukiyo-e,knife and sword,side_ponytail,blonde_hair/yellow_eyes,looking away,beautiful detailed eyes,expressionless,loli,Samurai Sword,leg ring,Tactical gloves,Maid dress,cinematiclighting,"
魔导师分享,冰霜法师,"
masterpiece, best quality, extremely detailed cg, {clear lines:1.2}, colorful, {solo:1.2}, {full body:1.2},

long hair, hair between eyes, beautiful detailed eyes, looking at camera,

medium chest, cleavage, crystal in the chest, long lace sleeves, expressive clothes, complex decoration,

{ice and snow}, empress, gorgeous sky, intricate magic, wind lift,
"
魔导师分享,钟离,"((zhongli genshin impect)),brown hair, orange eyeshadow,  leather shoes,golden eyes, beautiful eyes,semi-rimless eyewear, white bloomers, shy, ,,"
魔导师分享,白色猫娘,"{{{extremely detailed CG unity 8k wallpaper}}}, best quality, ((ultra-detailed)), (best illustration),(best shadow), ((an extremely delicate and beautiful)),dynamic angle,{{{Animation}}},crayon painting,{{{1girl,white hair,heterochmatic,red eyes and yellow eyes,cat ears}}},{{{wide white outlines}}},{cute},full body,Cherry blossom background,spring,angle,Wonderland, 
Shinto shrine,Cherry Blossoms"
魔导师分享,在床上哭泣的白毛红瞳萝莉/少女,"品质:0,masterpiece,best quality,
场景:0,indoor,morning,on bed,bed room,big window,beautiful sky,
人物:0,1little beautiful detailed girl,loli,cute,Fine hair texture,cute face,
外貌:0,long body :1.3,skin whitish,water on body,((flat chest)),cleavage,(hollow ass,butt crack),thin:1.2,minigirl,ultra detailed long silver hair:2,ultra detailed colorful dark red eyes:2,ultra detailed tongue:1,(ribs,collarbone,skeleton,skin dentation)),
动作:0,(((pillow hug))),(((hand in own hair)))_right hand,(hair twirling)_left hand,
衣装:0,micro,((finely detail wet clothes)),(taut),see-through silhouette,pleated,organdie,detached sleeves,(see-through long shirt),((pants,bandaid,anklet,
表情:0,((hysterical)),tears,(crying),((open_mouth)),tearing up,trembling,((streaming tears)),Fidgeting,tear,wiping tears,teary-eyed,cower,flying sweatdrops,
位置:0,fetal_position,
视角:0,dramatic angle,hip focus,
场景特效:0,Tyndall effect,beautiful detailed sky:0.2,"
魔导师分享,夕阳下的水手,"Happy,collarbone,neck,looking at viewer,looking afar,sunset,Beret,neckerchiefsailor,Cinematic Lighting"
魔导师分享,社保粉发萝莉,"very_long_hair,first-person view,lying on back,messy_hair,long_hair,orgasm,infant,twintails,pink hair,crop top,white_thighhighs,"
魔导师分享,国家队02(非常稳定)by成卓,"((masterpiece)), (((best quality))), ((ultra-detailed)), ((illustration)), ((disheveled hair)), ((frills)), (1 girl), (solo), masterpiece,best quality,highly detailed((zero two (darling in the franxx)	02)), 1girl,solo, pink hair,long hair	,buttons	, aqua eyes, green eyes, eyebrows, visible through hair,necktie,bangs,long sleeves, dress,straight hair, very long hair, necktie,shiny hair,shiny,hair ornament, (red eyeshadow), smile"
魔导师分享,短发初音{自用},"miku,medium_chest,princess_dress,colourful_stages,crown,masterpiece,full_body,extremely_detailed_CG_unity_8k_wallpaper,solo,1girl,lights,flower in air,happy,arm behind back,shiny hair,multicolored hair,best quality,sports bra,miniskirt"
魔导师分享,铃音,"wallpaper, 1girl, full body, extremely detailed cg unity 8k wallpaper, artbook, long hair, side ponytail, ahoge, blonde hair, black silk stocking, skirt, garreg mach monastery uniform, thighhighs, solo, soldier, heterochromia, best quality, masterpiece, illustration, swept bangs,yellow eyes , purple eyes, serious, original, absurdres, official art, tachi-e, straight-on"
魔导师分享,克苏鲁(喜  by：Caesar,"monster,octopus,dark,horror (theme),buran buta，masterpiece, best quality, masterpiece,best quality,official art,extremely detailed CG unity 8k wallpaper, "
魔导师分享,红发挑染少女未来都市,"The most(masterpiece),(best?quality),CG,Game Illustration,Post-punk electric shock,electrocardiography,Core charge Strange radio waves,wimp girl,long hair,((black hair outside with onside light red highlights)),messy_hair,amber light-red eyes,Tang cross blade, armor skirt,chinese,Signal light,wasteland cyber city,despair with will,neon warning,Above the Arasaka tower,Cyborg"
魔导师分享,深海栖舰（大概率）,"female abyssal admiral (kancolle), bloodstain,wind coat,armor，dress,white_thighhighs,gloves ,cross necklace,ruins,naval cap,{expressionless}black_skirt,blush,,colored_skin,glowing,glowing_eyes,long_hair,,white_hair,white_skin,yellow_eyes{best quality}, {{masterpiece}}, {highres}, original, extremely detailed 8K wallpaper, 1girl, {an extremely delicate and beautiful},,
"
魔导师分享,深海栖舰,"female abyssal admiral (kancolle), black_skirt,blush,,colored_skin,glowing,glowing_eyes,long_hair,,white_hair,white_skin,yellow_eyes{best quality}, {{masterpiece}}, {highres}, original, extremely detailed 8K wallpaper, 1girl, {an extremely delicate and beautiful},,
"
魔导师分享,气质姣好的华夏古风美人,"female focus,ray tracing,{best quality}, {{masterpiece}}, {highres}, original, extremely detailed 8K wallpaper, {an extremely delicate and beautiful},,incredibly_absurdres,colorful,intricate detail,artbook,,east asian architecture,chinese style architecture,Chinese style,neat figure,slender waist,black_hair/black_eyes,seductive smile ,smile,hair bun,bangs,long_hair,white_hair,red_eyes,knife and sword,teenage,{{ Hi-Q(high quality) }},{{detailed Ancient Chinese style building}},{{detailed Ancient Chinese style clothes}},{hanfu},{ink and wash painting},delicate eyes{masterpiece},best quality,amazing,cinematic angle,solo,no modern buildings,midnight,1girl,solo,very long hair,detialed beautiful eyes,detialed clothes, red ribbon,,melting,abstract,splash,hyper detailed ,messy hair,  backlighting , sand, water,black background, dust clodust,water splash,long sleeves , splash,oversized clothes,(((Ink painting style))),(((Chinese Brush Painting))),handsome, white Ribbon,     hair glows,  hands hide, knotted headdress, "
魔导师分享,试复工后发给,"lowres, bad anatomy, bad hands, text, error, missing fingers, extra digit, fewer digits, cropped, worst quality, low quality, normal quality, jpeg artifacts, signature, watermark, username, blurry, bad feet,"
魔导师分享,站在木桥上的,"masterpiece, best quality, masterpiece,best quality,official art,extremely detailed CG unity 8k wallpaper, {arms up, armpits}, {arms behind head}, {beautiful detailed eyes}, All over, all over, all over},{full body photo},original,shy,{light blue eyes},{standing},{pleated skirt (minidress)},Hair accessories,Hair band,Blue skies,masterpiece,Blue light quality,Front photo (full body),Blush,brown_hair,Long hair,Swept bangs,Ahoge,Hair over shoulder,Two side up,looking at viewer,collarbone,neck,Standing,t-shirt,sneakers,wooden bridge,afternoon,in summer,Autostereoscopy,Tyndall effect,Beautiful Lighting,detailed and intricate,official art,wallpaper,artbook,huge_filesize ,colorful,style of cygames"
魔导师分享,金发美少女 by慕斯,"(((masterpiece))),high resolution,((high quality)),HQ,1girl,((extremely detailed)),CG,unity,8k,wallpaper​,solo,(full body),mature,standing,blonde,long hair,(((eyeliner))),tiara,((white frilly black short petticoat)),thigh strap,lace trim black elbow gloves,knee boots,medium boobs,cowboy shot,black corset,((extremely detailed hand))"
魔导师分享,涩,"[[[[[lowres, bad anatomy, bad hands, text, error, missing fingers, extra digit, fewer digits, cropped, worst quality, low quality, normal quality, jpeg artifacts, signature, watermark, username, blurry, bad feet]]]]],"
魔导师分享,白发美女,"anime character,A girl with white hair and bule eyes,starry sky,choker,beautiful detailed eyes,look at viewer,sweater,seaside,Nightscape,A girl with two ponytails,sea,Mountains in the distance,Expressionless,"
魔导师分享,美人,"{best quality}, {{masterpiece}}, {highres}, original, extremely detailed 8K wallpaper, 1girl, {an extremely delicate and beautiful},This is a cartoon style picture,In the garden under the setting sun sat a blonde young girl, holding a flower and light smile,hair flower,sleeveless,horizontal pupils,symbol-shaped pupils,green eyes,gradient background,depth of field,sitting,cinematic lighting, volume lighting, bloom effect, light particles,long hair,ahoge,,"
魔导师分享,绝美的电流和女孩,"{{{masterpiece}}},{{{best quality}}},{{ultra-detailed}},{illustration},{{an extremely delicate and beautiful}},dynamic angle,{beautiful detailed eyes},{detailed light},{1girl},{capelet},{{{detached collar}}},cinematiclighting,depthoffield,ray tracing,reflection light,masterpiece,chromatic aberration,electricity,expressions,portrait,"
魔导师分享,白发红瞳黑丝美少女,"1girl,beautiful detailed eyes,((masterpiece)),((illustration)),finely detailed, depth of field,silme and crying, {best quality},male focus, extremely detailed CG wallpaper,extremely detailed figure,{full body},floating hair, dynamic angle ,,detailed face,red eyes, white hair, ,very long hair, Sylph,half updo,,drill_hair,beautiful detailed sky ,\(symbol\),((full moon)),Beautiful little stars,polka dot, pleated skirt,detailed clothes,ocean,beautiful detailed sky, black stockings
"
魔导师分享,原神缝合（优菈的头，甘雨的黑丝……一切皆有可能）,"(genshin_impact)，{best quality}, {{masterpiece}}, {highres}, original, extremely detailed wallpaper, 1girl, beautiful detailed eyes ,{best quality},official art,{photorealistic}, {painting}, {realistic}, {sketch}, {oil painting}"
魔导师分享,图书馆内的白发蓝颜少年（手可能崩）,"((masterpiece)),((( best quality))),(( ultra-detailed)),collared shirt,white hair,short hair,blue eyes,shy,bust,1boy,library,precise geometry,pixiv id,(((illustration))),(((artbook)))"
魔导师分享,未来福瑞（28，6.5，DPM2）,"{{{masterpiece}}}, {{{best quality}}}, {in the cyberpunk city}, moon, stars, {science_fiction}, artbook, {{{shota}}}, {furry}, short hair, {light blue hair}, heterochromia , parted bangs, light smile, half-closed eyes, {aqua eyes}, sailor collar, blue thighhighs, shoes , headphones, backpack, {{squatting}}, arms behind head, "
魔导师分享,猫娘,"(((best quality))), (((ultra detailed))), (((masterpiece))), illustration,""
1girl, cat ears, cat tail, white dress, blush, shy, looking away, standing, outdoor scene"
魔导师分享,绝美的电流和女孩,"{{{masterpiece}}},{{{best quality}}},{{ultra-detailed}},{illustration},{{an extremely delicate and beautiful}},dynamic angle,{beautiful detailed eyes},{detailed light},{1girl},{capelet},{{{detached collar}}},cinematiclighting,depthoffield,ray tracing,reflection light,masterpiece,chromatic aberration,electricity,expressions,portrait,full body,"
魔导师分享,图书馆里的白发蓝眼少年（50步左右）,"((masterpiece)),((( best quality))),(( ultra-detailed)),collared shirt,white hair,short hair,blue eyes,bust,1boy,library,precise geometry,pixiv id,(((illustration))),(((artbook))),"
魔导师分享,黑发绿眼,"masterpiece, best quality, official art, extremely detailed cg unity 8k wallpaper, (plan view),((top view)),(((full body))),(lie on the bed),(pleated white bedsheet background) 1girl, bishoujo, neat figure, beautiful face, slender waist, perfect female body, ponytail, black hair, green eyes, beautiful detailed eyes, looking down, smile, school uniform, plaid skirt, garter straps garter belt, flat chest, ribbon, hair ribbon, hair ornament, hair bow, hairband, hair flower"
魔导师分享,塞蕾丝缇雅低配版,"drill_hair,blunt_bangs,payot,black_hair,red_eyes,smile,lolita gothic,black pantyhose,strappy heels,maid headdress,Bell earrings,tsurime,gothic architecture,shushing,"
魔导师分享,琴,"ponytail, shawl, belt, black leather gloves, white sleeves, white trousers, white boots, blonde hair, purple eyes, genshin impact,"
魔导师分享,中世纪白发萝莉2，由chatGPT翻译查重后提权,"((cute girl), (loli), (petite), (fair skin), (warm white flowing hair), (amber-colored eyes), (cute and soft), ((cute), (petite), (fair skin), (white flowing hair), (amber eyes)), (loli), (embrace), (palace window), (medieval-style architecture), (castle), (sunlight), (flowing hair and clothes), (fair skin))"
魔导师分享,中世纪白发萝莉，由chatGPT代写标签,"((cute girl), (loli), (petite), (fair skin), (warm white flowing hair), (amber-colored eyes), (cute and soft)), ((find part-time work), (provide services), (receive living allowances under the social security system), (continue learning and cultivating new skills), (seek new opportunities), (seek help from family, friends, or social organizations), (overcome difficulties through effort and perseverance))"
魔导师分享,桃仙,"(best illumination, best shadow, an extremely delicate and beautiful), 8k wallpaper,(classic, illustration, painting,  sketch), original,
Chinese style,
((1 Cheinese girl)),(solo),
( perfect body,perfect hands and fingers,[:(holding a branche:1.3):0.6], [:bare thigh:0.5], [:[Embroidered shoes|barefoot]:0.4]),
((a cute and anime face:1.2), ([:detailed pink eyes:0.4])),/
(hanfu,(white, pattern, clouds),floating ribbons),
(super long light pink hair,floating hair, blossoms on head),
(Ten miles of peach blossoms,(Peach forest),bright moon),
(Chinese architectures),attic,"
魔导师分享,东方修仙者（升级版）,"The girl's golden eyes are sharp and piercing, exuding a sense of intelligence and determination. The translucent quality of her skin adds to the sense of her being a spiritual being, as if she is able to see and understand things beyond the mortal realm. The powerful aura radiating from her adds to the sense of her being a formidable cultivator, capable of great feats.The girl's hanfu is adorned with intricate patterns and designs, evoking a sense of cultural history and tradition. The flowing silks and delicate fabrics of the garment add to the sense of elegance and refinement. The fairy sword she wields is a work of art in itself, with a beautiful and intricate design."
魔导师分享,东方修仙者,"The painting depicts a 12-year-old girl with flowing white hair and piercing golden eyes. She exudes a sense of determination and resolve, with a firm gaze and a dynamic pose. The girl is dressed in a breathtaking hanfu, evoking an ancient Chinese aesthetic. The intricate patterns and flowing silks of the garment add to the sense of richness and luxury."
魔导师分享,血夜下的白毛吸血鬼，质量并不高,"loli girl moon night light lake glass,ray tracing,{best quality}, {{masterpiece}}, {highres}, original, extremely detailed 8K wallpaper, {an extremely delicate and beautiful},,incredibly_absurdres,colorful,intricate detail,artbook,,red moon,highres,solo,vampire,ahoge,very_long_hair,white_hair,red_eyes,smile,fangs,standing,pointy ears,beautiful detailed eyes,bright pupils,white pantyhose,high heels,lace-trimmed_gloves,batwing,necklace,{{{masterpiece}}},{extremely detailed CG unity 8k wallpaper},best quality,Amazing,finely detail,solo,cinematic lighting,close-up,{{floating hair}},{{Sakura}},outdoors,sky,{{wind}},detailed background,beautiful detailed eyes,,bright pupils,{{full body}}, dynamic pose,dynamic angle,looking at viewer,detailed clothes,,depthoffield,masterpiece,lolita fasion,ruins,expressionless,"
魔导师分享,给AI指定了群星 灰风 （希望别人补全）,"stellaris, Gray Goo, anthropomorphic, 1girl, white thighhighs, white hair, china dress(black), black gloves,black shoes,Gold hem,Blue pupil,"
魔导师分享,原神：琴,"ponytail, shawl, belt, black leather gloves, white sleeves, white trousers, white boots, blonde hair, blue eyes,  genshin impact, blowing,  (((masterpiece))),(((best quality))),((ultra-detailed))((extremely detailed CG)),((8k_wallpaper))((an extremely delicate and beautiful)),dynamic angle,floating, (beautiful detailed eyes),an extremely delicate and beautiful girl"
魔导师分享,机械少女,"1girl,solo,speech bubble,english text,rough sketch,simple background, white background,red eyes, {beautiful detailed loli},short hair,virgin,naughty face,masterpiece,highres,intricate detail,full body,lolita fashion,, ((masterpiece)), (((best quality))), ((ultra-detailed)), ((illustration)), (cute detailed face:1.25),1girl, robotic upper_body, robotic bodysuit, blue mechanical heart, dynamic hair, black hair,{horrified},{solo},{{{loli}}},{petite},{child},dramatic shadows,floating hair,handled hair, large masterpiece digital art, detailed manga illustration, finely detailed,HIGH RES,Stunning art,{{intricate detail}}, {{highly detailed skin}}, {full body},(((beautiful detailed lighting))),beautiful detailed eyes,{{{{{watercolor_(medium)}}}}}, {{cyberpunk}}, vary blue and red and orange and pink hard light,(in the Sci-fi City at night), dynamic fuzziness, beautiful and aesthetic, intricate light, detailed clothes,detailed eyes, red lips, rouge,((disheveled hair))
"
魔导师分享,稳定生成一个二次元上半身,"Cinematic Lighting,colored pencil (medium),style of bang dream!,out-of-frame censoring,game cg,artbook,absurdres,upper body,anime coloring"
魔导师分享,多々良 小傘~Tatara kogasa,"Tatara kogasa, masterpiece, best quality, official art, extremely detailed CG unity 8k wallpaper, 1girl, ((right :1.0) red eyes:1.0), ((left :1.0) blue eyes:1.0), solo, heterochromia, Reginald Marsh, Art Brenner, Frans van Mieris the Younger"
魔导师分享,血腥地雷系女仆战斗漫分镜,"((masterpiece)), (((best quality))), ((ultra-detailed)), ((illustration)), ((disheveled hair)),2girl, 3 storyboards,fighting against eachother, full body,dangerous smell,crazy face,maid, full suit,gloomy, delirious, hyperactive,unhealthy,syringe,weapon,blood,"
魔导师分享,魔理沙,"(((long_hair))),((blonde_hair/yellow_eyes)),dynamic pose,(((white_thighhighs))),((((no shoe)))),(sleeves),(((((wizard hat))))),((full body)),(((library))),((((slim waist)))),(((((slim legs))))),solo,[petite],(sideways glance),(smile),((Maid dress)),neat figure,witch,flat_chest,(((apron))),(((walk))),masterpiece"
魔导师分享,御坂美琴,"beautiful,masterpiece,best quality,masterpiece,best quality,happy,elegant,full dress,more details,long dress,colours,masterpiece, best quality, ultra-detailed,illustration,extremely detailed cg,highly detailed,painting,masterpiece, best_quality,masterpiece, best quality, [[[[[[[[[[3d]]]]]]]]] ,[[[slim waist]]],slender,beauty,mediam s,full body,long skirt,large masterpiece digital art, detailed manga illustration, finely detailed,high res,stunning art, blush,masterpiece, best quality, ultra-detailed,illustration,extremely detailed cg,highly detailed,painting,masterpiece, best_quality,best quality,flower,girl,colorful,very long skirt,full body,earrings, shiny clothes,makeup,flowers,laughing,off the shoulder,white sleeves,gloves,necklace,frilled long skirt,y lip,long dress,masterpiece, best quality, master piece, best quality, misaka mikoto,brown hair,short hair, kimono, flush face,full body,beautiful long japanese wedding dress,happyface,shiny skin, reading a book,lying on the table,yellow dress"
魔导师分享,白发+时钟+魔法+少女,"1girl ,{Background (In a huge clock)}, {Deep black blue eyestwinkling with the stars}, {Beautiful lolita}，(beautiful detailed eyes)，long_ hair，{loli},{{{clock style magic array}}},With magic feathers floating around，{masterpiece}, {(best quality)},{high-quality},{{magic clock dial}}, {darker light}, {flat chest}, {warm tone},silver_hair,magic_circle, ,{Animation style}, {{The silver whirlwind revolving around the characters}}"
魔导师分享,白毛洛丽塔无敏感词,"white_long_hair,gothic_lolita,seductive smile,heavy breathing,falling flowers,open_mouth,pillow,((thin legs)),(spread legs)),(heart_shape_pupil),((lying)),(buttocks bleeding),(((two hands))),(((two legs))),(mutated hands and fingers:1.5 ), (long body :1.3),(best quality),Amazing,beautiful detailed eyes,finely detail,Depth of field,extremely detailed CG,beautiful detailed eyes,1girl,finely detail,cameltoe, fingers,intricate detail,(an extremely delicate and beautiful girl),finely detail,highly detailed,detailed clothes, detailed face, detailed eyes,detailed background,detailed skin,cinematic lighting, volume lighting, bloom effect, light particles"
魔导师分享,无敏感词白发红瞳吸血鬼,"two legs,two hands,open_mouth,blood on bed,blood on bed,(virgin),((cute face)),(((lying))),hair_bow,white hair,long hair,red eyes,masterpiece,best quality,bat wing,beautiful detailed eyes,((detailed fingers)),heart-shaped pupils,hand_to_mouth,full_body,falling flowers,vampire"
魔导师分享,开心,"1girl ,{Background (In a huge clock)}, {Deep black blue eyestwinkling with the stars}, {Beautiful lolita}，(beautiful detailed eyes)，long_ hair，{loli},{{{clock style magic array}}},With magic feathers floating around，{masterpiece}, {(best quality)},{high-quality},{{magic clock dial}}, {darker light}, {flat chest}, {warm tone},silver_hair,magic_circle, ,{Animation style}, {{The silver whirlwind revolving around the characters}},"
魔导师分享,如果是黑色的长袍就好了，出图后，脚有问题,"ray tracing,{best quality}, {{masterpiece}}, {highres}, original, extremely detailed 8K wallpaper, {an extremely delicate and beautiful},,incredibly_absurdres,colorful,intricate detail,artbook,,full body,coffee house,bishoujo,slender waist,solo,long_hair,messy_hair,bangs,black_hair/black_eyes,black hair,standing,arms crossed,expressionless,one eye closed,robe,necklace,flat_chest"
魔导师分享,棕髮戰士蘿莉,"{1girl} {{{masterpiece,cg ,whole body,armor,shoulder length hair, short hair,4k,beautiful detailed eyes,beautiful finger,Masquerade,armor}}}, sister ,deep brown hair,deep red eyes,boots ,long gloves, black and  red dress,redcloak,loli,warrior,handguard,Gauntlets,petite,jumbo sword,knight,asymmetrical bangs,flat_chest"
魔导师分享,灰发护士,"(masterpiece),(spreading legs), (best quality),(highly detailed),(hand_to_mouth),wavy_hair,bishoujo,grey_hair,grey_eyes,bent over,(seductive smile),(open_mouth),nurse,nurse,slim waist,Bare thigh,white_thighhighs,detailed fingers,azur lane,((bare shoulders)),((first-person view)),motion blur,sheath dress,outstretched hand,long_hair"
魔导师分享,可爱贴贴," two girl,(masterpiece),long hair,pleated skirt,siscon,underage,((loli)),sunlight,sitting，outdoor，cute，Light smile,Naughty face,ice_cream,cherry blossoms,school bag,sunny，Blush stickers"
魔导师分享,白毛狙击手,"(best quality), ((masterpiece)), (highres), extremely detailed wallpaper, beautiful detailed eyes, CG, blue eyes, white hair, long hair, finely detail, (Depth of field), latex,Holding a sniper rifle,Sniper gun aiming"
魔导师分享,大姐姐,"masterpiece, oil painting (medium) , best quality, best quality, Amazing, beautiful detailed eyes, finely detail, Depth of field, masterpiece, 1girl, mature female, black hair, blush, drop shadow, pointy ears, light particles,"
魔导师分享,niji journey版通用高画质,"ray tracing,best quality, masterpiece, highres, original, extremely detailed 8K wallpaper, an extremely delicate and beautiful,colorful,intricate detail"
魔导师分享,赛博朋克风少女,"(((((((llustration ))))))),((((((masterpiece)))))),cinematiclighting,bloom,ray tracing,1girl,Rainbow hair,(((colorful))),float hair,  1girl,(white gradation hair),light pinklong hair,detailed cyberpunk city background,night,neon light,female focus on,mechanical arm, ((Masterpiece,best quality, beautifully painted,highly detailed)),blue eyes,intense angle,dramatic angle,dramatic  pose,  (hologram), ((circuitry)), ((translucent)), chromatic aberration"
魔导师分享,海边,"blue sky with clouds,swimsuit,flat_chest,smile,ponytail,standing,no shoes,beach background,brown_hair/brown_eyes,beach,slim legs,"
魔导师分享,萝莉,"Long black hair, melon seed face, handsome girl, belly button, [shirt, short skirt, high underwear, long legs, medium socks, girl leather shoes, golden ratio], (standing: 1.2), large chest, dynamic chest, dynamic hair, extreme light and shadow, from bottom to top, (open button: 1.15), (dance body: 1.2), (reveal lower chest: 1.2), plump body,"
魔导师分享,DJGun,"(((((long_hair))))),(((sidelocks))),(((((blonde_hair/yellow_eyes))))),((sideways glance)),((((walk)))),(((hidden hands))),((((slim legs)))),((light smile)),(((white stocking))),((((no shoes)))),(((sleeves))),(((flat_chest))),((((full body)))),(((solo))),((petite)),[flat shading],((((Maid dress)))),(((cat_ears))),flat color,(indoors),"
魔导师分享,高冷雙子,"full body,on bed,floating white feathers,gijinka,twins,pointy_ears,medium hair,aqua_eyes,blonde_hair,silver_hair/cyan_eyes,white_hair/blonde_eyes,eye contact,parted lips,gill support,groping,"
魔导师分享,放烟花的巫女,"summer long skirt,light smile,long_hair,red_eyes,masterpiece,highres,extremely detailed CG unity 8k wallpaper,Tenebrism,,Miko clothing,Clear picture,best quality, masterpiece, highres, original, 1girl, extremely detailed 8K wallpaper, an extremely delicate and beautiful, (summer_festival), fireworks, cinematic lighting, depth of field,"
魔导师分享,和服美少女,"1girl,solo focus,smile,brown hair,hair ornament,twintails,bangs,yellow eyes,closed mouth,bare shoulders, back,floral print,japanese clothes, purple kimono,sash,obi,short kimono,holding sword, katana,thighhighs, thigh boots, high heels, outdoors,looking at viewer, looking back, masterpiece,8k_wallpaper,best quality,original,illustration"
魔导师分享,冰糖雪梨(女),"girl, water, white sugar, fructose syrup, pear juice concentrate, rock sugar, edible salt, citric acid, sodium carboxymethylcellulose, citric acid, sodium d-isoascorbate, food flavor"
魔导师分享,萝莉,"sacred,holy,{best quality}, {{masterpiece}}, {highres}, original,blonde hair, 1girl,extremely detailed wallpaper,{shirt}, oversized black shirt,messy hair,long hair, expressionless,{photorealistic}, {painting}, {realistic}, {oil painting},lying on back,,"
魔导师分享,开学,"{best quality}, {{masterpiece}}, {highres}, original, extremely detailed wallpaper, 1girl, beautiful detailed eyes ,{{a beautiful hairpin}},{best quality},official art,blue eyes,pantyhose,{photorealistic}, {painting}, {realistic}, {sketch}, {oil painting},,"
魔导师分享,幼女起手式（用了chilloutmix和lora）,"正面Tag：<lora:japaneseDollLikeness_v10:0.1>, <lora:koreanDollLikeness_v10:0.3>, 
(RAW photo, best quality), (realistic, photo-realistic:1.2), a close up portrait photo, (high detailed skin:0.8),
(1 girl, loli, solo, petite, Age: 9, height:120 ) age regression, aged down, 
负面Tag：EasyNegative, paintings, sketches, (worst quality:2), (low quality:2), (normal quality:2), lowres, normal quality, ((monochrome)), ((grayscale)), skin spots, acnes, skin blemishes, age spot, glans, extra fingers,fewer fingers, ((watermark:2)), ((white letters: 1)), ((pubic hair)), (aged up, mature female), mature, "
魔导师分享,白毛红瞳少女回头对你笑,"messy_hair,short_hair,white_hair,red_eyes,seductive smile,looking at viewer,beautiful detailed eyes,beautiful detailed eyes,hair over one eye,{best quality}, {{masterpiece}}, {highres}, original, extremely detailed 8K wallpaper, 1girl, {an extremely delicate and beautiful},,ray tracing,{best quality}, {{masterpiece}}, {highres}, original, extremely detailed 8K wallpaper, {an extremely delicate and beautiful},,incredibly_absurdres,colorful,intricate detail,artbook,,incredibly_absurdres,constricted pupils,wide-eyed,aquagradient eyes,close mouth，from beside，coat"
魔导师分享,猫娘旗袍（从风上传）,"{best quality}, {{masterpiece}}, {highres}, original, extremely detailed 8K wallpaper, 1girl, ((upper body)),looking at veiwer,{an extremely delicate and beautiful},,(ray tracing),(incredibly_absurdres),(dynamic angle ),temple,detailed background,(long_hair),(cat_ears),(wavy hair),wavy_hair,black hair,(red_eyes),(smirk),fan,bright pupils,glowing eyes,china dress,black stocking,({{{Leg stockings,：Compiled by thin filament lines arranged horizontally}}}，{black stockings}),long gloves,hair ribbon,ribbon,hair flower,hair_flower,Samurai Sword,leg ring,"
魔导师分享,萝莉接吻,"straight-on,full body,Fireworks,starry sky ,2girls,drill_hair,messy_hair,very_long_hair,aqua_eyes,eye contact,French kiss, proper kiss,Light blue hair, three or seven bangs, a girl, smile, sunshine, classical.,"
魔导师分享,黑发星空眼镜娘,"1girl,school uniform,blunt_bangs,petite,masterpiece,cinematiclighting,red_glasses,black eyes,staring,black hair,flat_chest,beautiful detailed eyes,Open mouth indicating flustered,solo,blush,cinematic angle ,starry sky,clusters of stars,arms behind back,solo"
魔导师分享,脑叶公司Benjamin,"flat color, close-up, (black outline), 1boy, closed mouth, light smile, solo, upper body, standing, hand in pocket, (lobotomy corporation), (grey hair:1.4), hair between eyes, pointy hair, (green eyes), gradient eyes, (black glasses:1.2), (red tie), grey shirt, white labcoat"
魔导师分享,绿毛黑丝萝莉,"1girl, bangs, bare_shoulders, black_legwear, blush, crossed_arms, detached_sleeves, dress, gloves, green_hair, hair_between_eyes, hair_ornament, long_hair, long_sleeves, looking_at_viewer, purple_eyes, sitting, solo, thigh_strap, thighhighs"
魔导师分享,绿毛黑丝萝莉,"1girl, bangs, bare_shoulders, black_legwear, blush, crossed_arms, detached_sleeves, dress, gloves, green_hair, hair_between_eyes, hair_ornament, long_hair, long_sleeves, looking_at_viewer, purple_eyes, sitting, solo, thigh_strap, thighhighs,"
魔导师分享,冰糖雪梨配料进行娘化 作者一个俄球删sima,"girl,water, white sugar, fructose syrup, pear juice concentrate, rock sugar, edible salt, citric acid, sodium carboxymethylcellulose, sodium citrate, sodium d-isoascorbate, food flavor"
魔导师分享,白毛三无萝莉,"((close-up)),((((upper body)))),(portrait),{best quality}, {{masterpiece}}, {highres}, original, extremely detailed 8K wallpaper, 1girl, {an extremely delicate and beautiful},,lens 135mm,f1.8,(((outline))),(((white background))),(((ahoge))),((long_hair)),((low twintails)),(((white_hair))),(((silver_eyes))),(((expressionless))),(beautiful_face),(beautiful detailed eyes),((((school uniform)))),((((flat_chest)))),(((straight-on))),"
魔导师分享,低称,"((close-up)),((((upper body)))),(portrait),{best quality}, {{masterpiece}}, {highres}, original, extremely detailed 8K wallpaper, 1girl, {an extremely delicate and beautiful},,lens 135mm,f1.8,(((outline))),(((white background))),(((ahoge))),((long_hair)),((low twintails)),(((white_hair))),(((silver_eyes))),(((expressionless))),(beautiful_face),(beautiful detailed eyes),((((school uniform)))),((((flat_chest)))),(((straight-on))),,"
魔导师分享,高级感的女生,"masterpiece,best quality,album cover,mature girl,upper body,night,dark,lying on the bed,long messy and brown hair,((blush)),((closed eyes)),((open mouth)),((screaming)),(saliva),earrings,choker,bust,((sweat)),((short beige shirt with off shoulder)),(midriff),((lace trim)),"
魔导师分享,ol御姐,"full body,ray tracing,{best quality}, {{masterpiece}}, {highres}, original, extremely detailed 8K wallpaper, {an extremely delicate and beautiful},,incredibly_absurdres,colorful,intricate detail,artbook,,{best quality}, {{masterpiece}}, {highres}, original, extremely detailed 8K wallpaper, {an extremely delicate and beautiful},,incredibly_absurdres,cinematic angle ,lovely,classroom,solo,mature female,short_hair,crossed_legs,sheath dress,garter straps garter belt,Clear picture,sitting,stiletto heels,from below,"
魔导师分享,美少女,"straight-on,full body,dynamic angle ,Cherry blossoms,lovely,game cg,comic,bishoujo,angel,Perfect female body,ahoge,short_hair,neat figure,goddess,mature female,goddess,blush,school uniform,uwabaki,hair ribbon,"
魔导师分享,女版空條承太郎,"NV ray tracing,best quality, masterpiece,highres, original, extremely detailed 8K wallpaper,an extremely delicate and beautiful,incredibly_absurdres,colorful,intricate detail,artbook,masterpiece, cowboy shot, ((white bandage on chest:1.13)),(beautiful kujo jotaro girl:1.17),((1girl:1.67)),(medium breasts:0.9),(black coat:1.2),(black cap:1.1),(abdominal muscles:0.93),(golden chain:1.15),(strong arms:0.4),nose,lips,(Black Long Uniform Pants:1.0),rim light,High school uniform,(hand in pocket:1.3), (golden atmosphere:1.08), detailed background,(serious:1.25), fantasy,  tall,jojo no kimyou na bouken <hypernet:sxz-jojo-v1-3000:0.6>--(bad_prompt_version2:0.7), bad-hands-5, (loli), african, cartoon, low quality, close up, old, lowres, text, error, cropped, worst quality, low quality, normal quality, jpeg artifacts, signature, watermark, username, blurry, black and white, monochrome, censored, (out of frame:1.3), ((overexposed)), bad eyes, twisted hands, bad_quality, nsfw, naked, 3d, realistic"
魔导师分享,開心的蘿莉,"miniskirt,lowres, bad anatomy, bad hands, ((text)), (watermark), error, missing fingers, extra digit, fewer digits, cropped, worst quality, low quality, normal quality, ((username)), blurry,  (extra limbs),poorly drawn asymmetric eyes,ray tracing,{best quality}, {{masterpiece}}, {highres}, original, extremely detailed 8K wallpaper, {an extremely delicate and beautiful},,incredibly_absurdres,colorful,intricate detail,artbook,,incredibly_absurdres,anime screencap,detailed manga illustration,extremely detailed CG unity 8k wallpaper,azur lane,slender waist,mature female,Perfect female body,masterpiece,side_ponytail,very_long_hair,colored tips,single braid,hair between eyes,straight hair,beautiful detailed eyes,white_hair,heterochromia golden red,blush,aquagradient eyes,,,"
魔导师分享,哥特萝莉,"cropped legs  ,cinematic angle ,(highres),(realistic),(extremely detailed CG unity 8k wallpaper),(photo (medium) ),solo,short_hair,spread legs,gothic architecture,Dreamy forest,young girl,red eyes,red_hair,gothic_lolita,"
魔导师分享,色色天使,"Masterpiece, ((best quality)), highly detailed, full body, solo, (white_hair), long hair, yellow eyes, petite, angel, halo, angel wings, (((nud))), crying, nipples, torn white stockings, labia, messy hair, holy, lewd, transparent bikini"
魔导师分享,必出萝御,"{{Masterpiece}}, very detailed CG unified 8k wallpaper, very detailed, masterpiece, best quality, gradual change, double ponytail, Young girl, lewd laugh, lace, transparent, a girl, beautiful eyes, ah, nude, breasts, nipples, labia, dripping semen, small breasts, love pupils, played badly，Expressionless, cold expression
"
魔导师分享,高木同學,"(((takagi))),straight-on,on bed,bedroom,official art,anime screencap,masterpiece,highres,Unity Creations,doujinshi doujin cover,illustration,pixiv id,solo,slim waist,light smile,blush,flat_chest,(((forehead))),long_hair,straight hair,orgasm,1 girl,(((big ass))),((school uniform))"
魔导师分享,猫娘（白毛黄瞳黄比基尼）（图多盖洛）,"cat girl,yellow bikini,white hair,yellow eyes,tall,one black sunglasses,backward hook foot,white hair,white hair,beach,stand,short white cat tail,white thigh highs,full body"
魔导师分享,福瑞，超高质量，,"incredibly_absurdres,ray tracing,{best quality}, {{masterpiece}}, {highres}, original, extremely detailed 8K wallpaper, 1girl, {an extremely delicate and beautiful},,ray tracing,{best quality}, {{masterpiece}}, {highres}, original, extremely detailed 8K wallpaper, {an extremely delicate and beautiful},,incredibly_absurdres,colorful,intricate detail,artbook,,dynamic angle ,on bed,indoors,game cg,delicate refective and high glass guardrail board,neat figure,sweat,the creamy smooth skin,multiple girls,virgin,Dynamic hair,heavy breathing,spread legs,detail fingers,skindentation ,orgasm,heart-shaped pupils,less clothes,puffy areolae,unbuttoned clothes,cleavage,blurry,Clear picture,ray tracing,masterpiece, best quality, absurdres, kemonomimi_mode, aqua_eyes, cat_ears/nekomimi, neko, cat_pose, lolita,white hair,collar,white_thighhighs,full body,{best quality}, {{masterpiece}}, {highres}, original, extremely detailed 8K wallpaper, 1girl, {an extremely delicate and beautiful},,ray tracing,{{kneel}},Organza lace,wet cl"
魔导师分享,爱莉希雅1,"extremely detailed cg 8k wallpaper,extremely delicate and beautiful ,overexposure, highly detailed, illustration, cinematic lighting, ((beautiful face)),(original figure painting), (an extremely delicate and beautiful), cinematic highlight hair, (best quality), ((masterpiece)), original,
beautiful detailed eyes,crystal clear eyes,
beautiful_face, ultra-detailed,   looking at viewer, white gloves,  goddess,  strappy heels,
cleavage,
floating,light smile,
beautiful detailed sky,
elysia-maid,maid,
white_thighhighs,skindentation,
arms behind back ,
 <lora:elysia5in1Lora_v20:1>"
魔导师分享,金发发带裙子少女,"cherry blossoms, cloud, full moon, looking at viewer, moon, moonlight, night, night sky, outdoors, petals, blue moon, rose petals, sky, star sky, starry sky, suillustration, floating hair, chromatic aberration, caustics, lens flare, dynamic angle, portrait, 1girl, solo, cute face, hidden hands, asymmetrical bangs, beautiful detailed eyes, eye shadow, huge clocks, glass strips, floating glass fragments, colorful refraction, beautiful detailed sky, dark intense shadows, cinematic lighting, overexposure, expressionless, blank stare, big top sleeves, frills, hair ornament, ribbon, bowtie, buttons, small breasts, pleated skirt, sharp focus, masterpiece, best quality, extremely detailed, colorful, hdr，bow，collarbone，collared shirt，capelet,skirt,zettai ryouiki,blonde hair,long hair,hair between eyes,hair ribbon,1girl,solo,medium breasts,motion lines"
魔导师分享,矩形飞天机械魔鬼鱼,"(((masterpiece))),(((best quality))),((ultra-detailed))((extremely detailed CG)),((8k_wallpaper)),((an extremely delicate and beautiful)),detailed floating huge mechanical devilfish through the clouds,on the sky,detailed cloud,science fiction,dynamics,sun,,"
魔导师分享,樱花女孩,"1girl, solo, ribbon, sideboob, detached sleeves, hakurei reimu, closed eyes, cherry blossoms, hair tubes, breasts, sidelocks, bow, long hair, sash, frilled shirt collar, neck ribbon, ponytail, petals, hair bow, wide sleeves, frills, red ribbon, hand up, frilled bow, small breasts, ribbon-trimmed sleeves, from side, bangs, brown hair, red skirt, ribbon trim, branch, long sleeves, skirt, red bow, yellow ribbon, bare shoulders, upper body, flower, profile, white background, wind, blush, obi, shiny hair, floating hair, shirt, half updo, pink flower, shiny, parted lips, hair ribbon, closed mouth, medium breasts, outdoors, japanese clothes, red shirt, adapted costume, arm ribbon, yellow bow, sleeveless, standing, skirt set, armpits"
魔导师分享,第一个魔咒,"{{{masterpiece, best quality, illustration,game_cg}}} 1girl, beautiful detailed eyes, cinematic lighting,very long  hair and silver hair,pink_eyes,pointy_ears,{{{oppai-loli,slim_waist,skinny}}},naughty_face,hair_ribbon,spring,twintails,standing,see-through_summer_dress,bed,window,lace,dancing,see-through_white_stocking,slim_legs,"
魔导师分享,立绘风格海边泳装兽耳萝莉（正面）,"(masterpiece:1.3), (the best quality:1.2), (super fine illustrations:1.2), (Masterpiece), high quality, high detail, sunlight, god rays, (SOLO:1.4),((round image)),


masterpiece, best quality, extremely detailed, detailed, art of light novel cover,highres, [(white background:1.5)::5], [(game character portrait:1.5):5], [((beach):1.3):5], [((shore):1.5):5], sea,


(1 girl), (solo),  (full body:1.3),  look at viewer, (hairflower:1.2), loli,animal ears, blue eyes, hair ornament,  wet, cute face, (long hair:1.3), (white hair:1.2), star in eye, small chest,(strapless:1.4), (tankini:1.5), necklace, (bare legs:1.2), , nsfw, (bikini skirt:1.3), (bare foot:1.2),single ankle strap, (standing :1.1),"
魔导师分享,立绘风格海边泳装兽耳萝莉（负面）,"nsfw,((cowboy)),(((pubic))), ((((pubic_hair))))sketch, duplicate, ugly, huge eyes, text, logo, monochrome, worst face, (bad and mutated hands:1.3), (worst quality:2.0), (low quality:2.0), (blurry:2.0), horror, geometry, bad_prompt, (bad hands), (missing fingers), multiple limbs, bad anatomy, (interlocked fingers:1.2), Ugly Fingers, (extra digit and hands and fingers and legs and arms:1.4), crown braid, ((2girl)), (deformed fingers:1.2), (long fingers:1.2),succubus wings,horn,succubus horn,succubus hairstyle, (bad-artist-anime), bad-artist, bad hand, borrowed character, text focus, watermark, sample watermark, character watermark, lofter username, photo date watermark, movie poster, magazine cover, journal, cover, cover page, doujin cover, album cover, manga cover, brand name imitation,"
魔导师分享,白丝涩涩,"ray tracing,{best quality}, {{masterpiece}}, {highres}, original, extremely detailed 8K wallpaper, {an extremely delicate and beautiful},,incredibly_absurdres,colorful,intricate detail,artbook,,highly detailed,{best quality}, {{masterpiece}}, {highres}, original, extremely detailed 8K wallpaper,masterpiece, best quality, illustration, beautifully detailed eyes,  cinematic lighting,pov crotch,top-down_bottom-up,(very long hair)，long hair to the ground,Silver hair,looking back,open mouth,beautiful_face,naughty_face,tongue,drooling,Open mouth indicating flustered,heart-shaped_pupils,Delicate muscle lines,shiny skin,the creamy smooth skin,pantyhose pull,tail insertion,bell collar,areola_slip,papilla,conjoined white silk,white pantyhose,pantyhose pull,"
魔导师分享,百合大法好,"heart ahoge, breasts, japanese clothes, multiple girls, kimono, 3girls, long hair, nipples, heart, red eyes, hair ornament, brown hair, ahoge, blonde hair, mask, oil-paper umbrella, umbrella, very long hair, fox mask, on back, sash, obi, black kimono, bangs, holding, lying, large breasts, ribbon, bow, hair bow, blush, looking at viewer, two side up, choker, white hair, brown eyes, floral print, off shoulder, closed mouth, flower, x hair ornament, hair ribbon, collarbone, holding hands, bare shoulders, print kimono, medium breasts, hair flower, hair between eyes, sandals, pink kimono, smile, wide sleeves, parted lips, cleavage, holding mask, black choker, yuri, ball, long sleeves, short kimono"
魔导师分享,自配的百合,"masterpiece, best quality, beautiful hands,masterpiece, ((best quality)),highly detailed,
2girls,pov,full body,incredibly_absurdres,ray tracing,{best quality}, {{masterpiece}}, {highres}, original, extremely detailed 8K wallpaper, {an extremely delicate and beautiful},,incredibly_absurdres,colorful,intricate detail,artbook,,dynamic angle ,floating sakura,chinese style architecture,game cg,photo (medium) ,Perfect female body,yuri,cat girl,ahoge,brown_hair,brown_eyes,looking at another,seductive smile ,French kiss, proper kiss,interlocked fingers,tail between legs,anklet,beautiful detailed eyes,heterochromia golden red,half-closed eyes,less clothes,lolita gothic,white pantyhose,geta,ribbon,neck ribbon,tail,garter,areola_slip,papilla,"
魔导师分享,风骚御姐,"slingshot swimsuit,fine fabric emphasis,lovely,classroom,neat figure,slender waist,long hair,black_hair/black_eyes,licking lips,seductive smile ,sitting on the ground,handjob gesture,slim legs,bikini,coat,navel,low-waist pants,jeans,uwabaki,cleavage,,multiple views,full body,intense angle ,blonde_hair,thigh gap,big ass,unbuttoned clothes,papilla,"
魔导师分享,两个白发修女屁股对着你,"ass focus,looking at viewer,(from side:1.2),( head tilt:1.65),(leaning_back:1.25),full body,cinematic angle ,lovely,classroom,realistic,photo (medium) ,((2girls)),looking at viewer,squatting,ahegao,heart-shaped_pupils,white_thighhighs,maid headdress,(white_hair/blue_eyes),ray tracing,masterpiece,no underwear,seductive smile ,areola_slip,loli,one girl,domineering lady, nun,"
魔导师分享,黑发蓝眼妹子,"nature,lolita fashion,blue_eyes,black hair,wariza,off-shoulder sweater,microskirt,underpants,ribbon-trimmed_legwear,no shoe,lace-trimmed_gloves,sideboob,"
魔导师分享,福 瑞 控 狂 喜,"((kemono)),cat girl,young girl,((furry,pokemon,no humans)),((White fur)),white_hair,pink_eyes,extremely detailed CG unity 8k wallpaper,Cyberpunk,science fiction,pixiv id,tachie,flat_chest,no clothes"
魔导师分享,巫女服初音,"masterpiece, best quality, detailed, 1girl, petals, open eyes, smile, closed mouth, solo, clouds, looking at viewer, Calm, Slight smile, v, hatsune miku,(8k_Wallpaper:1.16), (ultra-detailed:1.1), (Illustration:1.16), (cinematic light:1.1), chromatic aberration,masterpiece, best quality, (Hatsune Miku:1.1), (Hair ornaments:1.16), (Masterpiece:1.28), (best quality:1.1), (illustration:1.1), (1girl:1.16),upper body,colorful,Miko clothing,dynamic angle ,straight-on,"
魔导师分享,tifa(蒂法),"tifa,NSFW,azur lane,meticulous painting,grayu,girl on top,Perfect female body,straddling,{{{masterpiece}}},{extremely detailed CG unity 8k wallpaper},best quality,Amazing,finely detail,solo,cinematic lighting,close-up,{{floating hair}},{{Sakura}},outdoors,sky,{{wind}},detailed background,beautiful detailed eyes,bright pupils,{{full body}},figure four sitting,linea alba,Delicate muscle lines,looking at viewer,areola_slip,sideboob,papilla,skindentation,rope,dynamic pose,sitting on bed"
魔导师分享,蓝发金瞳礼服小狐狸,"colorful startrails,ahoge,fox_ears,fox tail,blue hair, yellow eyes, solo,loli,looking to the side,arms behind back ,skindentation,torogao,[see-through:evening dress:0.3],white stocking,High heeled gift shoes,ribbon,
"
魔导师分享,Single ponytail swimsuit ,"cat ears, cat tail, cat legs,
(masterpiece, top quality, official art, beautiful and aesthetic:1.2),best quality,highly detailed,masterpiece,ultra-detailed,extremely detailed,huge_filesize,finely detail,highest detailed,8k,detailed hand, 5fingers,solo focus,
((masterpiece)),best quality,extremely detailed,1girl,loli,(naughty_face),[naughty],eyeball,open_mouth,smile,evil smile,[fang],grey hair, animal ear fluff,short ponytail,(open hand),blue eyes, head tilt,stretching,wariza, contour deepening, high contrast,string bikini,
tan,(solo), small breasts,intense angle,"
魔导师分享,粉色主题猫耳少女,"bare shoulders, collarbone, pleated skirt, bottomless, g-string, kneeling, pink hair, long hair, headphones, female solo, cat ears, breast grab, medium breasts, choker, boots, pink thighhighs, bokeh, uncensored, cover, head out of frame, pink theme, petals"
魔导师分享,丰满贞德涩涩开腿,"incredibly_absurdres,bathroom,realistic,Perfect female body,hair pulled back,puffy areolae,NSFW,thigh gap,legs over head,mature female,the creamy smooth skin,multiple girls,spread legs,big ass,ahegao,fucked silly,exquisite,hand on cortch,1girl,bitch,{{masterpiece}},best quality,extremely detailed CG unity 8k wallpaper,{extremely detailed cg}, 1girl, jeanne d'arc (ruler) (fate),cameltoe,shighleg leotard,elbow_gloves,(((masterpiece))),(((best quality))),((ultra-detailed))((extremely detailed CG)),((8k_wallpaper))((an extremely delicate and beautiful)),{photorealistic},full body, {realistic},burning,detailed light,bloom,"
魔导师分享,街边透明雨衣(sese版),"nsfw,from side,ray tracing,ray tracing,{best quality}, {{masterpiece}}, {highres}, original, extremely detailed 8K wallpaper, {an extremely delicate and beautiful},,incredibly_absurdres,colorful,intricate detail,artbook,raindrop,blur_background,outdoors,street,publicly exposed,realistic,virgin,solo,bob,black_hair/blue_eyes,squatting,soaked,wet,knees together feet apart,see-through,Raincoat,navel,hot underware,fine fabric emphasis,(white pantyhose),no bra,no shoes,areola_slip"
魔导师分享,黑红系女生,"areola_slip,puffy areolae,papilla,1girl, solo, hair bun, single hair bun, profile, red lips, lipstick, long sleeves, makeup, two-tone background, hand up, from side, black dress, white background, pale skin, simple background, black background, full body, detail fingers"
魔导师分享,林中的哥特白毛猫猫,"light, bright, grassland, sunshine, cat_ears,1girl, shy, small_breasts, stretch pose, bare_shoulder, gothic_lolita, chiffon dress, (barefoot:0.8), hair_ribbon, full body, depth of field, backlighting, (gothic architecture:1.1), outside, forest, lens flare,chromatic aberration, game cg, solo, petite, young girl, flat_chest, twin_braids, long hair, white_hair, blue_eyes, staring at viewer, eye contact, closed mouth, relaxing pose, adjusting hair, (blush:0.4), confused, frown, sleepy
"
魔导师分享,温柔微笑脸的修女大姐姐,"ray tracing,{best quality}, {{masterpiece}}, {highres}, original, extremely detailed 8K wallpaper, {an extremely delicate and beautiful},,incredibly_absurdres,colorful,intricate detail,artbook,,Perfect female body,depthoffield,masterpiece,Clear picture,stained glass,,1girl, nun clothes,white pantyhose,own hands clasped,pigeon-toed,beautiful detailed eyes,light smile,flat_chest,"
魔导师分享,森林的溪水,"(original:1.2), ((masterpiece)),((best quality)),official art,extremely detailed CG unity 8k wallpaper, professional artwork, cinematic lighting, cinematic bloom, intricate detail, delicate pattern,delicate background, 
cozy creek, Japanese style cozy garden with tiny stream, studio ghibli, macro shot, close-up, little, dof, depth of field, anime style artwork, illustration, macro, moss, light green, clear blue water, crystal clear, transparent water, clean, green, plants, wet, moisture, bright morning light, sun rays, lens effects,"
